id,iata,icao,type,name,lat,lon,elevation,continent,country,iso_country,municipality,scheduled,score
14025,ATL,KATL,large_airport,Hartsfield Jackson Atlanta International Airport,33.6367,-84.4281,1026,NA,United States,,Atlanta,true,2002475
32089,ORD,KORD,large_airport,Chicago O'Hare International Airport,41.9786,-87.9048,680,NA,United States,,Chicago,true,1503175
27609,LAX,KLAX,large_airport,Los Angeles International Airport,33.9425,-118.408,125,NA,United States,,Los Angeles,true,1335475
27855,LHR,EGLL,large_airport,London Heathrow Airport,51.4707,-0.4599,83,EU,United Kingdom,,London,true,1251675
17420,DFW,KDFW,large_airport,Dallas Fort Worth International Airport,32.8968,-97.038,607,NA,United States,,Dallas-Fort Worth,true,1203175
22873,HND,RJTT,large_airport,Tokyo Haneda International Airport,35.5497,139.787,35,AS,Japan,,Tokyo,true,1168475
20422,FRA,EDDF,large_airport,Frankfurt Main Airport,50.0267,8.5584,364,EU,Germany,,Frankfurt am Main,true,1144675
16036,CDG,LFPG,large_airport,Charles de Gaulle International Airport,49.009,2.5541,392,EU,France,,"Paris (Roissy-en-France, Val-d'Oise)",true,1127475
36852,SFO,KSFO,large_airport,San Francisco International Airport,37.6198,-122.3748,13,NA,United States,,San Francisco,true,1112475
17375,DEN,KDEN,large_airport,Denver International Airport,39.86,-104.6738,5431,NA,United States,,Denver,true,1103275
13780,AMS,EHAM,large_airport,Amsterdam Airport Schiphol,52.3086,4.7639,-11,EU,Netherlands,,Amsterdam,true,1093275
29545,MSP,KMSP,large_airport,Minneapolis–Saint Paul International Airport / Wold–Chamberlain Field,44.8801,-93.2217,841,NA,United States,,Minneapolis,true,1085275
17924,DTW,KDTW,large_airport,Detroit Metropolitan Wayne County Airport,42.2138,-83.3538,645,NA,United States,,Detroit,true,1079375
29170,MIA,KMIA,large_airport,Miami International Airport,25.796,-80.2898,8,NA,United States,,Miami,true,1073075
27604,LAS,KLAS,large_airport,Harry Reid International Airport,36.0834,-115.1518,2181,NA,United States,,Las Vegas,true,1068475
19323,EWR,KEWR,large_airport,Newark Liberty International Airport,40.6894,-74.1705,18,NA,United States,,Newark,true,1064475
33045,PHX,KPHX,large_airport,Phoenix Sky Harbor International Airport,33.4353,-112.0059,1135,NA,United States,,Phoenix,true,1060875
23705,IAH,KIAH,large_airport,George Bush Intercontinental Airport,29.9844,-95.3414,97,NA,United States,,Houston,true,1055675
25184,JFK,KJFK,large_airport,John F. Kennedy International Airport,40.6394,-73.7793,13,NA,United States,,New York,true,1052075
27824,LGW,EGKK,large_airport,London Gatwick Airport,51.1487,-0.1857,202,EU,United Kingdom,,London,true,1049275
37353,STL,KSTL,large_airport,St. Louis Lambert International Airport,38.7487,-90.37,618,NA,United States,,St Louis,true,1047075
22768,HKG,VHHH,large_airport,Hong Kong International Airport,22.3118,113.9149,28,AS,Hong Kong,,Hong Kong,true,1044675
28968,MCO,KMCO,large_airport,Orlando International Airport,28.4294,-81.309,96,NA,United States,,Orlando,true,1044075
28885,MAD,LEMD,large_airport,Adolfo Suárez Madrid–Barajas Airport,40.4934,-3.5722,1998,EU,Spain,,Madrid,true,1041675
45323,YYZ,CYYZ,large_airport,Toronto Pearson International Airport,43.6759,-79.6294,569,NA,Canada,,Toronto,true,1040275
15148,BOS,KBOS,large_airport,Boston Logan International Airport,42.362,-71.0079,20,NA,United States,,Boston,true,1035875
36959,SIN,WSSS,large_airport,Singapore Changi Airport,1.3502,103.994,22,AS,Singapore,,Singapore,true,1034575
30809,NRT,RJAA,large_airport,Narita International Airport,35.7686,140.3887,141,AS,Japan,,Narita,true,1033675
32110,ORY,LFPO,large_airport,Paris-Orly Airport,48.7295,2.359,291,EU,France,,"Paris (Orly, Val-de-Marne)",true,1032775
19896,FCO,LIRF,large_airport,Rome–Fiumicino Leonardo da Vinci International Airport,41.8045,12.252,13,EU,Italy,,Rome,true,1031875
33033,PHL,KPHL,large_airport,Philadelphia International Airport,39.8719,-75.2411,36,NA,United States,,Philadelphia,true,1031075
27802,LGA,KLGA,large_airport,LaGuardia Airport,40.7772,-73.8726,21,NA,United States,,New York,true,1030575
16684,CVG,KCVG,large_airport,Cincinnati Northern Kentucky International Airport,39.0488,-84.6678,896,NA,United States,,Cincinnati / Covington,true,1029475
22881,HNL,PHNL,large_airport,Daniel K. Inouye International Airport,21.3184,-157.9257,13,OC,United States,,"Honolulu, Oahu",true,1029375
16337,CLT,KCLT,large_airport,Charlotte Douglas International Airport,35.214,-80.9431,748,NA,United States,,Charlotte,true,1028075
37525,SYD,YSSY,large_airport,Sydney Kingsford Smith International Airport,-33.9461,151.177,21,OC,Australia,,Sydney (Mascot),true,1027975
29604,MUC,EDDM,large_airport,Munich Airport,48.3538,11.7861,1487,EU,Germany,,Munich,true,1026675
46349,ZRH,LSZH,large_airport,Zürich Airport,47.4581,8.5481,1417,EU,Switzerland,,Zurich,true,1025475
29049,MEX,MMMX,large_airport,Mexico City Benito Juárez International Airport,19.4358,-99.0703,7316,NA,Mexico,,Mexico City,true,1025275
37056,SLC,KSLC,large_airport,Salt Lake City International Airport,40.7889,-111.9799,4227,NA,United States,,Salt Lake City,true,1025075
15258,BRU,EBBR,large_airport,Brussels Airport,50.9014,4.4844,175,EU,Belgium,,Zaventem,true,1024675
23701,IAD,KIAD,large_airport,Washington Dulles International Airport,38.9445,-77.4558,312,NA,United States,,Dulles,true,1023875
26601,KIX,RJBB,large_airport,Kansai International Airport,34.4273,135.244,26,AS,Japan,,Osaka,true,1023275
20540,FUK,RJFF,large_airport,Fukuoka Airport,33.5859,130.451,32,AS,Japan,,Fukuoka,true,1022275
33077,PIT,KPIT,large_airport,Pittsburgh International Airport,40.4915,-80.2329,1203,NA,United States,,Pittsburgh,true,1021875
32924,PEK,ZBAA,large_airport,Beijing Capital International Airport,40.0773,116.5967,116,AS,China,,Beijing,true,1021575
16624,CTS,RJCC,large_airport,New Chitose Airport,42.7748,141.6904,82,AS,Japan,,Sapporo,true,1021475
15426,BWI,KBWI,large_airport,Baltimore/Washington International Thurgood Marshall Airport,39.1754,-76.6683,146,NA,United States,,Baltimore,true,1021075
14711,BCN,LEBL,large_airport,Josep Tarradellas Barcelona-El Prat Airport,41.2971,2.0785,12,EU,Spain,,Barcelona,true,1020675
28895,MAN,EGCC,large_airport,Manchester Airport,53.3494,-2.2795,257,EU,United Kingdom,,"Manchester, Greater Manchester",true,1020475
16469,CPH,EKCH,large_airport,Copenhagen Kastrup Airport,55.6179,12.656,17,EU,Denmark,,Copenhagen,true,1020075
13955,ARN,ESSA,large_airport,Stockholm-Arlanda Airport,59.6485,17.9288,137,EU,Sweden,,Stockholm,true,1019975
29725,MXP,LIMC,large_airport,Milan Malpensa International Airport,45.6306,8.7281,768,EU,Italy,,Ferno (VA),true,1019475
45207,YVR,CYVR,large_airport,Vancouver International Airport,49.1939,-123.184,14,NA,Canada,,Vancouver,true,1018875
38498,TPE,RCTP,large_airport,Taiwan Taoyuan International Airport,25.0777,121.233,106,AS,Taiwan,,Taoyuan,true,1018675
17956,DUS,EDDL,large_airport,Düsseldorf Airport,51.2895,6.7668,147,EU,Germany,,Düsseldorf,true,1017675
27021,KUL,WMKK,large_airport,Kuala Lumpur International Airport,2.7456,101.71,69,AS,Malaysia,,Sepang,true,1017575
38494,TPA,KTPA,large_airport,Tampa International Airport,27.9755,-82.5332,26,NA,United States,,Tampa,true,1017475
36671,SAN,KSAN,large_airport,San Diego International Airport,32.7336,-117.19,17,NA,United States,,San Diego,true,1017175
21738,GRU,SBGR,large_airport,São Paulo/Guarulhos–Governor André Franco Montoro International Airport,-23.4313,-46.47,2461,SA,Brazil,,São Paulo,true,1016675
17290,DCA,KDCA,large_airport,Ronald Reagan Washington National Airport,38.8521,-77.0377,15,NA,United States,,Washington,true,1016175
36910,SHA,ZSSS,large_airport,Shanghai Hongqiao International Airport,31.1981,121.3343,10,AS,China,,Shanghai (Minhang),true,1016175
29037,MEL,YMML,large_airport,Melbourne Airport,-37.6707,144.8379,434,OC,Australia,,Melbourne,true,1016075
16322,CLE,KCLE,large_airport,Cleveland Hopkins International Airport,41.4117,-81.8498,791,NA,United States,,Cleveland,true,1015875
32901,PDX,KPDX,large_airport,Portland International Airport,45.5887,-122.598,31,NA,United States,,Portland,true,1015775
32133,OSL,ENGM,large_airport,Oslo-Gardermoen International Airport,60.1939,11.1004,681,EU,Norway,,Oslo (Gardermoen),true,1015675
29012,MDW,KMDW,large_airport,Chicago Midway International Airport,41.786,-87.7524,620,NA,United States,,Chicago,true,1015475
20217,FLL,KFLL,large_airport,Fort Lauderdale Hollywood International Airport,26.0726,-80.1527,9,NA,United States,,Fort Lauderdale,true,1015275
28962,MCI,KMCI,large_airport,Kansas City International Airport,39.3017,-94.7139,1026,NA,United States,,Kansas City,true,1015075
17939,DUB,EIDW,large_airport,Dublin Airport,53.4287,-6.2621,242,EU,Ireland,,Dublin,true,1014475
29038,MEM,KMEM,large_airport,Memphis International Airport,35.0438,-89.9763,341,NA,United States,,Memphis,true,1014475
15142,BOM,VABB,large_airport,Chhatrapati Shivaji Maharaj International Airport,19.0887,72.8679,39,AS,India,,Mumbai,true,1014475
29361,MNL,RPLL,large_airport,Ninoy Aquino International Airport,14.5086,121.02,75,AS,Philippines,,Manila (Pasay),true,1014275
40838,VIE,LOWW,large_airport,Vienna International Airport,48.1103,16.5697,600,EU,Austria,,Vienna,true,1013675
18047,DXB,OMDB,large_airport,Dubai International Airport,25.2498,55.371,62,AS,United Arab Emirates,,Dubai,true,1013675
15098,BNE,YBBN,large_airport,Brisbane International Airport,-27.3842,153.117,13,OC,Australia,,Brisbane,true,1013175
26549,KHH,RCKH,large_airport,Kaohsiung International Airport,22.5771,120.35,31,AS,Taiwan,,Kaohsiung (Xiaogang),true,1013175
25141,JED,OEJN,large_airport,King Abdulaziz International Airport,21.6802,39.1574,48,AS,Saudi Arabia,,Jeddah,true,1013075
30408,NGO,RJGG,large_airport,Chubu Centrair International Airport,34.8584,136.805,15,AS,Japan,,Tokoname,true,1012875
37428,SVO,UUEE,large_airport,Sheremetyevo International Airport,55.9769,37.4112,622,EU,Russia,,Moscow,true,1012675
29554,MSY,KMSY,large_airport,Louis Armstrong New Orleans International Airport,29.9934,-90.2647,4,NA,United States,,New Orleans,true,1012575
22414,HAM,EDDH,large_airport,Hamburg Helmut Schmidt Airport,53.6304,9.9882,53,EU,Germany,,Hamburg,true,1012575
31484,OAK,KOAK,large_airport,San Francisco Bay Oakland International Airport,37.7201,-122.2212,9,NA,United States,,Oakland,true,1012475
37355,STN,EGSS,large_airport,London Stansted Airport,51.885,0.235,348,EU,United Kingdom,,"London, Essex",true,1012275
37002,SJU,TJSJ,large_airport,Luis Munoz Marin International Airport,18.4394,-66.0018,9,NA,Puerto Rico,,San Juan,true,1012275
28126,LPA,GCLP,large_airport,Gran Canaria Airport,27.9319,-15.3866,78,AF,Spain,,Gran Canaria Island,true,1012275
35490,RDU,KRDU,large_airport,Raleigh-Durham International Airport,35.8787,-78.7873,435,NA,United States,,Raleigh/Durham,true,1011675
27892,LIS,LPPT,large_airport,Lisbon Humberto Delgado Airport,38.7813,-9.1359,374,EU,Portugal,,Lisbon,true,1011275
38371,TLV,LLBG,large_airport,Ben Gurion International Airport,32.0114,34.8867,135,AS,Israel,,Tel Aviv,true,1011275
38152,TFS,GCTS,large_airport,Tenerife Sur Airport,28.0445,-16.5725,209,AF,Spain,,Tenerife,true,1010675
15094,BNA,KBNA,large_airport,Nashville International Airport,36.1245,-86.6782,599,NA,United States,,Nashville,true,52075
24169,IND,KIND,large_airport,Indianapolis International Airport,39.7173,-86.2944,797,NA,United States,,Indianapolis,true,52075
45165,YUL,CYUL,large_airport,Montreal / Pierre Elliott Trudeau International Airport,45.4678,-73.7423,118,NA,Canada,,Montréal,true,51875
22557,HEL,EFHK,large_airport,Helsinki Vantaa Airport,60.3184,24.9633,179,EU,Finland,,Helsinki (Vantaa),true,51875
14068,AUS,KAUS,large_airport,Austin Bergstrom International Airport,30.1975,-97.662,542,NA,United States,,Austin,true,51675
15349,BUD,LHBP,large_airport,Budapest Liszt Ferenc International Airport,47.4302,19.2624,495,EU,Hungary,,Budapest,true,51675
23783,ICN,RKSI,large_airport,Incheon International Airport,37.4691,126.451,23,AS,South Korea,,Seoul,true,51675
15930,CAI,HECA,large_airport,Cairo International Airport,30.1115,31.3967,322,AF,Egypt,,Cairo,true,51675
21553,GMP,RKSS,large_airport,Gimpo International Airport,37.5583,126.791,59,AS,South Korea,,Seoul,true,51675
14021,ATH,LGAV,large_airport,Athens Eleftherios Venizelos International Airport,37.9364,23.9445,308,EU,Greece,,Spata-Artemida,true,51600
16148,CGK,WIII,large_airport,Soekarno-Hatta International Airport,-6.1256,106.656,34,AS,Indonesia,,Jakarta,true,51600
36089,RUH,OERK,large_airport,King Khalid International Airport,24.9576,46.6988,2049,AS,Saudi Arabia,,Riyadh,true,51600
15935,CAN,ZGGG,large_airport,Guangzhou Baiyun International Airport,23.3924,113.299,50,AS,China,,Guangzhou (Huadu),true,51575
33388,PRG,LKPR,large_airport,Václav Havel Airport Prague,50.1009,14.2599,1247,EU,Czech Republic,,Prague,true,51475
30254,NCE,LFMN,large_airport,Nice-Côte d'Azur Airport,43.6584,7.2159,12,EU,France,,"Nice, Alpes-Maritimes",true,51475
17373,DEL,VIDP,large_airport,Indira Gandhi International Airport,28.5556,77.0952,777,AS,India,,New Delhi,true,51475
16151,CGN,EDDK,large_airport,Cologne Bonn Airport,50.8659,7.1427,302,EU,Germany,,Köln (Cologne),true,51475
13701,AKL,NZAA,large_airport,Auckland International Airport,-37.012,174.7863,23,OC,New Zealand,,Auckland,true,51475
37095,SMF,KSMF,large_airport,Sacramento International Airport,38.6954,-121.591,27,NA,United States,,Sacramento,true,51475
21400,GIG,SBGL,large_airport,Rio Galeão – Tom Jobim International Airport,-22.81,-43.2506,28,SA,Brazil,,Rio De Janeiro,true,51475
32931,PER,YPPH,large_airport,Perth International Airport,-31.9403,115.967,67,OC,Australia,,Perth,true,51375
18630,EDI,EGPH,large_airport,Edinburgh Airport,55.9501,-3.3723,135,EU,United Kingdom,,Edinburgh,true,51275
21862,GVA,LSGG,large_airport,Geneva International Airport,46.2381,6.109,1411,EU,Switzerland,,Geneva,true,51275
45300,YYC,CYYC,large_airport,Calgary International Airport,51.1188,-114.0099,3557,NA,Canada,,Calgary,true,51275
28283,LTN,EGGW,large_airport,London Luton Airport,51.8747,-0.3683,526,EU,United Kingdom,,"Luton, Luton",true,51275
41864,WAW,EPWA,large_airport,Warsaw Chopin Airport,52.1657,20.9671,362,EU,Poland,,Warsaw,true,51275
13561,AGP,LEMG,large_airport,Málaga-Costa del Sol Airport,36.6749,-4.4991,53,EU,Spain,,Málaga,true,51275
21502,GLA,EGPF,large_airport,Glasgow Airport,55.8719,-4.4331,26,EU,United Kingdom,,Glasgow,true,51275
16481,CPT,FACT,large_airport,Cape Town International Airport,-33.974,18.6043,151,AF,South Africa,,Cape Town,true,51275
37359,STR,EDDS,large_airport,Stuttgart Airport,48.6899,9.222,1276,EU,Germany,,Stuttgart,true,51275
36887,SGN,VVTS,large_airport,Tan Son Nhat International Airport,10.8188,106.652,33,AS,Vietnam,,Ho Chi Minh City,true,51275
15136,BOG,SKBO,large_airport,El Dorado International Airport,4.7016,-74.1469,8361,SA,Colombia,,Bogota,true,51275
15275,BSB,SBBR,large_airport,Presidente Juscelino Kubitschek International Airport,-15.8692,-47.9208,3497,SA,Brazil,,Brasília,true,51275
16266,CJU,RKPC,large_airport,Jeju International Airport,33.5121,126.4925,118,AS,South Korea,,Jeju City,true,51275
33210,PMI,LEPA,large_airport,Palma de Mallorca Airport,39.5517,2.7388,27,EU,Spain,,Palma de Mallorca,true,51200
17654,DME,UUDD,large_airport,Domodedovo International Airport,55.4088,37.9063,588,EU,Russia,,Moscow,true,51200
15039,BLR,VOBL,large_airport,Kempegowda International Airport Bengaluru,13.1979,77.7063,3000,AS,India,,Bengaluru,true,51200
43450,XIY,ZLXY,large_airport,Xi'an Xianyang International Airport,34.4422,108.7624,1572,AS,China,,Xi'an,true,51200
37581,SZX,ZGSZ,large_airport,Shenzhen Bao'an International Airport,22.6395,113.8033,13,AS,China,,Shenzhen,true,51200
43583,XMN,ZSAM,large_airport,Xiamen Gaoqi International Airport,24.5439,118.1275,59,AS,China,,Xiamen,true,51200
14996,BKK,VTBS,large_airport,Suvarnabhumi Airport,13.6811,100.747,5,AS,Thailand,,Bangkok,true,51150
16655,CUN,MMUN,large_airport,Cancún International Airport,21.0408,-86.8735,22,NA,Mexico,,Cancún,true,51150
33532,PVG,ZSPD,large_airport,Shanghai Pudong International Airport,31.1434,121.805,13,AS,China,,Shanghai (Pudong),true,51150
36741,SCL,SCEL,large_airport,Comodoro Arturo Merino Benítez International Airport,-33.393,-70.7858,1555,SA,Chile,,Santiago,true,51150
36032,RSW,KRSW,large_airport,Southwest Florida International Airport,26.5347,-81.7528,30,NA,United States,,Fort Myers,true,51150
13728,ALC,LEAL,large_airport,Alicante-Elche Miguel Hernández Airport,38.2822,-0.5582,142,EU,Spain,,Alicante,true,51150
14213,AYT,LTAI,large_airport,Antalya International Airport,36.8987,30.8005,177,AS,Turkey,,Antalya,true,51150
28882,MAA,VOMM,large_airport,Chennai International Airport,12.99,80.1693,52,AS,India,,Chennai,true,51150
24394,ITM,RJOO,large_airport,Osaka Itami International Airport,34.7809,135.4408,50,AS,Japan,,Osaka,true,51150
16626,CTU,ZUUU,large_airport,Chengdu Shuangliu International Airport,30.5583,103.946,1625,AS,China,,Chengdu (Shuangliu),true,51150
26728,KMG,ZPPP,large_airport,Kunming Changshui International Airport,25.1103,102.9367,6903,AS,China,,Kunming,true,51150
37379,SUB,WARR,large_airport,Juanda International Airport,-7.3798,112.787,9,AS,Indonesia,,Surabaya,true,51150
31834,OKA,ROAH,large_airport,Naha International Airport,26.1924,127.6398,12,AS,Japan,,Naha,true,51150
14901,BHX,EGBB,large_airport,Birmingham Airport,52.4539,-1.748,327,EU,United Kingdom,,"Birmingham, West Midlands",true,50850
36771,SDF,KSDF,large_airport,Louisville Muhammad Ali International Airport,38.1706,-85.7351,501,NA,United States,,Louisville,true,1875
26439,KEF,BIKF,large_airport,Keflavik International Airport,63.985,-22.6056,171,EU,Iceland,,Reykjavík,true,1675
16361,CMH,KCMH,large_airport,John Glenn Columbus International Airport,39.998,-82.8919,815,NA,United States,,Columbus,true,1675
32173,OTP,LROP,large_airport,Bucharest Henri Coandă International Airport,44.5718,26.1033,314,EU,Romania,,Otopeni,true,1675
38368,TLS,LFBO,large_airport,Toulouse-Blagnac Airport,43.6291,1.3638,499,EU,France,,Toulouse/Blagnac,true,1675
22411,HAJ,EDDV,large_airport,Hannover Airport,52.4611,9.6851,183,EU,Germany,,Hannover,true,1675
27090,KWI,OKKK,large_airport,Kuwait International Airport,29.2245,47.9698,206,AS,Kuwait,,Kuwait City,true,1675
19163,ESB,LTAC,large_airport,Esenboğa International Airport,40.1281,32.9951,3125,AS,Turkey,,Ankara,true,1675
17662,DMM,OEDF,large_airport,King Fahd International Airport,26.4691,49.7982,72,AS,Saudi Arabia,,Ad Dammam,true,1675
29246,MKE,KMKE,large_airport,General Mitchell International Airport,42.9472,-87.8966,723,NA,United States,,Milwaukee,true,1575
36677,SAT,KSAT,large_airport,San Antonio International Airport,29.5337,-98.4698,809,NA,United States,,San Antonio,true,1475
25017,JAX,KJAX,large_airport,Jacksonville International Airport,30.4925,-81.6878,30,NA,United States,,Jacksonville,true,1475
15351,BUF,KBUF,large_airport,Buffalo Niagara International Airport,42.9405,-78.7322,728,NA,United States,,Buffalo,true,1475
13800,ANC,PANC,large_airport,Ted Stevens Anchorage International Airport,61.179,-149.9926,152,NA,United States,,Anchorage,true,1475
44584,YEG,CYEG,large_airport,Edmonton International Airport,53.3097,-113.58,2373,NA,Canada,,Edmonton,true,1475
35652,RIC,KRIC,large_airport,Richmond International Airport,37.5052,-77.3197,167,NA,United States,,Richmond,true,1475
31961,ONT,KONT,large_airport,Ontario International Airport,34.056,-117.601,944,NA,United States,,Ontario,true,1475
38685,TUL,KTUL,large_airport,Tulsa International Airport,36.1971,-95.8862,677,NA,United States,,Tulsa,true,1475
13774,AMM,OJAI,large_airport,Queen Alia International Airport,31.7226,35.9932,2395,AS,Jordan,,Amman,true,1475
37420,SVG,ENZV,large_airport,"Stavanger Airport, Sola",58.8767,5.6378,29,EU,Norway,,Stavanger,true,1475
37972,TAS,UZTT,large_airport,Tashkent International Airport,41.2579,69.2812,1417,AS,Uzbekistan,,Tashkent,true,1475
29029,MED,OEMA,large_airport,Prince Mohammad Bin Abdulaziz Airport,24.5534,39.7051,2151,AS,Saudi Arabia,,Medina,true,1475
29512,MRS,LFML,large_airport,Marseille Provence Airport,43.4381,5.2125,74,EU,France,,"Marignane, Bouches-du-Rhône",true,1375
21973,GYD,UBBB,large_airport,Heydar Aliyev International Airport,40.4728,50.0509,10,AS,Azerbaijan,,Baku,true,1375
19418,EZE,SAEZ,large_airport,Ezeiza International Airport - Ministro Pistarini,-34.8222,-58.5358,67,SA,Argentina,,Buenos Aires (Ezeiza),true,1275
44960,YOW,CYOW,large_airport,Ottawa Macdonald-Cartier International Airport,45.3225,-75.6692,374,NA,Canada,,Ottawa,true,1275
14057,AUH,OMAA,large_airport,Zayed International Airport,24.441,54.6492,88,AS,United Arab Emirates,,Abu Dhabi,true,1275
29278,MLA,LMML,large_airport,Malta International Airport,35.8459,14.4915,300,EU,Malta,,Valletta,true,1275
32814,PBI,KPBI,large_airport,Palm Beach International Airport,26.6832,-80.0956,19,NA,United States,,West Palm Beach,true,1275
35673,RIX,EVRA,large_airport,Riga International Airport,56.9208,23.9707,36,EU,Latvia,,Riga,true,1275
14856,BGO,ENBR,large_airport,"Bergen Airport, Flesland",60.2934,5.2181,170,EU,Norway,,Bergen,true,1275
36679,SAV,KSAV,large_airport,Savannah Hilton Head International Airport,32.1266,-81.2,50,NA,United States,,Savannah,true,1275
44711,YHZ,CYHZ,large_airport,Halifax / Stanfield International Airport,44.8808,-63.5086,477,NA,Canada,,Halifax,true,1275
45232,YWG,CYWG,large_airport,Winnipeg / James Armstrong Richardson International Airport,49.91,-97.2399,783,NA,Canada,,Winnipeg,true,1275
14776,BEG,LYBE,large_airport,Belgrade Nikola Tesla Airport,44.8184,20.3091,335,EU,Serbia,,Belgrade,true,1275
37539,SYR,KSYR,large_airport,Syracuse Hancock International Airport,43.1112,-76.1063,421,NA,United States,,Syracuse,true,1275
33574,PWM,KPWM,large_airport,Portland International Jetport,43.6462,-70.3093,76,NA,United States,,Portland,true,1275
36680,SAW,LTFJ,large_airport,Istanbul Sabiha Gökçen International Airport,40.8986,29.3092,312,AS,Turkey,,"Pendik, Istanbul",true,1275
45736,ZAG,LDZA,large_airport,Zagreb Franjo Tuđman International Airport,45.7429,16.0688,353,EU,Croatia,,Velika Gorica,true,1275
30193,NAP,LIRN,large_airport,Naples International Airport,40.886,14.2908,294,EU,Italy,,Napoli,true,1275
21629,GOT,ESGG,large_airport,Göteborg Landvetter Airport,57.6628,12.2798,506,EU,Sweden,,Göteborg,true,1275
16176,CHC,NZCH,large_airport,Christchurch International Airport,-43.489,172.5321,123,OC,New Zealand,,Christchurch,true,1275
37139,SNN,EINN,large_airport,Shannon Airport,52.702,-8.9248,46,EU,Ireland,,Shannon,true,1275
18815,EIN,EHEH,large_airport,Eindhoven Airport,51.4501,5.3745,74,EU,Netherlands,,Eindhoven,true,1275
28329,LUX,ELLX,large_airport,Luxembourg-Findel International Airport,49.6268,6.2121,1234,EU,Luxembourg,,Luxembourg,true,1275
14824,BFS,EGAA,large_airport,Belfast International Airport,54.6575,-6.2158,268,EU,United Kingdom,,Belfast,true,1275
30902,NUE,EDDN,large_airport,Nuremberg Airport,49.4987,11.0781,1046,EU,Germany,,Nuremberg,true,1275
16355,CMB,VCBI,large_airport,Bandaranaike International Colombo Airport,7.1808,79.8841,30,AS,Sri Lanka,,Colombo,true,1275
41028,VNO,EYVI,large_airport,Vilnius International Airport,54.6341,25.2858,648,EU,Lithuania,,Vilnius,true,1275
37024,SKG,LGTS,large_airport,Thessaloniki Macedonia International Airport,40.5193,22.97,22,EU,Greece,,Thessaloniki,true,1275
28973,MCT,OOMS,large_airport,Muscat International Airport,23.6002,58.2853,48,AS,Oman,,Muscat/Seeb,true,1275
38687,TUN,DTTA,large_airport,Tunis Carthage International Airport,36.851,10.2272,22,AF,Tunisia,,Tunis,true,1275
38569,TRD,ENVA,large_airport,"Trondheim Airport, Værnes",63.4578,10.924,56,EU,Norway,,Trondheim,true,1275
36839,SFB,KSFB,large_airport,Orlando Sanford International Airport,28.7743,-81.2346,55,NA,United States,,Orlando,true,1275
15133,BOD,LFBD,large_airport,Bordeaux–Mérignac Airport,44.8287,-0.7154,162,EU,France,,Bordeaux,true,1275
33216,PMO,LICJ,large_airport,Falcone–Borsellino Airport,38.176,13.091,65,EU,Italy,,Palermo,true,1275
15033,BLL,EKBI,large_airport,Billund Airport,55.7403,9.157,247,EU,Denmark,,Billund,true,1275
15328,BTS,LZIB,large_airport,M. R. Štefánik Airport,48.1702,17.2127,436,EU,Slovakia,,Bratislava,true,1275
14633,BAH,OBBI,large_airport,Bahrain International Airport,26.2673,50.6376,6,AS,Bahrain,,Manama,true,1275
21225,GDL,MMGL,large_airport,Guadalajara International Airport,20.5233,-103.3101,5016,NA,Mexico,,Guadalajara,true,1275
13439,ADB,LTBJ,large_airport,Adnan Menderes International Airport,38.2924,27.157,412,AS,Turkey,,Gaziemir,true,1275
42244,WLG,NZWN,large_airport,Wellington International Airport,-41.3268,174.8069,41,OC,New Zealand,,Wellington,true,1275
29641,MVD,SUMU,large_airport,Carrasco General Cesáreo L. Berisso International Airport,-34.8356,-56.0265,105,SA,Uruguay,,Ciudad de la Costa,true,1275
16067,CEB,RPVM,large_airport,Mactan Cebu International Airport,10.3093,123.9797,31,AS,Philippines,,Cebu City/Lapu-Lapu City,true,1275
36746,SCQ,LEST,large_airport,Santiago-Rosalía de Castro Airport,42.8963,-8.4151,1213,EU,Spain,,Santiago de Compostela,true,1275
27739,LEJ,EDDP,large_airport,Leipzig/Halle Airport,51.4207,12.2327,465,EU,Germany,,Schkeuditz,true,1275
13726,ALA,UAAA,large_airport,Almaty International Airport,43.3543,77.0428,2234,AS,Kazakhstan,,Almaty,true,1275
14971,BJV,LTFE,large_airport,Milas Bodrum International Airport,37.2493,27.664,21,AS,Turkey,,Bodrum,true,1275
28108,LOS,DNMM,large_airport,Murtala Muhammed International Airport,6.5774,3.3212,135,AF,Nigeria,,Lagos,true,1275
33508,PUS,RKPK,large_airport,Gimhae International Airport,35.1795,128.938,6,AS,South Korea,,Busan,true,1275
30779,NQZ,UACC,large_airport,Nursultan Nazarbayev International Airport,51.027,71.4671,1165,AS,Kazakhstan,,Astana,true,1275
15299,BSZ,UCFM,large_airport,Manas International Airport,43.0613,74.4776,2058,AS,Kyrgyzstan,,Bishkek,true,1275
15431,BWN,WBSB,large_airport,Brunei International Airport,4.9442,114.928,73,AS,Brunei,,Bandar Seri Begawan,true,1275
13732,ALG,DAAG,large_airport,Houari Boumediene Airport,36.6939,3.2145,82,AF,Algeria,,Algiers,true,1275
13387,ABV,DNAA,large_airport,Nnamdi Azikiwe International Airport,9.0068,7.2632,1123,AF,Nigeria,,Abuja,true,1275
39796,UPG,WAAA,large_airport,Sultan Hasanuddin International Airport,-5.0755,119.5537,47,AS,Indonesia,,Makassar,true,1275
33286,POM,AYPY,large_airport,Port Moresby Jacksons International Airport,-9.4434,147.22,146,OC,Papua New Guinea,,Port Moresby,true,1275
17988,DVO,RPMD,large_airport,Francisco Bangoy International Airport,7.1255,125.646,96,AS,Philippines,,Davao,true,1275
17776,DPS,WADD,large_airport,Denpasar I Gusti Ngurah Rai International Airport,-8.7484,115.1671,14,AS,Indonesia,,"Kuta, Badung",true,1200
22563,HER,LGIR,large_airport,Heraklion International Nikos Kazantzakis Airport,35.3397,25.1803,115,EU,Greece,,Heraklion,true,1200
30228,NBO,HKJK,large_airport,Jomo Kenyatta International Airport,-1.3189,36.9282,5330,AF,Kenya,,Nairobi,true,1200
15038,BLQ,LIPE,large_airport,Bologna Guglielmo Marconi Airport,44.5354,11.2887,123,EU,Italy,,Bologna,true,1200
27658,LCA,LCLK,large_airport,Larnaca International Airport,34.8751,33.6249,8,AS,Cyprus,,Larnaca,true,1200
33418,PSA,LIRP,large_airport,Pisa International Airport,43.6839,10.3927,6,EU,Italy,,Pisa (PI),true,1200
22423,HAV,MUHA,large_airport,José Martí International Airport,22.9892,-82.4091,210,NA,Cuba,,Havana,true,1200
27733,LED,ULLI,large_airport,Pulkovo Airport,59.8003,30.2625,78,EU,Russia,,St. Petersburg,true,1200
16367,CMN,GMMN,large_airport,Mohammed V International Airport,33.3675,-7.59,656,AF,Morocco,,Casablanca,true,1200
38579,TRN,LIMF,large_airport,Turin Airport,45.2008,7.6496,989,EU,Italy,,Caselle Torinese (TO),true,1200
23269,HYD,VOHS,large_airport,Rajiv Gandhi International Airport,17.2313,78.4299,2024,AS,India,,Hyderabad,true,1200
16014,CCU,VECC,large_airport,Netaji Subhash Chandra Bose International Airport,22.654,88.4476,16,AS,India,,Kolkata,true,1200
21190,GCM,MWCR,large_airport,Owen Roberts International Airport,19.2928,-81.3577,8,NA,Cayman Islands,,George Town,true,1200
41158,VRA,MUVR,large_airport,Juan Gualberto Gomez International Airport,23.0344,-81.4353,210,NA,Cuba,,Matanzas,true,1200
24058,IKA,OIIE,large_airport,Imam Khomeini International Airport,35.4161,51.1522,3305,AS,Iran,,Tehran,true,1200
19283,EVN,UDYZ,large_airport,Zvartnots International Airport,40.1489,44.3979,2838,AS,Armenia,,Yerevan,true,1200
16395,CNF,SBCF,large_airport,Tancredo Neves International Airport,-19.6357,-43.9669,2721,SA,Brazil,,Belo Horizonte,true,1200
38223,THR,OIII,large_airport,Mehrabad International Airport,35.6892,51.3144,3962,AS,Iran,,Tehran,true,1200
13491,AER,URSS,large_airport,Sochi International Airport,43.4499,39.9566,89,EU,Russia,,Sochi,true,1200
28392,LWO,UKLL,large_airport,Lviv International Airport,49.8125,23.9561,1071,EU,Ukraine,,Lviv,true,1200
37547,SYZ,OISS,large_airport,Shiraz Shahid Dastghaib International Airport,29.5392,52.5898,4927,AS,Iran,,Shiraz,true,1200
29137,MHD,OIMM,large_airport,Mashhad International Airport,36.2348,59.6429,3263,AS,Iran,,Mashhad,true,1200
20316,FOC,ZSFZ,large_airport,Fuzhou Changle International Airport,25.9293,119.6725,46,AS,China,,Fuzhou (Changle),true,1200
30652,NNG,ZGNN,large_airport,Nanning Wuxu International Airport,22.5981,108.1819,421,AS,China,,Nanning (Jiangnan),true,1200
32028,OPO,LPPR,large_airport,Francisco de Sá Carneiro Airport,41.2481,-8.6814,228,EU,Portugal,,Porto,true,1150
26912,KRK,EPKK,large_airport,Kraków John Paul II International Airport,50.0777,19.7848,791,EU,Poland,,Balice,true,1150
19824,FAO,LPFR,large_airport,Faro - Gago Coutinho International Airport,37.0159,-7.9709,24,EU,Portugal,,Faro,true,1150
22415,HAN,VVNB,large_airport,Noi Bai International Airport,21.2212,105.807,39,AS,Vietnam,,Hanoi (Soc Son),true,1150
38361,TLL,EETN,large_airport,Lennart Meri Tallinn Airport,59.4132,24.8326,131,EU,Estonia,,Tallinn,true,1150
37167,SOF,LBSF,large_airport,Sofia Airport,42.6964,23.4177,1742,EU,Bulgaria,,Sofia,true,1150
33543,PVR,MMPR,large_airport,Puerto Vallarta International Airport,20.6799,-105.2544,23,NA,Mexico,,Puerto Vallarta,true,1150
36985,SJD,MMSD,large_airport,Los Cabos International Airport,23.1519,-109.7207,374,NA,Mexico,,San José del Cabo,true,1150
21227,GDN,EPGD,large_airport,Gdańsk Lech Wałęsa Airport,54.3776,18.4662,489,EU,Poland,,Gdańsk,true,1150
23020,HRG,HEGN,large_airport,Hurghada International Airport,27.1768,33.7967,32,AF,Egypt,,Hurghada,true,1150
33245,PNH,VDPP,large_airport,Phnom Penh International Airport,11.5472,104.8447,40,AS,Cambodia,,Phnom Penh (Pou Senchey),true,1150
38173,TGD,LYPG,large_airport,Podgorica Airport / Podgorica Golubovci Airbase,42.3594,19.2519,141,EU,Montenegro,,Podgorica,true,1150
15139,BOJ,LBBG,large_airport,Burgas Airport,42.5699,27.5152,135,EU,Bulgaria,,Burgas,true,1150
29074,MFM,VMMC,large_airport,Macau International Airport,22.1496,113.592,20,AS,Macau,,Nossa Senhora do Carmo,true,1150
38251,TIJ,MMTJ,large_airport,General Abelardo L. Rodriguez International Airport,32.541,-116.97,489,NA,Mexico,,Tijuana,true,1150
29546,MSQ,UMMS,large_airport,Minsk National Airport,53.8881,28.04,670,EU,Belarus,,Minsk,true,1150
40563,VAR,LBWN,large_airport,Varna Airport,43.2321,27.8251,230,EU,Bulgaria,,Varna,true,1150
20219,FLN,SBFL,large_airport,Hercílio Luz International Airport,-27.6703,-48.5525,16,SA,Brazil,,Florianópolis,true,1150
26803,KOJ,RJFK,large_airport,Kagoshima Airport,31.8034,130.719,906,AS,Japan,,Kagoshima,true,1150
14864,BGW,ORBI,large_airport,Baghdad International Airport / New Al Muthana Air Base,33.2625,44.2346,114,AS,Iraq,,Baghdad,true,1150
37437,SVX,USSS,large_airport,Koltsovo Airport,56.7431,60.8027,764,AS,Russia,,Yekaterinburg,true,1150
27015,KUF,UWWW,large_airport,Kurumoch International Airport,53.5049,50.1643,477,EU,Russia,,Samara,true,1150
39430,UFA,UWUU,large_airport,Ufa International Airport,54.5575,55.8744,449,EU,Russia,,Ufa,true,1150
17470,DHA,OEDR,large_airport,King Abdulaziz Air Base,26.2654,50.152,84,AS,Saudi Arabia,,Dhahran,true,1075
27886,LIM,SPJC,large_airport,Jorge Chávez International Airport,-12.0219,-77.1143,113,SA,Peru,,Lima,true,1050
14866,BGY,LIME,large_airport,Il Caravaggio International Airport,45.6694,9.7089,782,EU,Italy,,Orio al Serio (BG),true,1050
33529,PVD,KPVD,large_airport,Rhode Island T. F. Green International Airport,41.725,-71.4257,55,NA,United States,,Providence/Warwick,true,1050
35844,RNO,KRNO,large_airport,Reno Tahoe International Airport,39.4991,-119.768,4415,NA,United States,,Reno,true,1050
33478,PTY,MPTO,large_airport,Tocumen International Airport,9.0714,-79.3835,135,NA,Panama,,Tocumen,true,1050
22781,HKT,VTSP,large_airport,Phuket International Airport,8.1133,98.3174,82,AS,Thailand,,Phuket,true,1050
15285,BSL,LFSB,large_airport,EuroAirport Basel–Mulhouse–Freiburg,47.6007,7.5211,885,EU,France,,Bâle / Mulhouse,true,1050
30196,NAS,MYNN,large_airport,Lynden Pindling International Airport,25.039,-77.4662,16,NA,Bahamas,,Nassau,true,1050
45011,YQB,CYQB,large_airport,Quebec Jean Lesage International Airport,46.7911,-71.3933,244,NA,Canada,,Quebec,true,1050
23759,IBZ,LEIB,large_airport,Ibiza Airport,38.8729,1.3731,24,EU,Spain,,Ibiza (Eivissa),true,1050
27930,LJU,LJLJ,large_airport,Ljubljana Jože Pučnik Airport,46.2237,14.4576,1273,EU,Slovenia,,Zgornji Brnik,true,1050
16413,CNX,VTCC,large_airport,Chiang Mai International Airport,18.7668,98.9626,1036,AS,Thailand,,Chiang Mai,true,1050
16606,CTA,LICC,large_airport,Catania-Fontanarossa Airport,37.4668,15.0664,39,EU,Italy,,Catania,true,1050
13489,AEP,SABE,large_airport,Aeroparque Jorge Newbery,-34.5594,-58.4155,18,SA,Argentina,,Buenos Aires,true,1050
13406,ACE,GCRR,large_airport,César Manrique-Lanzarote Airport,28.9455,-13.6052,46,AF,Spain,,San Bartolomé,true,1050
13441,ADD,HAAB,large_airport,Addis Ababa Bole International Airport,8.9779,38.7993,7630,AF,Ethiopia,,Addis Ababa,true,1050
14050,AUA,TNCA,large_airport,Queen Beatrix International Airport,12.5011,-70.0143,60,NA,Aruba,,Oranjestad,true,1050
29282,MLE,VRMM,large_airport,Velana International Airport,4.1918,73.5291,6,AS,Maldives,,Malé,true,1050
20534,FUE,GCFV,large_airport,Fuerteventura Airport,28.4527,-13.8638,85,AF,Spain,,El Matorral,true,1050
38476,TOS,ENTC,large_airport,Tromsø Airport,69.6833,18.9189,31,EU,Norway,,Tromsø,true,1050
21826,GUA,MGGT,large_airport,La Aurora International Airport,14.5829,-90.5275,4952,NA,Guatemala,,Guatemala City,true,1050
37313,SSH,HESH,large_airport,Sharm El Sheikh International Airport,27.9773,34.3947,191,AS,Egypt,,Sharm El Sheikh,true,1050
15928,CAG,LIEE,large_airport,Cagliari Elmas Airport,39.2515,9.0543,13,EU,Italy,,Cagliari,true,1050
13404,ACC,DGAA,large_airport,Kotoka International Airport,5.6052,-0.1668,205,AF,Ghana,,Accra,true,1050
21974,GYE,SEGU,large_airport,José Joaquín de Olmedo International Airport,-2.1574,-79.8836,19,SA,Ecuador,,Guayaquil,true,1050
16659,CUR,TNCC,large_airport,Hato International Airport,12.1889,-68.9598,29,NA,Curaçao,,Willemstad,true,1050
26591,KIN,MKJP,large_airport,Norman Manley International Airport,17.9357,-76.7875,10,NA,Jamaica,,Kingston,true,1050
17235,DAR,HTDA,large_airport,Julius Nyerere International Airport,-6.8735,39.2073,182,AF,Tanzania,,Dar es Salaam,true,1050
28918,MBA,HKMO,large_airport,Moi International Airport,-4.0348,39.5942,200,AF,Kenya,,Mombasa,true,1050
37306,SSA,SBSV,large_airport,Deputado Luiz Eduardo Magalhães International Airport,-12.9086,-38.3225,64,SA,Brazil,,Salvador,true,1050
36827,SEZ,FSIA,large_airport,Seychelles International Airport,-4.6743,55.5218,10,AF,Seychelles,,Victoria,true,1050
17220,DAC,VGHS,large_airport,Hazrat Shahjalal International Airport,23.8433,90.3978,30,AS,Bangladesh,,Dhaka,true,1050
36669,SAL,MSLP,large_airport,El Salvador International Airport Saint Óscar Arnulfo Romero y Galdámez,13.4445,-89.0558,101,NA,El Salvador,,San Salvador (San Luis Talpa),true,1050
37033,SKP,LWSK,large_airport,Skopje International Airport,41.9581,21.6226,781,EU,North Macedonia,,Ilinden,true,1050
33329,PPT,NTAA,large_airport,Fa'a'ā International Airport,-17.5535,-149.6069,5,OC,French Polynesia,,Papeete,true,1050
21838,GUM,PGUM,large_airport,Antonio B. Won Pat International Airport,13.485,144.7973,298,OC,Guam,,Hagåtña,true,1050
41957,WDH,FYWH,large_airport,Hosea Kutako International Airport,-22.4799,17.4709,5640,AF,Namibia,,Windhoek,true,1050
26550,KHI,OPKC,large_airport,Jinnah International Airport,24.9065,67.1608,100,AS,Pakistan,,Karachi,true,1050
19923,FDF,TFFF,large_airport,Martinique Aimé Césaire International Airport,14.591,-61.0032,16,NA,Martinique,,Fort-de-France,true,1050
36919,SHJ,OMSJ,large_airport,Sharjah International Airport,25.3286,55.5172,111,AS,United Arab Emirates,,Sharjah,true,1050
41310,VVI,SLVR,large_airport,Viru Viru International Airport,-17.6448,-63.1354,1224,SA,Bolivia,,Santa Cruz,true,1050
22625,HGH,ZSHC,large_airport,Hangzhou Xiaoshan International Airport,30.2361,120.4289,23,AS,China,,Hangzhou,true,1050
38587,TRV,VOTV,large_airport,Thiruvananthapuram International Airport,8.4819,76.92,15,AS,India,,Thiruvananthapuram,true,1050
28896,MAO,SBEG,large_airport,Eduardo Gomes International Airport,-3.0386,-60.0497,264,SA,Brazil,,Manaus,true,1050
29801,MZT,MMMZ,large_airport,General Rafael Buelna International Airport,23.1628,-106.2645,38,NA,Mexico,,Mazatlàn,true,1050
33469,PTP,TFFR,large_airport,Maryse Condé International Airport,16.2654,-61.5328,36,NA,Guadeloupe,,Pointe-à-Pitre,true,1050
36949,SID,GVAC,large_airport,Amílcar Cabral International Airport,16.7414,-22.9494,177,AF,Cape Verde,,Espargos,true,1050
27093,KWL,ZGKL,large_airport,Guilin Liangjiang International Airport,25.2198,110.0396,570,AS,China,,Guilin (Lingui),true,1050
28319,LUN,FLKK,large_airport,Kenneth Kaunda International Airport,-15.3308,28.4527,3779,AF,Zambia,,Lusaka,true,1050
42569,WUH,ZHHH,large_airport,Wuhan Tianhe International Airport,30.7748,114.2137,113,AS,China,,Wuhan (Huangpi),true,1050
26517,KGL,HRYR,large_airport,Kigali International Airport,-1.9686,30.1395,4859,AF,Rwanda,,Kigali,true,1050
29434,MPM,FQMA,large_airport,Maputo Airport,-25.9208,32.5726,145,AF,Mozambique,,Maputo,true,1050
14781,BEL,SBBE,large_airport,Val de Cans/Júlio Cezar Ribeiro International Airport,-1.3793,-48.4762,54,SA,Brazil,,Belém,true,1050
17230,DAM,OSDI,large_airport,Damascus International Airport,33.4115,36.5156,2020,AS,Syria,,Damascus,true,1050
25283,JIB,HDAM,large_airport,Djibouti-Ambouli Airport,11.5473,43.1595,49,AF,Djibouti,,Djibouti City,true,1050
23018,HRE,FVRG,large_airport,Robert Gabriel Mugabe International Airport,-17.9318,31.0928,4887,AF,Zimbabwe,,Harare,true,1050
20105,FIH,FZAA,large_airport,Ndjili International Airport,-4.3857,15.4446,1027,AF,Democratic Republic of the Congo,,Kinshasa,true,1050
27842,LHE,OPLA,large_airport,Allama Iqbal International Airport,31.5216,74.4036,712,AS,Pakistan,,Lahore,true,1050
36095,RUN,FMEE,large_airport,Roland Garros Airport,-20.8901,55.5189,66,AF,Réunion,,Sainte-Marie,true,1050
38439,TNR,FMMI,large_airport,Ivato International Airport,-18.7969,47.4788,4198,AF,Madagascar,,Antananarivo,true,1050
32818,PBM,SMJP,large_airport,Johan Adolf Pengel International Airport,5.4528,-55.1878,59,SA,Suriname,,Paramaribo,true,1050
38615,TSN,ZBTJ,large_airport,Tianjin Binhai International Airport,39.1244,117.346,10,AS,China,,Tianjin,true,1050
30295,NDJ,FTTJ,large_airport,N'Djamena International Airport,12.1337,15.034,968,AF,Chad,,N'Djamena,true,1050
29001,MDL,VYMD,large_airport,Mandalay International Airport,21.7022,95.9779,300,AS,Myanmar,,Mandalay,true,1050
16152,CGO,ZHCC,large_airport,Zhengzhou Xinzheng International Airport,34.5265,113.8492,495,AS,China,,Zhengzhou,true,1050
38422,TNA,ZSJN,large_airport,Jinan Yaoqiang International Airport,36.8572,117.216,76,AS,China,,Jinan (Licheng),true,1050
15000,BKO,GABS,large_airport,Modibo Keita International Airport,12.5335,-7.9499,1247,AF,Mali,,Bamako,true,1050
13979,ASB,UTAA,large_airport,Ashgabat International Airport,37.9868,58.361,692,AS,Turkmenistan,,Ashgabat,true,1050
36914,SHE,ZYTX,large_airport,Shenyang Taoxian International Airport,41.6398,123.4837,198,AS,China,,Shenyang,true,1050
15022,BLA,SVBC,large_airport,General José Antonio Anzoategui International Airport,10.1111,-64.6922,30,SA,Venezuela,,Barcelona,true,1050
38831,TYN,ZBYN,large_airport,Taiyuan Wusu International Airport,37.7469,112.628,2575,AS,China,,Taiyuan,true,1050
16593,CSX,ZGHA,large_airport,Changsha Huanghua International Airport,28.1892,113.22,217,AS,China,,Changsha (Changsha),true,1050
22412,HAK,ZJHK,large_airport,Haikou Meilan International Airport,19.9349,110.459,75,AS,China,,Haikou (Meilan),true,1050
17551,DJJ,WAJJ,large_airport,Dortheys Hiyo Eluay International Airport,-2.5796,140.5199,289,AS,Indonesia,,Sentani,true,1025
36802,SEA,KSEA,large_airport,Seattle–Tacoma International Airport,47.4479,-122.3103,433,NA,United States,,Seattle,true,1000
36984,SJC,KSJC,large_airport,Norman Y. Mineta San Jose International Airport,37.3625,-121.9292,62,NA,United States,,San Jose,true,1000
37126,SNA,KSNA,large_airport,John Wayne Orange County International Airport,33.6751,-117.8693,56,NA,United States,,Santa Ana,true,1000
17229,DAL,KDAL,large_airport,Dallas Love Field,32.8448,-96.8477,487,NA,United States,,Dallas,true,1000
22926,HOU,KHOU,large_airport,William P. Hobby Airport,29.6453,-95.2768,46,NA,United States,,Houston,true,1000
40622,VCE,LIPZ,large_airport,Venice Marco Polo Airport,45.5053,12.3519,7,EU,Italy,,Venezia (VE),true,1000
13382,ABQ,KABQ,large_airport,Albuquerque International Sunport,35.04,-106.6089,5355,NA,United States,,Albuquerque,true,1000
25463,JNB,FAOR,large_airport,O.R. Tambo International Airport,-26.1401,28.2468,5558,AF,South Africa,,Johannesburg,true,1000
38692,TUS,KTUS,large_airport,Tucson International Airport,32.115,-110.9381,2643,NA,United States,,Tucson,true,1000
14745,BDL,KBDL,large_airport,Bradley International Airport,41.9386,-72.688,173,NA,United States,,Hartford,true,1000
17660,DMK,VTBD,large_airport,Don Mueang International Airport,13.9126,100.607,9,AS,Thailand,,Bangkok,true,1000
17729,DOH,OTHH,large_airport,Hamad International Airport,25.2731,51.6081,13,AS,Qatar,,Doha,true,1000
31696,OGG,PHOG,large_airport,Kahului International Airport,20.8963,-156.4318,54,OC,United States,,Kahului,true,1000
31836,OKC,KOKC,large_airport,OKC Will Rogers World Airport,35.3934,-97.5982,1295,NA,United States,,Oklahoma City,true,1000
27887,LIN,LIML,large_airport,Milano Linate Airport,45.4451,9.2767,353,EU,Italy,,Segrate (MI),true,1000
15363,BUR,KBUR,large_airport,Hollywood Burbank/Bob Hope Airport,34.2028,-118.3581,778,NA,United States,,Burbank,true,1000
16192,CHS,KCHS,large_airport,Charleston International Airport,32.8962,-80.0382,46,NA,United States,,Charleston,true,1000
31906,OMA,KOMA,large_airport,Eppley Airfield,41.3032,-95.8941,984,NA,United States,,Omaha,true,1000
32091,ORF,KORF,large_airport,Norfolk International Airport,36.8953,-76.201,26,NA,United States,,Norfolk,true,1000
18925,ELP,KELP,large_airport,El Paso International Airport,31.8099,-106.3756,3959,NA,United States,,El Paso,true,1000
27803,LGB,KLGB,large_airport,Long Beach International Airport,33.8165,-118.1499,60,NA,United States,,Long Beach,true,1000
26794,KOA,PHKO,large_airport,Ellison Onizuka Kona International Airport at Keāhole,19.7388,-156.0456,47,OC,United States,,Kailua-Kona,true,1000
24365,IST,LTFM,large_airport,İstanbul Airport,41.2749,28.7321,325,EU,Turkey,,Istanbul,true,1000
14890,BHM,KBHM,large_airport,Birmingham-Shuttlesworth International Airport,33.5629,-86.7507,650,NA,United States,,Birmingham,true,1000
13727,ALB,KALB,large_airport,Albany International Airport,42.7483,-73.8017,285,NA,United States,,Albany,true,1000
36996,SJO,MROC,large_airport,Juan Santamaría International Airport,9.9939,-84.2088,3021,NA,Costa Rica,,San José (Alajuela),true,1000
16210,CIA,LIRA,large_airport,Ciampino–G. B. Pastine International Airport,41.7988,12.5953,427,EU,Italy,,Rome,true,1000
15138,BOI,KBOI,large_airport,Boise Air Terminal/Gowen Field,43.5644,-116.223,2871,NA,United States,,Boise,true,1000
16545,CRL,EBCI,large_airport,Brussels South Charleroi Airport,50.462,4.4596,614,EU,Belgium,,Charleroi,true,1000
17275,DBV,LDDU,large_airport,Dubrovnik Ruđer Bošković Airport,42.5622,18.2655,527,EU,Croatia,,Dubrovnik,true,1000
35372,RAK,GMMX,large_airport,Marrakesh Menara Airport,31.6048,-8.0358,1545,AF,Morocco,,Marrakesh,true,1000
33499,PUJ,MDPC,large_airport,Punta Cana International Airport,18.5671,-68.3646,47,NA,Dominican Republic,,Punta Cana,true,1000
17878,DSM,KDSM,large_airport,Des Moines International Airport,41.534,-93.6567,958,NA,United States,,Des Moines,true,1000
21735,GRR,KGRR,large_airport,Gerald R. Ford International Airport,42.8808,-85.5228,794,NA,United States,,Grand Rapids,true,1000
35868,ROC,KROC,large_airport,Frederick Douglass Greater Rochester International Airport,43.1189,-77.6724,559,NA,United States,,Rochester,true,1000
21256,GEG,KGEG,large_airport,Spokane International Airport,47.6199,-117.534,2376,NA,United States,,Spokane,true,1000
16444,COS,KCOS,large_airport,City of Colorado Springs Municipal Airport,38.8058,-104.701,6187,NA,United States,,Colorado Springs,true,1000
14787,BER,EDDB,large_airport,Berlin Brandenburg Airport,52.3617,13.5023,157,EU,Germany,,Berlin,true,1000
40944,VLC,LEVC,large_airport,Valencia Airport,39.4892,-0.481,240,EU,Spain,,Valencia,true,1000
33433,PSP,KPSP,large_airport,Palm Springs International Airport,33.8297,-116.507,477,NA,United States,,Palm Springs,true,1000
38836,TYS,KTYS,large_airport,McGhee Tyson Airport,35.811,-83.994,981,NA,United States,,Knoxville/Maryville,true,1000
16408,CNS,YBCS,large_airport,Cairns International Airport,-16.8789,145.7495,10,OC,Australia,,Cairns,true,1000
27881,LIH,PHLI,large_airport,Lihue Airport,21.9744,-159.3371,153,OC,United States,,"Lihue, Kauai",true,1000
15256,BRS,EGGD,large_airport,Bristol Airport,51.3823,-2.7165,622,EU,United Kingdom,,Bristol,true,1000
37430,SVQ,LEZL,large_airport,Seville Airport,37.418,-5.8931,112,EU,Spain,,Seville,true,1000
28468,LYS,LFLL,large_airport,Lyon Saint-Exupéry Airport,45.726,5.0901,821,EU,France,,"Colombier-Saugnieu, Rhône",true,1000
21768,GSO,KGSO,large_airport,Piedmont Triad International Airport,36.0994,-79.9373,925,NA,United States,,Greensboro,true,1000
37286,SRQ,KSRQ,large_airport,Sarasota Bradenton International Airport,27.3946,-82.5544,30,NA,United States,,Sarasota/Bradenton,true,1000
45307,YYJ,CYYJ,large_airport,Victoria International Airport,48.6472,-123.4278,63,NA,Canada,,Victoria,true,1000
37218,SPU,LDSP,large_airport,Split Saint Jerome Airport,43.5389,16.298,79,EU,Croatia,,Split,true,1000
28137,LPL,EGGP,large_airport,Liverpool John Lennon Airport,53.3349,-2.8496,80,EU,United Kingdom,,Liverpool,true,1000
16667,CUZ,SPZO,large_airport,Alejandro Velasco Astete International Airport,-13.5357,-71.9388,10860,SA,Peru,,Cusco,true,1000
33256,PNS,KPNS,large_airport,Pensacola International Airport,30.4727,-87.1866,121,NA,United States,,Pensacola,true,1000
28927,MBJ,MKJS,large_airport,Sangster International Airport,18.5034,-77.9132,4,NA,Jamaica,,Montego Bay,true,1000
37564,SZG,LOWS,large_airport,Salzburg Airport,47.7933,13.0043,1411,EU,Austria,,Salzburg,true,1000
22667,HHN,EDFH,large_airport,Frankfurt-Hahn Airport,49.9464,7.2617,1649,EU,Germany,,Frankfurt am Main (Lautzenhausen),true,1000
21732,GRO,LEGE,large_airport,Girona-Costa Brava Airport,41.9046,2.7618,468,EU,Spain,,Girona,true,1000
30261,NCL,EGNT,large_airport,Newcastle International Airport,55.038,-1.6896,266,EU,United Kingdom,,"Newcastle upon Tyne, Tyne and Wear",true,1000
18946,EMA,EGNX,large_airport,East Midlands Airport,52.8311,-1.3281,306,EU,United Kingdom,,"Nottingham, Leicestershire",true,1000
33062,PIE,KPIE,large_airport,St. Petersburg Clearwater International Airport,27.9102,-82.6874,11,NA,United States,,Pinellas Park,true,1000
15382,BVA,LFOB,large_airport,Beauvais-Tillé airport,49.4544,2.1128,359,EU,France,,Beauvais,true,1000
20223,FLR,LIRQ,large_airport,"Florence Airport, Peretola",43.8086,11.2028,142,EU,Italy,,Firenze (FI),true,1000
37498,SXM,TNCM,large_airport,Princess Juliana International Airport,18.041,-63.1089,13,NA,Sint Maarten,,Sint Maarten,true,1000
16122,CFU,LGKR,large_airport,Corfu Ioannis Kapodistrias International Airport,39.6014,19.9122,6,EU,Greece,,Kerkyra (Corfu),true,1000
27622,LBA,EGNM,large_airport,Leeds Bradford Airport,53.8659,-1.6606,681,EU,United Kingdom,,"Leeds, West Yorkshire",true,1000
13449,ADL,YPAD,large_airport,Adelaide International Airport,-34.9475,138.5334,20,OC,Australia,,Adelaide,true,1000
19829,FAT,KFAT,large_airport,Fresno Yosemite International Airport,36.7758,-119.718,336,NA,United States,,Fresno,true,1000
35628,RHO,LGRP,large_airport,"Rhodes International Airport ""Diagoras""",36.4054,28.0862,17,AS,Greece,,Rhodes,true,1000
29763,MYR,KMYR,large_airport,Myrtle Beach International Airport,33.6797,-78.9283,25,NA,United States,,Myrtle Beach,true,1000
33068,PIK,EGPK,large_airport,Glasgow Prestwick Airport,55.5015,-4.5772,65,EU,United Kingdom,,"Prestwick, South Ayrshire",true,1000
38571,TRF,ENTO,large_airport,"Sandefjord Airport, Torp",59.1867,10.2586,286,EU,Norway,,Sandefjord(Torp),true,1000
16145,CGH,SBSP,large_airport,Congonhas–Deputado Freitas Nobre Airport,-23.6277,-46.6546,2631,SA,Brazil,,São Paulo,true,1000
44852,YLW,CYLW,large_airport,Kelowna International Airport,49.9561,-119.378,1421,NA,Canada,,Kelowna,true,1000
30191,NAN,NFFN,large_airport,Nadi International Airport,-17.7618,177.4378,59,OC,Fiji,,Nadi,true,1000
38607,TSF,LIPH,large_airport,Treviso Airport,45.6484,12.1944,59,EU,Italy,,Treviso (TV),true,1000
36058,RTM,EHRD,large_airport,Rotterdam The Hague Airport,51.9569,4.4372,-15,EU,Netherlands,,Rotterdam,true,1000
25695,JTR,LGSR,large_airport,Santorini International Airport,36.4,25.4786,127,EU,Greece,,Santorini Island,true,1000
45266,YXE,CYXE,large_airport,Saskatoon John G. Diefenbaker International Airport,52.1707,-106.7008,1653,NA,Canada,,Saskatoon,true,1000
31056,NYO,ESKN,large_airport,Stockholm Skavsta Airport,58.7897,16.9115,140,EU,Sweden,,Nyköping,true,1000
41171,VRN,LIPX,large_airport,Verona Villafranca Valerio Catullo Airport,45.395,10.8873,239,EU,Italy,,Caselle (VR),true,1000
36782,SDQ,MDSD,large_airport,Las Américas International Airport,18.4297,-69.6689,59,NA,Dominican Republic,,Santo Domingo,true,1000
14928,BIO,LEBB,large_airport,Bilbao Airport,43.3011,-2.9106,138,EU,Spain,,Bilbao,true,1000
32096,ORK,EICK,large_airport,Cork International Airport,51.8413,-8.4911,502,EU,Ireland,,Cork,true,1000
17506,DIA,OTBD,large_airport,Doha International Airport,25.2594,51.5655,35,AS,Qatar,,Doha,true,1000
13391,ABZ,EGPD,large_airport,Aberdeen International Airport,57.2019,-2.1978,215,EU,United Kingdom,,Aberdeen,true,1000
36786,SDU,SBRJ,large_airport,Santos Dumont Airport,-22.9104,-43.1628,11,SA,Brazil,,Rio de Janeiro,true,1000
39552,UIO,SEQM,large_airport,Mariscal Sucre International Airport,-0.1254,-78.3543,7841,SA,Ecuador,,Quito,true,1000
45317,YYT,CYYT,large_airport,St. John's International Airport,47.6186,-52.7519,461,NA,Canada,,St. John's,true,1000
24179,INN,LOWI,large_airport,Innsbruck Airport,47.2602,11.344,1907,EU,Austria,,Innsbruck,true,1000
14850,BGI,TBPB,large_airport,Grantley Adams International Airport,13.0747,-59.491,169,NA,Barbados,,Bridgetown,true,1000
20280,FNC,LPMA,large_airport,Cristiano Ronaldo International Airport,32.6978,-16.7746,192,EU,Portugal,,Funchal,true,1000
26986,KTM,VNKT,large_airport,Tribhuvan International Airport,27.6966,85.3591,4390,AS,Nepal,,Kathmandu,true,1000
30803,NRN,EDLV,large_airport,Weeze (Niederrhein) Airport,51.6014,6.1412,106,EU,Germany,,Weeze,true,1000
15242,BRE,EDDW,large_airport,Bremen Airport,53.0468,8.7893,14,EU,Germany,,Bremen,true,1000
17221,DAD,VVDN,large_airport,Da Nang International Airport,16.0439,108.199,33,AS,Vietnam,,Da Nang,true,1000
17852,DRW,YPDN,large_airport,Darwin International Airport / RAAF Darwin,-12.415,130.8818,103,OC,Australia,,Darwin,true,1000
31989,OOL,YBCG,large_airport,Gold Coast Airport,-28.166,153.5066,21,OC,Australia,,Gold Coast,true,1000
29337,MMX,ESMS,large_airport,Malmö Sturup Airport,55.5356,13.3763,236,EU,Sweden,,Malmö,true,1000
32927,PEN,WMKP,large_airport,Penang International Airport,5.2963,100.2762,11,AS,Malaysia,,Penang,true,1000
38008,TBS,UGTB,large_airport,Tbilisi International Airport,41.6692,44.9547,1624,AS,Georgia,,Tbilisi,true,1000
14794,BEY,OLBA,large_airport,Beirut Rafic Hariri International Airport,33.8198,35.4874,87,AS,Lebanon,,Beirut,true,1000
16190,CHQ,LGSA,large_airport,Chania International Airport,35.5312,24.1507,490,AS,Greece,,Souda,true,1000
26347,KBV,VTSG,large_airport,Krabi International Airport,8.0956,98.989,82,AS,Thailand,,Krabi,true,1000
28889,MAH,LEMH,large_airport,Menorca Airport,39.8626,4.2187,302,EU,Spain,,Mahón (Maó),true,1000
16012,CCS,SVMI,large_airport,Maiquetía Simón Bolívar International Airport,10.6022,-66.9912,234,SA,Venezuela,,Maiquetía,true,1000
15144,BOO,ENBO,large_airport,Bodø Airport,67.2692,14.3653,42,EU,Norway,,Bodø,true,1000
37361,STT,TIST,large_airport,Cyril E. King Airport,18.3371,-64.9773,23,NA,U.S. Virgin Islands,,Charlotte Amalie,true,1000
14734,BDA,TXKF,large_airport,L.F. Wade International Airport,32.3638,-64.6782,12,NA,Bermuda,,Hamilton,true,1000
32964,PFO,LCPH,large_airport,Paphos International Airport,34.718,32.4857,41,AS,Cyprus,,Paphos,true,1000
27628,LBG,LFPB,large_airport,Paris-Le Bourget International Airport,48.9623,2.4365,218,EU,France,,Paris,true,1000
33184,PLS,MBPV,large_airport,Providenciales International Airport,21.7737,-72.2683,15,NA,Turks and Caicos Islands,,Providenciales,true,1000
16612,CTG,SKCG,large_airport,Rafael Nuñez International Airport,10.4424,-75.513,4,SA,Colombia,,Cartagena,true,1000
39910,USM,VTSM,large_airport,Samui International Airport,9.5478,100.062,64,AS,Thailand,,Na Thon (Ko Samui Island),true,1000
32889,PDL,LPPD,large_airport,João Paulo II Airport,37.7412,-25.6979,259,EU,Portugal,,Ponta Delgada,true,1000
46319,ZQN,NZQN,large_airport,Queenstown Airport,-45.0192,168.7464,1171,OC,New Zealand,,Queenstown,true,1000
15246,BRI,LIBD,large_airport,Bari Karol Wojtyła International Airport,41.1389,16.7606,193,EU,Italy,,Bari,true,1000
29590,MTY,MMMY,large_airport,Monterrey International Airport,25.7785,-100.107,1278,NA,Mexico,,Monterrey,true,1000
16725,CWL,EGFF,large_airport,Cardiff International Airport,51.3967,-3.3433,220,EU,United Kingdom,,Cardiff,true,1000
19925,FDH,EDNY,large_airport,Bodensee Airport Friedrichshafen,47.6713,9.5115,1367,EU,Germany,,Friedrichshafen,true,1000
31871,OLB,LIEO,large_airport,Olbia Costa Smeralda Airport,40.899,9.5185,37,EU,Italy,,Olbia (SS),true,1000
36991,SJJ,LQSA,large_airport,Sarajevo International Airport,43.8246,18.3315,1708,EU,Bosnia and Herzegovina,,Sarajevo,true,1000
13492,AES,ENAL,large_airport,Ålesund Airport,62.5604,6.1108,69,EU,Norway,,Ålesund,true,1000
26524,KGS,LGKO,large_airport,"Kos International Airport ""Ippokratis""",36.7945,27.0911,412,AS,Greece,,Kos Island,true,1000
17626,DLM,LTBS,large_airport,Dalaman International Airport,36.7131,28.7925,20,AS,Turkey,,Dalaman,true,1000
27891,LIR,MRLB,large_airport,Daniel Oduber Quirós International Airport,10.5933,-85.5444,270,NA,Costa Rica,,Liberia,true,1000
21618,GOI,VOGO,large_airport,Goa Dabolim International Airport,15.3801,73.8333,150,AS,India,,Vasco da Gama,true,1000
17595,DKR,GOOY,large_airport,Léopold Sédar Senghor International Airport,14.7423,-17.4792,85,AF,Senegal,,Dakar,true,1000
40920,VKO,UUWW,large_airport,Vnukovo International Airport,55.5915,37.2615,685,EU,Russia,,Moscow,true,1000
33292,POS,TTPP,large_airport,Piarco International Airport,10.5953,-61.3376,58,NA,Trinidad and Tobago,,Port of Spain,true,1000
28127,LPB,SLLP,large_airport,El Alto International Airport,-16.5103,-68.1894,13355,SA,Bolivia,,La Paz / El Alto,true,1000
29433,MPL,LFMT,large_airport,Montpellier-Méditerranée Airport,43.5762,3.963,17,EU,France,,Montpellier/Méditerranée,true,1000
40011,UVF,TLPL,large_airport,Hewanorra International Airport,13.7332,-60.9526,14,NA,Saint Lucia,,Vieux Fort,true,1000
17914,DTM,EDLW,large_airport,Dortmund Airport,51.5183,7.6122,425,EU,Germany,,Dortmund,true,1000
28431,LXR,HELX,large_airport,Luxor International Airport,25.671,32.7064,276,AF,Egypt,,Luxor,true,1000
29098,MGA,MNMG,large_airport,Augusto C. Sandino (Managua) International Airport,12.1415,-86.1682,194,NA,Nicaragua,,Managua,true,1000
38147,TFN,GCXO,large_airport,Tenerife Norte-Ciudad de La Laguna Airport,28.4828,-16.3417,2076,AF,Spain,,Tenerife,true,1000
15530,BZE,MZBZ,large_airport,Philip S. W. Goldson International Airport,17.54,-88.3036,15,NA,Belize,,Belize City,true,1000
21743,GRZ,LOWG,large_airport,Graz Airport,46.9911,15.4396,1115,EU,Austria,,Feldkirchen bei Graz,true,1000
21395,GIB,LXGB,large_airport,Gibraltar Airport,36.1517,-5.3498,12,EU,Gibraltar,,Gibraltar,true,1000
16436,COK,VOCI,large_airport,Cochin International Airport,10.151,76.4008,30,AS,India,,Kochi,true,1000
13818,ANU,TAPA,large_airport,V. C. Bird International Airport,17.1367,-61.7927,62,NA,Antigua and Barbuda,,Osbourn,true,1000
38242,TIA,LATI,large_airport,Tirana International Airport Mother Teresa,41.4147,19.7206,126,EU,Albania,,Rinas,true,1000
18551,EBB,HUEN,large_airport,Entebbe International Airport,0.0424,32.4435,3782,AF,Uganda,,Entebbe,true,1000
26920,KRS,ENCN,large_airport,Kristiansand Airport,58.2042,8.0854,57,EU,Norway,,Kristiansand(Kjevik),true,1000
29514,MRU,FIMP,large_airport,Sir Seewoosagur Ramgoolam International Airport,-20.4302,57.6836,186,AF,Mauritius,,Plaine Magnien,true,1000
45733,ZAD,LDZD,large_airport,Zadar Airport,44.097,15.3536,289,EU,Croatia,,Zadar,true,1000
46223,ZNZ,HTZA,large_airport,Abeid Amani Karume International Airport,-6.222,39.2249,54,AF,Tanzania,,Zanzibar,true,1000
17848,DRS,EDDC,large_airport,Dresden Airport,51.1341,13.7678,755,EU,Germany,,Dresden,true,1000
29549,MST,EHBK,large_airport,Maastricht Aachen Airport,50.9111,5.7694,375,EU,Netherlands,,Maastricht,true,1000
20364,FPO,MYGF,large_airport,Grand Bahama International Airport,26.558,-78.6956,7,NA,Bahamas,,Freeport,true,1000
26996,KTW,EPKT,large_airport,Katowice Wojciech Korfanty International Airport,50.476,19.0807,995,EU,Poland,,Katowice,true,1000
38584,TRS,LIPQ,large_airport,Trieste Airport,45.8279,13.4667,39,EU,Italy,,Ronchi dei Legionari/Trieste,true,1000
33299,POZ,EPPO,large_airport,Poznań-Ławica Airport,52.4216,16.8234,308,EU,Poland,,Poznań,true,1000
21610,GOA,LIMJ,large_airport,Genoa Cristoforo Colombo Airport,44.412,8.8407,13,EU,Italy,,Genova (GE),true,1000
14994,BKI,WBKK,large_airport,Kota Kinabalu International Airport,5.9327,116.0493,10,AS,Malaysia,,Kota Kinabalu,true,1000
28994,MDE,SKRG,large_airport,Jose Maria Córdova International Airport,6.1645,-75.4231,6955,SA,Colombia,,Medellín,true,1000
20254,FMM,EDJA,large_airport,Memmingen Allgau Airport,47.9881,10.2382,2077,EU,Germany,,Memmingen,true,1000
33274,POA,SBPA,large_airport,Porto Alegre-Salgado Filho International Airport,-29.994,-51.1675,11,SA,Brazil,,Porto Alegre,true,1000
29173,MID,MMMD,large_airport,Manuel Crescencio Rejón International Airport,20.9305,-89.6455,38,NA,Mexico,,Mérida,true,1000
13546,AGA,GMAD,large_airport,Al Massira Airport,30.3225,-9.412,250,AF,Morocco,,Agadir (Temsia),true,1000
22438,HBA,YMHB,large_airport,Hobart International Airport,-42.837,147.513,13,OC,Australia,,Hobart (Cambridge),true,1000
42282,WMI,EPMO,large_airport,Warsaw Modlin Airport,52.4511,20.6518,341,EU,Poland,,Nowy Dwór Mazowiecki,true,1000
35591,RGN,VYYY,large_airport,Yangon International Airport,16.9073,96.1332,109,AS,Myanmar,,Yangon,true,1000
40633,VCP,SBKP,large_airport,Viracopos International Airport,-23.0074,-47.1345,2170,SA,Brazil,,Campinas,true,1000
37487,SXB,LFST,large_airport,Strasbourg Airport,48.5383,7.6282,505,EU,France,,Strasbourg,true,1000
42468,WRO,EPWR,large_airport,Copernicus Wrocław Airport,51.1037,16.8821,404,EU,Poland,,Wrocław,true,1000
16327,CLJ,LRCL,large_airport,Avram Iancu Cluj International Airport,46.786,23.6857,1039,EU,Romania,,Cluj-Napoca,true,1000
13341,AAL,EKYT,large_airport,Aalborg Airport,57.0948,9.8499,10,EU,Denmark,,Aalborg,true,1000
23934,IGU,SBFI,large_airport,Cataratas International Airport,-25.5942,-54.4894,786,SA,Brazil,,Foz do Iguaçu,true,1000
32141,OST,EBOS,large_airport,Ostend-Bruges International Airport,51.1998,2.8747,13,EU,Belgium,,Oostende,true,1000
35508,REC,SBRF,large_airport,Recife/Guararapes - Gilberto Freyre International Airport,-8.1275,-34.923,33,SA,Brazil,,Recife,true,1000
16288,CKG,ZUCK,large_airport,Chongqing Jiangbei International Airport,29.7123,106.6519,1365,AS,China,,Chongqing,true,1000
32205,OUL,EFOU,large_airport,Oulu Airport,64.9301,25.3546,47,EU,Finland,,Oulu / Oulunsalo,true,1000
36131,RVN,EFRO,large_airport,Rovaniemi Airport,66.5633,25.8298,642,EU,Finland,,Rovaniemi,true,1000
13765,AMD,VAAH,large_airport,Sardar Vallabh Patel International Airport,23.0772,72.6347,189,AS,India,,Ahmedabad,true,1000
20331,FOR,SBFZ,large_airport,Pinto Martins International Airport,-3.7758,-38.5322,83,SA,Brazil,,Fortaleza,true,1000
27812,LGK,WMKL,large_airport,Langkawi International Airport,6.3297,99.7287,29,AS,Malaysia,,Langkawi,true,1000
33514,PUY,LDPL,large_airport,Pula Airport,44.8935,13.9222,274,EU,Croatia,,Pula,true,1000
13347,AAR,EKAH,large_airport,Aarhus Airport,56.3033,10.6183,82,EU,Denmark,,Aarhus,true,1000
25620,JRO,HTKJ,large_airport,Kilimanjaro International Airport,-3.427,37.0735,2932,AF,Tanzania,,Arusha,true,1000
16834,CZM,MMCZ,large_airport,Cozumel International Airport,20.5149,-86.9285,15,NA,Mexico,,Cozumel,true,1000
16715,CWB,SBCT,large_airport,Curitiba-Afonso Pena International Airport,-25.5285,-49.1758,2988,SA,Brazil,,Curitiba,true,1000
20498,FTE,,large_airport,El Calafate - Commander Armando Tola International Airport,-50.282,-72.0539,669,SA,Argentina,,El Calafate,true,1000
28079,LNZ,LOWL,large_airport,Linz-Hörsching Airport,48.2354,14.1881,980,EU,Austria,,Linz,true,1000
35526,REU,LERS,large_airport,Reus Airport,41.1475,1.1684,233,EU,Spain,,Reus,true,1000
40726,VFA,FVFA,large_airport,Victoria Falls International Airport,-18.0974,25.8369,3490,AF,Zimbabwe,,Victoria Falls,true,1000
41234,VTE,VLVT,large_airport,Wattay International Airport,17.9851,102.5667,564,AS,Laos,,Vientiane,true,1000
13402,ACA,MMAA,large_airport,General Juan N. Álvarez International Airport,16.7571,-99.7531,16,NA,Mexico,,Acapulco,true,1000
20256,FMO,EDDG,large_airport,Münster Osnabrück Airport,52.1338,7.6885,160,EU,Germany,,Greven,true,1000
22798,HLA,FALA,large_airport,Lanseria International Airport,-25.939,27.9266,4517,AF,South Africa,,Johannesburg,true,1000
26921,KRT,HSSK,large_airport,Khartoum International Airport,15.5895,32.5532,1265,AF,Sudan,,Khartoum,true,1000
28142,LPQ,VLLB,large_airport,Luang Phabang International Airport,19.9043,102.1672,955,AS,Laos,,Luang Phabang,true,1000
16544,CRK,RPLC,large_airport,Clark International Airport / Clark Air Base,15.186,120.56,484,AS,Philippines,,Mabalacat,true,1000
32785,PAP,MTPP,large_airport,Toussaint Louverture International Airport,18.58,-72.2926,122,NA,Haiti,,Port-au-Prince,true,1000
14973,BJX,MMLO,large_airport,Guanajuato International Airport,20.9927,-101.4803,5956,NA,Mexico,,Silao,true,1000
38602,TSA,RCSS,large_airport,Taipei Songshan International Airport,25.0672,121.5528,18,AS,Taiwan,,Taipei (Songshan),true,1000
38401,TMP,EFTP,large_airport,Tampere-Pirkkala Airport,61.4141,23.6044,390,EU,Finland,,Tampere / Pirkkala,true,1000
26337,KBL,OAKB,large_airport,Kabul International Airport,34.5659,69.2123,5877,AS,Afghanistan,,Kabul,true,1000
27885,LIL,LFQQ,large_airport,Lille Airport,50.5666,3.1024,157,EU,France,,Lesquin,true,1000
17546,DJE,DTTJ,large_airport,Djerba Zarzis International Airport,33.8737,10.7773,19,AF,Tunisia,,Mellita,true,1000
33506,PUQ,SCCI,large_airport,President Carlos Ibáñez International Airport,-53.0026,-70.8546,139,SA,Chile,,Punta Arenas,true,1000
14682,BBU,LRBS,large_airport,Bucharest Băneasa Aurel Vlaicu International Airport,44.5031,26.1029,297,EU,Romania,,Bucharest,true,1000
17955,DUR,FALE,large_airport,King Shaka International Airport,-29.6144,31.1197,295,AF,South Africa,,Durban,true,1000
25002,JAI,VIJP,large_airport,Jaipur International Airport,26.8242,75.8122,1263,AS,India,,Jaipur,true,1000
28105,LOP,WADL,large_airport,Lombok International Airport,-8.76,116.2782,319,AS,Indonesia,,"Mataram (Pujut, Lombok Tengah)",true,1000
36697,SBD,KSBD,large_airport,San Bernardino International Airport,34.0967,-117.2366,1159,NA,United States,,San Bernardino,true,1000
13375,ABJ,DIAP,large_airport,Félix-Houphouët-Boigny International Airport,5.2614,-3.9263,21,AF,Côte d'Ivoire,,Abidjan,true,1000
24214,IOM,EGNS,large_airport,Isle of Man Airport,54.0831,-4.6239,52,EU,Isle of Man,,Castletown,true,1000
33191,PLZ,FAPE,large_airport,Chief Dawid Stuurman International Airport,-33.9897,25.6174,226,AF,South Africa,,Gqeberha (Port Elizabeth),true,1000
26369,KCH,WBGG,large_airport,Kuching International Airport,1.4874,110.3529,89,AS,Malaysia,,Kuching,true,1000
33153,PKX,ZBAD,large_airport,Beijing Daxing International Airport,39.5013,116.414,98,AS,China,,Beijing,true,1000
22813,HLP,WIHH,large_airport,Halim Perdanakusuma International Airport,-6.267,106.8903,84,AS,Indonesia,,Jakarta,true,1000
38428,TNG,GMTT,large_airport,Tangier Ibn Battuta Airport,35.7317,-5.9215,62,AF,Morocco,,Tangier,true,1000
35808,RMO,LUKK,large_airport,Chişinău International Airport,46.9277,28.9317,399,EU,Moldova,,Chişinău,true,1000
19274,EVE,ENEV,large_airport,Harstad/Narvik Airport,68.4913,16.6781,84,EU,Norway,,Evenes,true,1000
22848,HMO,MMHO,large_airport,General Ignacio L. Pesqueira International Airport,29.0928,-111.053,627,NA,Mexico,,Hermosillo,true,1000
20171,FKB,EDSB,large_airport,Karlsruhe Baden-Baden Airport,48.7794,8.0805,408,EU,Germany,,Rheinmünster,true,1000
21577,GND,TGPY,large_airport,Maurice Bishop International Airport,12.004,-61.7853,41,NA,Grenada,,Saint George's,true,1000
26706,KLU,LOWK,large_airport,Klagenfurt Airport,46.6425,14.3377,1472,EU,Austria,,Klagenfurt am Wörthersee,true,1000
33395,PRN,BKPR,large_airport,Priština Adem Jashari International Airport,42.5728,21.0358,1789,EU,Kosovo,,Prishtina,true,1000
33254,PNQ,VAPO,large_airport,Pune International Airport,18.5821,73.9197,1942,AS,India,,Pune,true,1000
35802,RMI,LIPR,large_airport,Federico Fellini International Airport,44.02,12.6122,40,EU,Italy,,Rimini (RN),true,1000
36673,SAP,MHLM,large_airport,Ramón Villeda Morales International Airport,15.4526,-87.9236,91,NA,Honduras,,San Pedro Sula,true,1000
37559,SZB,WMSA,large_airport,Sultan Abdul Aziz Shah International Airport,3.1306,101.549,90,AS,Malaysia,,Subang,true,1000
40707,VER,MMVR,large_airport,General Heriberto Jara International Airport,19.1396,-96.1886,90,NA,Mexico,,Veracruz,true,1000
14752,BDS,LIBR,large_airport,Brindisi Airport,40.6576,17.947,47,EU,Italy,,Brindisi,true,1000
21734,GRQ,EHGG,large_airport,Groningen Airport Eelde,53.1191,6.5777,17,EU,Netherlands,,Groningen,true,1000
13998,ASU,SGAS,large_airport,Silvio Pettirossi International Airport,-25.2402,-57.5192,292,SA,Paraguay,,Asunción,true,1000
27023,KUN,EYKA,large_airport,Kaunas International Airport,54.964,24.0858,256,EU,Lithuania,,Kaunas,true,1000
27589,LAD,FNLU,large_airport,Quatro de Fevereiro International Airport,-8.8584,13.2312,243,AF,Angola,,Luanda,true,1000
31497,OAX,MMOX,large_airport,Xoxocotlán International Airport,16.9988,-96.7261,4989,NA,Mexico,,Oaxaca,true,1000
38334,TKU,EFTU,large_airport,Turku Airport,60.5141,22.2628,161,EU,Finland,,Turku,true,1000
19814,FAE,EKVG,large_airport,Vágar Airport,62.0633,-7.2758,280,EU,Faroe Islands,,Vágar,true,1000
14000,ASW,HESN,large_airport,Aswan International Airport,23.9611,32.8204,650,AF,Egypt,,Aswan,true,1000
14914,BIA,LFKB,large_airport,Bastia-Poretta International airport,42.5527,9.4837,26,EU,France,,Bastia,true,1000
16332,CLO,SKCL,large_airport,Alfonso Bonilla Aragon International Airport,3.5427,-76.3819,3162,SA,Colombia,,Cali,true,1000
13995,ASR,LTAU,large_airport,Kayseri Erkilet International Airport,38.7704,35.4954,3463,AS,Turkey,,Kayseri,true,1000
29015,MDZ,SAME,large_airport,Governor Francisco Gabrielli International Airport,-32.8317,-68.7929,2310,SA,Argentina,,Mendoza,true,1000
32233,OVD,LEAS,large_airport,Asturias Airport,43.5636,-6.0346,416,EU,Spain,,Ranón,true,1000
15240,BRC,SAZS,large_airport,Teniente Luis Candelaria International Airport,-41.1512,-71.1575,2774,SA,Argentina,,San Carlos de Bariloche,true,1000
13438,ADA,LTAF,large_airport,Adana Şakirpaşa Airport,36.9822,35.2804,65,AS,Turkey,,Seyhan,true,1000
32773,PAD,EDLP,large_airport,Paderborn Lippstadt Airport,51.6125,8.6175,699,EU,Germany,,Büren,true,1000
28284,LTO,MMLT,large_airport,Loreto International Airport,25.9895,-111.3484,34,NA,Mexico,,Loreto,true,1000
39686,UME,ESNU,large_airport,Umeå Airport,63.7918,20.2828,24,EU,Sweden,,Umeå,true,1000
40606,VBY,ESSV,large_airport,Visby Airport,57.6628,18.3462,164,EU,Sweden,,Visby,true,1000
45755,ZAZ,LEZG,large_airport,Zaragoza Airport,41.6662,-1.0415,863,EU,Spain,,Zaragoza,true,1000
14961,BJL,GBYD,large_airport,Banjul International Airport,13.338,-16.6522,95,AF,Gambia,,Banjul (Yundum),true,1000
17616,DLC,ZYTL,large_airport,Dalian Zhoushuizi International Airport,38.9657,121.5385,107,AS,China,,Dalian (Ganjingzi),true,1000
18012,DWC,OMDW,large_airport,Al Maktoum International Airport,24.8962,55.1624,114,AS,United Arab Emirates,,Dubai(Jebel Ali),true,1000
27029,KUT,UGKO,large_airport,David the Builder Kutaisi International Airport,42.1774,42.4854,223,AS,Georgia,,Kopitnari,true,1000
28350,LVI,FLHN,large_airport,Harry Mwanga Nkumbula International Airport,-17.8215,25.8196,3302,AF,Zambia,,Livingstone,true,1000
28978,MCY,YBSU,large_airport,Sunshine Coast Airport,-26.5933,153.0832,15,OC,Australia,,Maroochydore,true,1000
33204,PMC,SCTE,large_airport,El Tepual International Airport,-41.4431,-73.0941,294,SA,Chile,,Puerto Montt,true,1000
35398,RBA,GMME,large_airport,Rabat-Salé Airport,34.0515,-6.7515,276,AF,Morocco,,Rabat,true,1000
24240,IPC,SCIP,large_airport,Mataveri International Airport,-27.1654,-109.421,227,SA,Chile,,Isla De Pascua,true,1000
30544,NKG,ZSNJ,large_airport,Nanjing Lukou International Airport,31.735,118.8659,49,AS,China,,Nanjing,true,1000
38352,TLC,MMTO,large_airport,Adolfo López Mateos International Airport,19.3369,-99.5658,8466,NA,Mexico,,Toluca,true,1000
14107,AVV,YMAV,large_airport,Melbourne Avalon International Airport,-38.0403,144.4672,35,OC,Australia,,Geelong/Melbourne,true,1000
33223,PMV,SVMG,large_airport,Del Caribe Santiago Mariño International Airport,10.9126,-63.9666,74,NA,Venezuela,,Isla Margarita,true,1000
26915,KRN,ESNQ,large_airport,Kiruna Airport,67.822,20.3368,1508,EU,Sweden,,Kiruna,true,1000
28004,LLW,FWKI,large_airport,Kamuzu International Airport,-13.7894,33.781,4035,AF,Malawi,,Lumbadzi,true,1000
33348,PQC,VVPQ,large_airport,Phú Quốc International Airport,10.1698,103.9935,37,AS,Vietnam,,Phu Quoc Island,true,1000
35696,RJK,LDRI,large_airport,Rijeka Airport,45.2164,14.5709,278,EU,Croatia,,Rijeka(Omišalj),true,1000
41213,VST,ESOW,large_airport,Stockholm Västerås Airport,59.5894,16.6336,21,EU,Sweden,,Stockholm / Västerås,true,1000
38619,TSR,LRTR,large_airport,Timișoara Traian Vuia International Airport,45.8099,21.3379,348,EU,Romania,,Timişoara,true,1000
41032,VNS,VEBN,large_airport,Lal Bahadur Shastri International Airport,25.4522,82.8625,266,AS,India,,Varanasi,true,1000
13921,AQP,SPQU,large_airport,Rodríguez Ballón International Airport,-16.3408,-71.5695,8405,SA,Peru,,Arequipa,true,1000
23015,HRB,ZYHB,large_airport,Harbin Taiping International Airport,45.6234,126.25,457,AS,China,,Harbin,true,1000
22699,HIJ,RJOA,large_airport,Hiroshima Airport,34.4361,132.919,1088,AS,Japan,,Hiroshima,true,1000
22912,HOG,MUHG,large_airport,Frank Pais International Airport,20.7851,-76.3155,361,NA,Cuba,,Holguin,true,1000
19979,FEZ,GMFF,large_airport,Fes Saïss International Airport,33.9273,-4.978,1900,AF,Morocco,,Saïss,true,1000
13566,AGU,MMAS,large_airport,Aguascalientes International Airport,21.6996,-102.3184,6112,NA,Mexico,,Aguascalientes,true,1000
37019,SKB,TKPK,large_airport,Robert L. Bradshaw International Airport,17.3108,-62.7191,170,NA,Saint Kitts and Nevis,,Basseterre,true,1000
15143,BON,TNCB,large_airport,Flamingo International Airport,12.131,-68.2685,20,NA,Caribbean Netherlands,,Kralendijk,true,1000
27916,LJG,ZPLJ,large_airport,Lijiang Sanyi International Airport,26.6775,100.2449,7359,AS,China,,Lijiang,true,1000
13498,AEY,BIAR,large_airport,Akureyri International Airport,65.6566,-18.072,6,EU,Iceland,,Akureyri,true,1000
18820,EIS,TUPJ,large_airport,Terrance B. Lettsome International Airport,18.4455,-64.5417,15,NA,British Virgin Islands,,Beef Island,true,1000
26772,KNO,WIMM,large_airport,Kualanamu International Airport,3.6378,98.8706,23,AS,Indonesia,,Beringin,true,1000
16440,COO,DBBB,large_airport,Cotonou Cadjehoun International Airport,6.3572,2.3843,19,AF,Benin,,Cotonou,true,1000
20460,FSC,LFKF,large_airport,Figari Sud-Corse Airport,41.5018,9.0971,85,EU,France,,Figari,true,1000
21146,GBE,FBSK,large_airport,Sir Seretse Khama International Airport,-24.5552,25.9182,3299,AF,Botswana,,Gaborone,true,1000
21264,GEO,SYCJ,large_airport,Cheddi Jagan International Airport,6.4985,-58.2541,95,SA,Guyana,,Georgetown,true,1000
26405,KDH,OAKN,large_airport,Ahmad Shah Baba International Airport,31.5058,65.848,3337,AS,Afghanistan,,Kandahar,true,1000
37383,SUF,LICA,large_airport,Lamezia Terme Sant'Eufemia International Airport,38.9062,16.246,39,EU,Italy,,Lamezia Terme (CZ),true,1000
27982,LLA,ESPA,large_airport,Luleå Airport,65.5438,22.122,65,EU,Sweden,,Luleå,true,1000
28992,MDC,WAMM,large_airport,Sam Ratulangi International Airport,1.5486,124.9262,264,AS,Indonesia,,Manado,true,1000
29603,MUB,FBMN,large_airport,Maun International Airport,-19.9705,23.4314,3093,AF,Botswana,,Maun,true,1000
30197,NAT,,large_airport,Rio Grande do Norte/São Gonçalo do Amarante–Governador Aluízio Alves International Airport,-5.7698,-35.3666,273,SA,Brazil,,Natal,true,1000
32231,OVB,UNNT,large_airport,Novosibirsk Tolmachevo Airport,55.0198,82.6187,365,EU,Russia,,Novosibirsk,true,1000
33435,PSR,LIBP,large_airport,Abruzzo Airport,42.4311,14.183,48,EU,Italy,,Pescara,true,1000
40950,VLI,NVVV,large_airport,Bauerfield International Airport,-17.6993,168.32,70,OC,Vanuatu,,Port Vila,true,1000
33328,PPS,RPVP,large_airport,Puerto Princesa International Airport / PAF Antonio Bautista Air Base,9.742,118.7591,71,AS,Philippines,,Puerto Princesa,true,1000
34692,QRO,MMQT,large_airport,Querétaro Intercontinental Airport,20.6188,-100.1864,6296,NA,Mexico,,Querétaro,true,1000
14030,ATQ,VIAR,large_airport,Sri Guru Ram Das Ji International Airport,31.7096,74.7973,756,AS,India,,Amritsar,true,1000
35379,RAR,NCRG,large_airport,Rarotonga International Airport,-21.2027,-159.806,19,OC,Cook Islands,,Avarua,true,1000
14642,BAQ,SKBQ,large_airport,Ernesto Cortissoz International Airport,10.8896,-74.7808,98,SA,Colombia,,Barranquilla,true,1000
26943,KSF,EDVK,large_airport,Kassel Airport,51.4184,9.3916,820,EU,Germany,,Calden,true,1000
16662,CUU,MMCU,large_airport,General Roberto Fierro Villalobos International Airport,28.7026,-105.9638,4462,NA,Mexico,,Chihuahua,true,1000
21983,GYN,SBGO,large_airport,Santa Genoveva International Airport,-16.632,-49.2207,2450,SA,Brazil,,Goiânia,true,1000
22534,HDY,VTSS,large_airport,Hat Yai International Airport,6.9332,100.393,90,AS,Thailand,,Hat Yai,true,1000
24465,IVL,EFIV,large_airport,Ivalo Airport,68.6073,27.4053,481,EU,Finland,,Ivalo,true,1000
26700,KLO,RPVK,large_airport,Kalibo International Airport,11.6794,122.376,14,AS,Philippines,,Kalibo,true,1000
39949,UTP,VTBU,large_airport,U-Tapao–Rayong–Pattaya International Airport,12.6799,101.005,42,AS,Thailand,,Rayong,true,1000
37054,SLA,SASA,large_airport,Martín Miguel de Güemes International Airport,-24.856,-65.4862,4088,SA,Argentina,,Salta,true,1000
13463,ADZ,SKSP,large_airport,Gustavo Rojas Pinilla International Airport,12.5836,-81.7112,19,NA,Colombia,,San Andrés,true,1000
40857,VIX,SBVT,large_airport,Eurico de Aguiar Salles International Airport,-20.258,-40.285,34,SA,Brazil,,Vitória,true,1000
15547,BZV,FCBB,large_airport,Maya-Maya International Airport,-4.2517,15.253,1048,AF,Republic of the Congo,,Brazzaville,true,1000
16106,CFE,LFLC,large_airport,Clermont-Ferrand Auvergne airport,45.7867,3.1692,1090,EU,France,,Clermont-Ferrand,true,1000
19131,ERF,EDDE,large_airport,Erfurt-Weimar Airport,50.9783,10.9607,1036,EU,Germany,,Erfurt,true,1000
26993,KTT,EFKT,large_airport,Kittilä International Airport,67.701,24.8468,644,EU,Finland,,Kittilä,true,1000
21617,GOH,BGGH,large_airport,Nuuk International Airport,64.1911,-51.6791,283,NA,Greenland,,Nuuk,true,1000
37583,SZZ,EPSC,large_airport,Solidarity Szczecin–Goleniów Airport,53.5847,14.9022,154,EU,Poland,,Szczecin(Glewice),true,1000
18599,ECN,LCEN,large_airport,Ercan International Airport,35.1531,33.5074,404,AS,Cyprus,,Tymbou (Kirklar),true,1000
41194,VSA,MMVA,large_airport,Carlos Rovirosa Pérez International Airport,17.9943,-92.8182,46,NA,Mexico,,Villahermosa,true,1000
22442,HBE,HEAX,large_airport,Alexandria International Airport,30.9325,29.6964,171,AF,Egypt,,Alexandria,true,1000
13915,AQJ,OJAQ,large_airport,King Hussein International Airport,29.6116,35.0181,175,AS,Jordan,,Aqaba,true,1000
14788,BES,LFRB,large_airport,Brest Bretagne airport,48.4479,-4.4185,325,EU,France,,Brest,true,1000
16443,COR,SACO,large_airport,Ingeniero Aeronáutico Ambrosio L.V. Taravella International Airport,-31.3123,-64.2083,1604,SA,Argentina,,Cordoba,true,1000
36047,RTB,MHRO,large_airport,Juan Manuel Gálvez International Airport,16.3168,-86.523,39,NA,Honduras,,Coxen Hole,true,1000
16139,CGB,SBCY,large_airport,Várzea Grande–Marechal Rondon International Airport,-15.6529,-56.1167,617,SA,Brazil,,Cuiabá,true,1000
46025,ZIH,MMZH,large_airport,Ixtapa-Zihuatanejo International Airport,17.6018,-101.4606,26,NA,Mexico,,Ixtapa,true,1000
28210,LRM,MDLR,large_airport,Casa De Campo International Airport,18.4522,-68.9111,213,NA,Dominican Republic,,La Romana,true,1000
35867,ROB,GLRB,large_airport,Roberts International Airport,6.2338,-10.3623,31,AF,Liberia,,Monrovia,true,1000
39864,URC,ZWWW,large_airport,Ürümqi Tianshan International Airport,43.9136,87.4794,2125,AS,China,,Ürümqi,true,1000
41316,VVO,UHWW,large_airport,Vladivostok International Airport,43.3963,132.1482,59,AS,Russia,,Artyom,true,1000
16653,CUL,MMCL,large_airport,Bachigualato Federal International Airport,24.765,-107.4752,108,NA,Mexico,,Culiacán,true,1000
17884,DSS,GOBD,large_airport,Blaise Diagne International Airport,14.6709,-17.0728,290,AF,Senegal,,Dakar,true,1000
17517,DIL,WPDL,large_airport,Presidente Nicolau Lobato International Airport,-8.5466,125.5245,154,AS,Timor-Leste,,Dili,true,1000
18102,DYU,UTDD,large_airport,Dushanbe International Airport,38.5437,68.823,2575,AS,Tajikistan,,Dushanbe,true,1000
36266,RZE,EPRZ,large_airport,Rzeszów-Jasionka Airport,50.1098,22.0242,693,EU,Poland,,Jasionka,true,1000
25247,JHB,WMKJ,large_airport,Senai International Airport,1.6413,103.67,135,AS,Malaysia,,Johor Bahru,true,1000
27643,LBV,FOOL,large_airport,Libreville Leon M'ba International Airport,0.459,9.4121,39,AF,Gabon,,Libreville,true,1000
27788,LFW,DXXX,large_airport,Lomé–Tokoin International Airport,6.1656,1.2545,72,AF,Togo,,Lomé,true,1000
30478,NIM,DRRN,large_airport,Diori Hamani International Airport,13.4815,2.1836,732,AF,Niger,,Niamey,true,1000
32813,PBH,VQPR,large_airport,Paro International Airport,27.4032,89.4246,7364,AS,Bhutan,,Paro,true,1000
15184,BPS,SBPS,large_airport,Porto Seguro International Airport,-16.4384,-39.0806,169,SA,Brazil,,Porto Seguro,true,1000
32808,PBC,MMPB,large_airport,Hermanos Serdán International Airport,19.1585,-98.3716,7361,NA,Mexico,,Puebla,true,1000
20287,FNJ,ZKPY,large_airport,Pyongyang Sunan International Airport,39.2241,125.67,117,AS,North Korea,,Pyongyang,true,1000
37545,SYX,ZJSY,large_airport,Sanya Phoenix International Airport,18.3029,109.412,92,AS,China,,Sanya (Tianya),true,1000
14750,BDQ,VABO,large_airport,Vadodara International Airport,22.3362,73.2263,129,AS,India,,Vadodara,true,1000
13803,ANF,SCFA,large_airport,Andrés Sabella Gálvez International Airport,-23.4453,-70.4452,455,SA,Chile,,Antofagasta,true,1000
17614,DLA,FKKD,large_airport,Douala International Airport,4.0061,9.7195,33,AF,Cameroon,,Douala,true,1000
25725,JUL,SPJL,large_airport,Inca Manco Capac International Airport,-15.4677,-70.1565,12552,SA,Peru,,Juliaca,true,1000
28134,LPI,ESSL,large_airport,Linköping City Airport,58.4049,15.6845,172,EU,Sweden,,Linköping,true,1000
30395,NGB,ZSNB,large_airport,Ningbo Lishe International Airport,29.8267,121.462,13,AS,China,,Ningbo,true,1000
36856,SFS,RPLB,large_airport,Subic Bay International Airport / Naval Air Station Cubi Point,14.7948,120.2719,64,AS,Philippines,,Olongapo,true,1000
37079,SLZ,SBSL,large_airport,Marechal Cunha Machado International Airport,-2.5864,-44.235,178,SA,Brazil,,São Luís,true,1000
37955,TAB,TTCP,large_airport,A.N.R. Robinson International Airport,11.1496,-60.8313,38,NA,Trinidad and Tobago,,Scarborough,true,1000
37164,SOC,WAHQ,large_airport,Adisoemarmo International Airport,-7.516,110.7575,421,AS,Indonesia,,Surakarta,true,1000
39468,UGC,UZNU,large_airport,Urgench International Airport,41.5827,60.6434,320,AS,Uzbekistan,,Urgench,true,1000
14670,BBI,VEBS,large_airport,Biju Patnaik International Airport,20.251,85.8147,138,AS,India,,Bhubaneswar,true,1000
15062,BME,YBRM,large_airport,Broome International Airport,-17.9492,122.2283,56,OC,Australia,,Broome,true,1000
15959,CBB,SLCB,large_airport,Jorge Wilsterman International Airport,-17.4211,-66.1771,8360,SA,Bolivia,,Cochabamba,true,1000
18928,ELS,FAEL,large_airport,King Phalo Airport,-33.0356,27.8259,435,AF,South Africa,,East London,true,1000
23145,HUX,MMBT,large_airport,Bahías de Huatulco International Airport,15.7754,-96.2605,464,NA,Mexico,,Huatulco,true,1000
24293,IQT,SPQT,large_airport,Coronel FAP Francisco Secada Vignetta International Airport,-3.7847,-73.3088,306,SA,Peru,,Iquitos,true,1000
27203,KZN,UWKD,large_airport,Kazan International Airport,55.6062,49.2787,411,AS,Russia,,Kazan,true,1000
27960,LKO,VILK,large_airport,Chaudhary Charan Singh International Airport,26.7606,80.8893,410,AS,India,,Lucknow,true,1000
24530,IXE,VOML,large_airport,Mangaluru International Airport,12.9547,74.8868,337,AS,India,,Mangaluru,true,1000
29473,MQP,FAKN,large_airport,Kruger Mpumalanga International Airport,-25.3833,31.1053,2829,AF,South Africa,,Mbombela,true,1000
16767,CXR,VVCR,large_airport,Cam Ranh International Airport / Cam Ranh Air Base,11.9982,109.219,40,AS,Vietnam,,Nha Trang/nha Trang aiurportCam Ranh,true,1000
35370,RAI,GVNP,large_airport,Nelson Mandela International Airport,14.9411,-23.4847,230,AF,Cape Verde,,Praia,true,1000
37146,SNU,MUSC,large_airport,Abel Santamaria International Airport,22.4922,-79.9431,338,NA,Cuba,,Santa Clara,true,1000
36750,SCU,MUCU,large_airport,Antonio Maceo International Airport,19.9747,-75.8355,249,NA,Cuba,,Santiago,true,1000
37276,SRG,WAHS,large_airport,Jenderal Ahmad Yani Airport,-6.9707,110.3732,10,AS,Indonesia,,Semarang,true,1000
36719,SBZ,LRSB,large_airport,Sibiu International Airport,45.7858,24.0867,1496,EU,Romania,,Sibiu,true,1000
36961,SIP,UKFF,large_airport,Simferopol International Airport,45.0522,33.9751,639,EU,Ukraine,,Simferopol,true,1000
39941,UTH,VTUD,large_airport,Udon Thani International Airport,17.3862,102.7886,579,AS,Thailand,,Udon Thani,true,1000
40546,VAA,EFVA,large_airport,Vaasa Airport,63.0502,21.7625,19,EU,Finland,,Vaasa,true,1000
41255,VTZ,VOVZ,large_airport,Visakhapatnam International Airport,17.7235,83.2277,15,AS,India,,Visakhapatnam,true,1000
30873,NTL,YWLM,large_airport,Newcastle Airport,-32.7961,151.835,31,OC,Australia,,Williamtown,true,1000
15179,BPN,WALL,large_airport,Sultan Aji Muhammad Sulaiman Sepinggan International Airport,-1.2683,116.8945,12,AS,Indonesia,,Balikpapan,true,1000
15319,BTJ,WITT,large_airport,Sultan Iskandar Muda International Airport,5.5251,95.42,65,AS,Indonesia,,Banda Aceh,true,1000
15317,BTH,WIDD,large_airport,Hang Nadim International Airport,1.121,104.119,126,AS,Indonesia,,Batam,true,1000
14962,BJM,HBBA,large_airport,Bujumbura Melchior Ndadaye International Airport,-3.324,29.3185,2582,AF,Burundi,,Bujumbura,true,1000
16003,CCJ,VOCL,large_airport,Calicut International Airport,11.136,75.9552,342,AS,India,,Calicut,true,1000
16074,CEI,VTCT,large_airport,Mae Fah Luang - Chiang Rai International Airport,19.9523,99.8829,1280,AS,Thailand,,Chiang Rai,true,1000
16247,CJB,VOCB,large_airport,Coimbatore International Airport,11.03,77.0434,1324,AS,India,,Coimbatore,true,1000
38865,TZL,LQTZ,large_airport,Tuzla International Airport,44.4599,18.7236,784,EU,Bosnia and Herzegovina,,Dubrave Gornje,true,1000
20278,FNA,GFLL,large_airport,Lungi International Airport,8.6164,-13.1955,84,AF,Sierra Leone,,Freetown (Lungi-Town),true,1000
21727,GRJ,FAGG,large_airport,George Airport,-34.0056,22.3789,648,AF,South Africa,,George,true,1000
23716,IAS,LRIA,large_airport,Iaşi International Airport,47.1796,27.6214,411,EU,Romania,,Iaşi,true,1000
25715,JUB,HJJJ,large_airport,Juba International Airport,4.872,31.6011,1513,AF,South Sudan,,Juba,true,1000
28891,MAJ,PKMJ,large_airport,Marshall Islands International Airport,7.0651,171.2717,6,OC,Marshall Islands,,Majuro Atoll,true,1000
15946,CAY,SOCA,large_airport,Cayenne – Félix Eboué Airport,4.82,-52.3613,26,SA,French Guiana,,Matoury,true,1000
29114,MGQ,HCMM,large_airport,Aden Adde International Airport,2.0144,45.3047,29,AF,Somalia,,Mogadishu,true,1000
30953,NVT,SBNF,large_airport,Ministro Victor Konder International Airport,-26.8794,-48.651,18,SA,Brazil,,Navegantes,true,1000
30199,NAV,LTAZ,large_airport,Nevşehir Kapadokya Airport,38.7719,34.5345,3100,AS,Turkey,,Nevşehir,true,1000
36665,SAH,OYSN,large_airport,Sanaa International Airport,15.4763,44.2197,7216,AS,Yemen,,Sanaa,true,1000
13892,APW,NSFA,large_airport,Faleolo International Airport,-13.83,-172.008,58,OC,Samoa,,Apia,true,1000
24347,ISB,OPIS,large_airport,Islamabad International Airport,33.549,72.8257,1761,AS,Pakistan,,Attock,true,1000
14819,BFN,FABL,large_airport,Bram Fischer International Airport,-29.0927,26.3024,4457,AF,South Africa,,Bloemfontein,true,1000
16154,CGQ,ZYCC,large_airport,Changchun Longjia International Airport,43.9962,125.685,706,AS,China,,Changchun,true,1000
16306,CKY,GUCY,large_airport,Ahmed Sékou Touré International Airport,9.5769,-13.612,72,AF,Guinea,,Conakry,true,1000
16393,CND,LRCK,large_airport,Mihail Kogălniceanu International Airport,44.3622,28.4883,353,EU,Romania,,Constanța,true,1000
32099,ORN,DAOO,large_airport,Oran Es-Sénia (Ahmed Ben Bella) International Airport,35.6206,-0.6225,295,AF,Algeria,,Es-Sénia,true,1000
24077,IKT,UIII,large_airport,Irkutsk International Airport,52.2667,104.3956,1675,AS,Russia,,Irkutsk,true,1000
26707,KLV,LKKV,large_airport,Karlovy Vary Airport,50.203,12.915,1989,EU,Czech Republic,,Karlovy Vary,true,1000
27860,LHW,ZLLL,large_airport,Lanzhou Zhongchuan International Airport,36.5152,103.62,6388,AS,China,,Lanzhou (Yongdeng),true,1000
19858,FBM,FZQA,large_airport,Lubumbashi International Airport,-11.5915,27.5308,4295,AF,Democratic Republic of the Congo,,Lubumbashi,true,1000
15117,BNX,LQBK,large_airport,Banja Luka International Airport,44.9414,17.2975,400,EU,Bosnia and Herzegovina,,Mahovljani,true,1000
37312,SSG,FGSL,large_airport,Malabo International Airport,3.7553,8.7087,76,AF,Equatorial Guinea,,Malabo,true,1000
29150,MHQ,EFMA,large_airport,Mariehamn Airport,60.1222,19.8982,17,EU,Finland,,Mariehamn,true,1000
37399,SUV,NFNA,large_airport,Nausori International Airport,-18.0442,178.5615,17,OC,Fiji,,Nausori,true,1000
38010,TBU,NFTF,large_airport,Fua'amotu International Airport,-21.2414,-175.1492,126,OC,Tonga,,Nuku'alofa,true,1000
32884,PDG,WIEE,large_airport,Minangkabau International Airport,-0.786,100.2804,18,AS,Indonesia,,Padang (Katapiang),true,1000
38404,TMS,FPST,large_airport,São Tomé International Airport,0.3782,6.7122,33,AF,São Tomé and Principe,,São Tomé,true,1000
28414,LXA,ZULS,large_airport,Lhasa Gonggar International Airport,29.298,90.912,11713,AS,China,,Shannan (Gonggar),true,1000
36666,SAI,VDSA,large_airport,Siem Reap-Angkor International Airport,13.3697,104.2238,191,AS,Cambodia,,Siem Reap,true,1000
27667,LCJ,EPLL,large_airport,Łódź Władysław Reymont Airport,51.7219,19.3981,604,EU,Poland,,Łódź,true,1000
13442,ADE,OYAA,large_airport,Aden International Airport,12.8296,45.03,7,AS,Yemen,,Aden,true,1000
18561,EBL,ORER,large_airport,Erbil International Airport,36.236,43.9466,1341,AS,Iraq,,Arbil,true,1000
14847,BGF,FEFF,large_airport,Bangui M'Poko International Airport,4.3985,18.5188,1208,AF,Central African Republic,,Bangui,true,1000
14783,BEN,HLLB,large_airport,Benina International Airport,32.0968,20.2695,433,AF,Libya,,Benina,true,1000
16264,CJS,MMCS,large_airport,Abraham González International Airport,31.6367,-106.4285,3904,NA,Mexico,,Ciudad Juárez,true,1000
17523,DIR,HADR,large_airport,Aba Tenna Dejazmach Yilma International Airport,9.6235,41.855,3827,AF,Ethiopia,,Dire Dawa,true,1000
22765,HKD,RJCH,large_airport,Hakodate Airport,41.77,140.822,151,AS,Japan,,Hakodate,true,1000
14672,BBK,FBKE,large_airport,Kasane International Airport,-17.8317,25.1662,3289,AF,Botswana,,Kasane,true,1000
26614,KJA,UNKL,large_airport,Krasnoyarsk International Airport,56.1757,92.4858,942,AS,Russia,,Krasnoyarsk,true,1000
27024,KUO,EFKU,large_airport,Kuopio Airport,63.0071,27.7978,323,EU,Finland,,Kuopio / Siilinjärvi,true,1000
28141,LPP,EFLP,large_airport,Lappeenranta Airport,61.0446,28.1447,349,EU,Finland,,Lappeenranta,true,1000
35799,RMF,HEMA,large_airport,Marsa Alam International Airport,25.5555,34.5924,213,AF,Egypt,,Marsa Alam,true,1000
29290,MLM,MMMM,large_airport,General Francisco J. Mujica International Airport,19.8499,-101.025,6033,NA,Mexico,,Morelia,true,1000
32139,OSR,LKMT,large_airport,Leoš Janáček Airport Ostrava,49.6963,18.1111,844,EU,Czech Republic,,Mošnov,true,1000
30412,NGS,RJFU,large_airport,Nagasaki Airport,32.9169,129.914,15,AS,Japan,,Nagasaki,true,1000
30702,NOU,NWWW,large_airport,La Tontouta International Airport,-22.0146,166.213,52,OC,New Caledonia,,Nouméa (La Tontouta),true,1000
32194,OUA,DFFD,large_airport,Ouagadougou Thomas Sankara International Airport,12.3532,-1.5124,1037,AF,Burkina Faso,,Ouagadougou,true,1000
43689,XPL,MHPR,large_airport,Palmerola International Airport,14.3824,-87.6212,2061,NA,Honduras,,Palmerola,true,1000
24551,IXZ,VOPB,large_airport,Veer Savarkar International Airport / INS Utkrosh,11.6402,92.729,13,AS,India,,Port Blair,true,1000
33024,PHC,DNPO,large_airport,Port Harcourt International Airport,5.0155,6.9496,87,AF,Nigeria,,Port Harcourt,true,1000
35589,RGL,SAWG,large_airport,Piloto Civil Norberto Fernández International Airport,-51.6088,-69.3089,61,SA,Argentina,,Rio Gallegos,true,1000
42599,WVB,FYWB,large_airport,Walvis Bay International Airport,-22.9793,14.6471,299,AF,Namibia,,Walvis Bay(Rooikop),true,1000
39988,UUS,UHSS,large_airport,Yuzhno-Sakhalinsk International Airport,46.8855,142.7175,59,AS,Russia,,Yuzhno-Sakhalinsk,true,1000
35883,ROR,PTRO,large_airport,Roman Tmetuchl International Airport,7.367,134.5441,176,OC,Palau,,Babelthuap Island,true,1000
15383,BVB,SBBV,large_airport,Atlas Brasil Cantanhede International Airport,2.8462,-60.6906,276,SA,Brazil,,Boa Vista,true,1000
24528,IXC,VICG,large_airport,Shaheed Bhagat Singh International Airport,30.6735,76.7885,1012,AS,India,,Chandigarh,true,1000
22025,GZT,LTAJ,large_airport,Gaziantep Oğuzeli International Airport,36.9472,37.4787,2315,AS,Turkey,,Gaziantep,true,1000
21126,GAU,VEGT,large_airport,Lokpriya Gopinath Bordoloi International Airport,26.1067,91.5852,162,AS,India,,Guwahati,true,1000
22586,HFE,ZSOF,large_airport,Hefei Xinqiao International Airport,31.9878,116.9769,207,AS,China,,Hefei,true,1000
24290,IQQ,SCDA,large_airport,Diego Aracena International Airport,-20.5363,-70.1814,155,SA,Chile,,Iquique,true,1000
26590,KIM,FAKM,large_airport,Kimberley Airport,-28.8054,24.7649,3950,AF,South Africa,,Kimberley,true,1000
28979,MCZ,SBMO,large_airport,Zumbi dos Palmares International Airport,-9.5126,-35.7918,387,SA,Brazil,,Maceió,true,1000
36775,SDJ,RJSS,large_airport,Sendai Airport,38.1397,140.917,15,AS,Japan,,Natori,true,1000
24174,INI,LYNI,large_airport,Niš Constantine the Great Airport,43.3365,21.8562,648,EU,Serbia,,Niš,true,1000
33182,PLQ,EYPA,large_airport,Palanga International Airport,55.9732,21.0939,33,EU,Lithuania,,Palanga,true,1000
15384,BVC,GVBA,large_airport,Aristides Pereira International Airport,16.1365,-22.8889,69,AF,Cape Verde,,Rabil,true,1000
37350,STI,MDST,large_airport,Cibao International Airport,19.4041,-70.6044,565,NA,Dominican Republic,,Santiago,true,1000
24527,IXB,VEBD,large_airport,Bagdogra Airport,26.6812,88.3286,412,AS,India,,Siliguri,true,1000
38586,TRU,SPRU,large_airport,Capitán FAP Carlos Martínez de Pinillos International Airport,-8.0824,-79.1088,106,SA,Peru,,Trujillo,true,1000
38324,TKK,PTKK,large_airport,Chuuk International Airport,7.4619,151.843,11,OC,Micronesia,,Weno Island,true,1000
44449,YAP,PTYA,large_airport,Yap International Airport,9.4989,138.083,91,OC,Micronesia,,Yap Island,true,1000
46457,ZUH,ZGSD,large_airport,Zhuhai Jinwan Airport,22.0064,113.376,23,AS,China,,Zhuhai (Jinwan),true,1000
13778,AMQ,WAPP,large_airport,Pattimura International Airport,-3.7103,128.089,33,AS,Indonesia,,Ambon,true,1000
15047,BLZ,FWCL,large_airport,Chileka International Airport,-15.6772,34.9723,2555,AF,Malawi,,Blantyre,true,1000
16376,CMW,MUCM,large_airport,Ignacio Agramonte International Airport,21.4199,-77.848,413,NA,Cuba,,Camaguey,true,1000
17363,DEB,LHDC,large_airport,Debrecen International Airport,47.4895,21.6163,359,EU,Hungary,,Debrecen,true,1000
18118,DZA,FMCZ,large_airport,Dzaoudzi Pamandzi International Airport,-12.8093,45.2818,23,AF,Mayotte,,Dzaoudzi,true,1000
22707,HIR,AGGH,large_airport,Honiara International Airport,-9.428,160.055,28,OC,Solomon Islands,,Honiara,true,1000
38795,TXN,ZSTX,large_airport,Huangshan Tunxi International Airport,29.7333,118.256,0,AS,China,,Huangshan,true,1000
23823,IDR,VAID,large_airport,Devi Ahilya Bai Holkar International Airport,22.7214,75.8005,1850,AS,India,,Indore,true,1000
26919,KRR,URKK,large_airport,Krasnodar Pashkovsky International Airport,45.0345,39.1742,118,EU,Russia,,Krasnodar,true,1000
27590,LAE,AYNZ,large_airport,Nadzab Tomodachi International Airport,-6.568,146.7265,239,OC,Papua New Guinea,,Lae,true,1000
27600,LAO,RPLI,large_airport,Laoag International Airport,18.1751,120.531,25,AS,Philippines,,Laoag City,true,1000
28899,MAR,SVMC,large_airport,La Chinita International Airport,10.5575,-71.7293,239,SA,Venezuela,,Maracaibo,true,1000
22409,HAH,FMCH,large_airport,Prince Said Ibrahim International Airport,-11.5337,43.2719,93,AF,Comoros,,Moroni,true,1000
33316,PPG,NSTU,large_airport,Pago Pago International Airport,-14.331,-170.71,32,OC,American Samoa,,Pago Pago,true,1000
32920,PEG,LIRZ,large_airport,Perugia San Francesco d'Assisi – Umbria International Airport,43.0959,12.5132,697,EU,Italy,,Perugia (PG),true,1000
32936,PEW,OPPS,large_airport,Bacha Khan International Airport,33.9939,71.5146,1158,AS,Pakistan,,Peshawar,true,1000
33132,PKC,UHPP,large_airport,Yelizovo Airport,53.1687,158.4511,131,AS,Russia,,Petropavlovsk-Kamchatsky,true,1000
33255,PNR,FCPP,large_airport,Antonio Agostinho-Neto International Airport,-4.816,11.8866,55,AF,Republic of the Congo,,Pointe Noire,true,1000
35884,ROS,SAAR,large_airport,Rosario Islas Malvinas International Airport,-32.9036,-60.785,85,SA,Argentina,,Rosario,true,1000
37065,SLL,OOSA,large_airport,Salalah International Airport,17.0387,54.0913,73,AS,Oman,,Salalah,true,1000
37021,SKD,UZSS,large_airport,Samarkand International Airport,39.7018,66.9815,2224,AS,Uzbekistan,,Samarkand,true,1000
29214,MJI,HLLM,large_airport,Mitiga International Airport,32.8918,13.2879,36,AF,Libya,,Tripoli,true,1000
16153,CGP,VGEG,large_airport,Shah Amanat International Airport,22.2496,91.8133,12,AS,Bangladesh,,Chattogram (Chittagong),true,1000
16233,CIX,SPHI,large_airport,Capitán FAP José A. Quiñones González International Airport,-6.7892,-79.8283,97,SA,Peru,,Chiclayo,true,1000
35814,RMU,LEMI,large_airport,Region of Murcia International Airport,37.8029,-1.1249,644,EU,Spain,,Corvera,true,1000
21622,GOM,FZNA,large_airport,Goma International Airport,-1.6668,29.238,5089,AF,Democratic Republic of the Congo,,Goma,true,1000
25534,JPA,SBJP,large_airport,Presidente Castro Pinto International Airport,-7.1487,-34.9506,217,SA,Brazil,,João Pessoa,true,1000
26509,KGD,UMKK,large_airport,Khrabrovo Airport,54.8916,20.5986,42,EU,Russia,,Kaliningrad,true,1000
26303,KAN,DNKN,large_airport,Mallam Aminu Kano International Airport,12.0456,8.5236,1562,AF,Nigeria,,Kano,true,1000
27154,KYA,LTAN,large_airport,Konya Airport,37.979,32.5619,3392,AS,Turkey,,Konya,true,1000
30594,NLU,MMSM,large_airport,Felipe Ángeles International Airport,19.7438,-99.0151,7369,NA,Mexico,,Mexico City,true,1000
29324,MMK,ULMM,large_airport,Emperor Nicholas II Murmansk Airport,68.7817,32.7508,266,EU,Russia,,Murmansk,true,1000
13881,APL,FQNP,large_airport,Nampula Airport,-15.1056,39.2818,1444,AF,Mozambique,,Nampula,true,1000
30767,NQN,SAZN,large_airport,Presidente Perón International Airport,-38.949,-68.1557,895,SA,Argentina,,Neuquén,true,1000
31586,ODE,EKOD,large_airport,Odense Hans Christian Andersen Airport,55.4753,10.3272,56,EU,Denmark,,Odense,true,1000
26938,KSA,PTSA,large_airport,Kosrae International Airport,5.357,162.958,11,OC,Micronesia,,Okat,true,1000
32917,PED,LKPD,large_airport,Pardubice Airport,50.015,15.7398,741,EU,Czech Republic,,Pardubice,true,1000
33248,PNK,WIOO,large_airport,Supadio International Airport,-0.1523,109.4045,10,AS,Indonesia,,Pontianak,true,1000
37968,TAO,ZSQD,large_airport,Qingdao Jiaodong International Airport,36.362,120.0882,30,AS,China,,Qingdao (Jiaozhou),true,1000
38588,TRW,NGTA,large_airport,Bonriki International Airport,1.3816,173.147,9,OC,Kiribati,,South Tarawa,true,1000
37503,SXR,VISR,large_airport,Sheikh ul Alam International Airport,33.9871,74.7742,5429,AS,India,,Srinagar,true,1000
36751,SCV,LRSV,large_airport,Suceava Ștefan cel Mare International Airport,47.6875,26.3541,1375,EU,Romania,,Suceava,true,1000
37363,STV,VASU,large_airport,Surat International Airport,21.1155,72.7433,16,AS,India,,Surat,true,1000
38463,TOF,UNTT,large_airport,Tomsk Kamov Airport,56.3803,85.2083,597,AS,Russia,,Tomsk,true,1000
14743,BDJ,WAOO,large_airport,Syamsudin Noor International Airport,-3.4401,114.7612,66,AS,Indonesia,,Banjarbaru,true,1000
14792,BEW,FQBR,large_airport,Beira International Airport,-19.7964,34.9076,33,AF,Mozambique,,Beira,true,1000
25077,JCL,LKCS,large_airport,České Budějovice South Bohemian Airport,48.9482,14.4283,1417,EU,Czech Republic,,České Budějovice,true,1000
30684,NOC,EIKN,large_airport,Ireland West Airport Knock,53.9104,-8.817,665,EU,Ireland,,Charlestown,true,1000
16537,CRD,SAVC,large_airport,General Enrique Mosconi International Airport,-45.7869,-67.4634,189,SA,Argentina,,Comodoro Rivadavia,true,1000
16009,CCP,SCIE,large_airport,Carriel Sur International Airport,-36.7724,-73.0628,26,SA,Chile,,Concepcion,true,1000
16534,CRA,LRCV,large_airport,Craiova International Airport,44.3181,23.8886,626,EU,Romania,,Craiova,true,1000
20151,FJR,OMFJ,large_airport,Fujairah International Airport,25.1084,56.3281,152,AS,United Arab Emirates,,Fujairah,true,1000
33684,PZO,SVPR,large_airport,General Manuel Carlos Piar International Airport,8.2885,-62.7604,472,SA,Venezuela,,Guyana City,true,1000
23891,IFN,OIFM,large_airport,Isfahan Shahid Beheshti International Airport,32.7551,51.8839,5059,AS,Iran,,Isfahan,true,1000
27046,KVA,LGKV,large_airport,Kavala Alexander the Great International Airport,40.9133,24.6192,18,EU,Greece,,Kavala,true,1000
39611,UKB,RJBE,large_airport,Kobe Airport,34.6328,135.224,22,AS,Japan,,Kobe,true,1000
31920,OMO,LQMO,large_airport,Mostar International Airport,43.2825,17.8461,156,EU,Bosnia and Herzegovina,,Mostar,true,1000
29435,MPN,EGYP,large_airport,Mount Pleasant Airport / RAF Mount Pleasant,-51.8226,-58.4458,244,SA,Falkland Islands,,Mount Pleasant,true,1000
29625,MUX,OPMT,large_airport,Multan International Airport,30.2032,71.4191,403,AS,Pakistan,,Multan,true,1000
30184,NAG,VANP,large_airport,Dr. Babasaheb Ambedkar International Airport,21.0922,79.0472,1033,AS,India,,Nagpur,true,1000
30540,NKC,GQNO,large_airport,Nouakchott–Oumtounsy International Airport,18.31,-15.9697,9,AF,Mauritania,,Nouakchott,true,1000
33690,PZU,HSPN,large_airport,Port Sudan New International Airport,19.4346,37.2341,135,AF,Sudan,,Port Sudan,true,1000
35741,RKT,OMRK,large_airport,Ras Al Khaimah International Airport,25.6135,55.9388,102,AS,United Arab Emirates,,Ras Al Khaimah,true,1000
35415,RBR,SBRB,large_airport,Rio Branco-Plácido de Castro International Airport,-9.869,-67.894,633,SA,Brazil,,Rio Branco,true,1000
38015,TBZ,OITT,large_airport,Tabriz International Airport,38.1339,46.235,4459,AS,Iran,,Tabriz,true,1000
37964,TAK,RJOT,large_airport,Takamatsu Airport,34.215,134.0155,607,AS,Japan,,Takamatsu,true,1000
39299,UBN,ZMCK,large_airport,Ulaanbaatar Chinggis Khaan International Airport,47.6469,106.8198,4482,AS,Mongolia,,Ulaanbaatar (Sergelen),true,1000
42335,WNZ,ZSWZ,large_airport,Wenzhou Longwan International Airport,27.9106,120.8535,13,AS,China,,Wenzhou (Longwan),true,1000
30834,NSI,FKYS,large_airport,Yaoundé Nsimalen International Airport,3.7226,11.5533,2278,AF,Cameroon,,Yaoundé,true,1000
13447,ADJ,OJAM,large_airport,Marka International (Amman Civil) Airport,31.9727,35.9916,2555,AS,Jordan,,Amman,true,1000
14701,BCD,RPVB,large_airport,Bacolod-Silay International Airport,10.7762,123.0189,82,AS,Philippines,,Bacolod City,true,1000
16076,CEK,USCC,large_airport,Kurchatov Chelyabinsk International Airport,55.3031,61.5049,769,AS,Russia,,Chelyabinsk,true,1000
16833,CZL,DABC,large_airport,Mohamed Boudiaf International Airport,36.276,6.6204,2265,AF,Algeria,,Constantine,true,1000
37958,TAE,RKTN,large_airport,Daegu International Airport,35.8944,128.657,116,AS,South Korea,,Daegu,true,1000
19247,EUN,GMML,large_airport,Laayoune Hassan I International Airport,27.1425,-13.2249,207,AF,Western Sahara (disputed territory),,El Aaiún,true,1000
26596,KIS,HKKI,large_airport,Kisumu International Airport,-0.0861,34.7289,3734,AF,Kenya,,Kisumu,true,1000
26731,KMJ,RJFT,large_airport,Kumamoto Airport,32.8373,130.855,642,AS,Japan,,Kumamoto,true,1000
16162,CGY,RPMY,large_airport,Laguindingan International Airport,8.6122,124.4565,190,AS,Philippines,,Laguindingan,true,1000
29550,MSU,FXMM,large_airport,Moshoeshoe I International Airport,-29.4563,27.5545,5348,AF,Lesotho,,Maseru(Mazenod),true,1000
29755,MYJ,RJOM,large_airport,Matsuyama Airport,33.8269,132.7001,25,AS,Japan,,Matsuyama,true,1000
26730,KMI,RJFM,large_airport,Miyazaki Airport,31.8772,131.449,20,AS,Japan,,Miyazaki,true,1000
26587,KIJ,RJSN,large_airport,Niigata Airport,37.9542,139.1122,29,AS,Japan,,Niigata,true,1000
21619,GOJ,UWGG,large_airport,Nizhny Novgorod / Strigino International Airport,56.2274,43.7852,256,EU,Russia,,Nizhny Novgorod,true,1000
31729,OHD,LWOH,large_airport,Ohrid St. Paul the Apostle Airport,41.18,20.7423,2313,EU,North Macedonia,,Ohrid,true,1000
33026,PHE,YPPD,large_airport,Port Hedland International Airport,-20.3828,118.6298,33,OC,Australia,,Port Hedland,true,1000
25331,JJN,ZSQZ,large_airport,Quanzhou Jinjiang International Airport,24.7959,118.5886,39,AS,China,,Quanzhou,true,1000
39413,UET,OPQT,large_airport,Quetta International Airport,30.2514,66.9378,5267,AS,Pakistan,,Quetta,true,1000
46378,ZSA,MYSM,large_airport,San Salvador International Airport,24.063,-74.5232,24,NA,Bahamas,,San Salvador,true,1000
16229,CIT,UAII,large_airport,Shymkent International Airport,42.365,69.4756,1385,AS,Kazakhstan,,Shymkent,true,1000
38694,TUU,OETB,large_airport,Prince Sultan bin Abdulaziz International Airport,28.3711,36.6249,2551,AS,Saudi Arabia,,Tabuk,true,1000
38247,TIF,OETF,large_airport,Taif International Airport,21.4847,40.5441,4848,AS,Saudi Arabia,,Taif,true,1000
40955,VLN,SVVA,large_airport,Arturo Michelena International Airport,10.1497,-67.9284,1411,SA,Venezuela,,Valencia,true,1000
13583,AHB,OEAB,large_airport,Abha International Airport,18.2404,42.6566,6858,AS,Saudi Arabia,,Abha,true,1000
32197,OUD,GMFO,large_airport,Oujda Angads Airport,34.7896,-1.926,1535,AF,Morocco,,Ahl Angad,true,1000
13343,AAN,OMAL,large_airport,Al Ain International Airport,24.2617,55.6092,869,AS,United Arab Emirates,,Al Ain,true,1000
13334,AAE,DABB,large_airport,Annaba Rabah Bitat Airport,36.8268,7.8133,16,AF,Algeria,,Annaba,true,1000
14892,BHO,VABP,large_airport,Raja Bhoj International Airport,23.2875,77.3374,1711,AS,India,,Bhopal,true,1000
32303,OXB,GGOV,large_airport,Osvaldo Vieira International Airport,11.8943,-15.6536,129,AF,Guinea-Bissau,,Bissau,true,1000
15362,BUQ,FVJN,large_airport,Joshua Mqabuko Nkomo International Airport,-20.0163,28.6229,4359,AF,Zimbabwe,,Bulawayo,true,1000
38154,TFU,ZUTF,large_airport,Chengdu Tianfu International Airport,30.3125,104.4413,1440,AS,China,,Chengdu (Jianyang),true,1000
40845,VIL,GMMH,large_airport,Dakhla Airport,23.7183,-15.932,36,AF,Western Sahara (disputed territory),,Dakhla,true,1000
18636,EDO,LTFD,large_airport,Balıkesir Koca Seyit Airport,39.5525,27.0102,50,AS,Turkey,,Edremit,true,1000
18633,EDL,HKEL,large_airport,Eldoret International Airport,0.4045,35.2389,6941,AF,Kenya,,Eldoret,true,1000
22546,HEA,OAHR,large_airport,Herat - Khwaja Abdullah Ansari International Airport,34.21,62.2283,3206,AS,Afghanistan,,Guzara,true,1000
22565,HET,ZBHH,large_airport,Hohhot Baita International Airport,40.8497,111.8246,3556,AS,China,,Hohhot,true,1000
23135,HUN,RCYU,large_airport,Hualien Chiashan Airport,24.0232,121.618,52,AS,Taiwan,,Hualien City,true,1000
26738,KMQ,RJNK,large_airport,Komatsu Airport / JASDF Komatsu Air Base,36.3934,136.4069,36,AS,Japan,,Kanazawa,true,1000
37417,SVD,TVSA,large_airport,Argyle International Airport,13.1597,-61.1488,136,NA,Saint Vincent and the Grenadines,,Kingstown,true,1000
16758,CXI,PLCH,large_airport,Cassidy International Airport,1.9863,-157.35,5,OC,Kiribati,,Kiritimati,true,1000
28331,LUZ,EPLB,large_airport,Lublin Airport,51.2402,22.7135,633,EU,Poland,,Lublin,true,1000
29799,MZR,OAMS,large_airport,Mazar-i-Sharif International Airport,36.7041,67.2105,1284,AS,Afghanistan,,Mazar-i-Sharif,true,1000
29082,MFU,FLMF,large_airport,Mfuwe International Airport,-13.2589,31.9366,1853,AF,Zambia,,Mfuwe,true,1000
29515,MRV,URMM,large_airport,Mineralnye Vody Airport,44.2251,43.0819,1054,EU,Russia,,Mineralnyye Vody,true,1000
35674,RIY,OYRN,large_airport,Riyan International Airport,14.6622,49.3753,54,AS,Yemen,,Mukalla(Riyan),true,1000
26555,KHN,ZSCN,large_airport,Nanchang Changbei International Airport,28.8648,115.9027,143,AS,China,,Nanchang,true,1000
30700,NOS,FMNN,large_airport,Nosy Be International Airport,-13.3121,48.3148,36,AF,Madagascar,,Nosy Be,true,1000
32399,OZZ,GMMZ,large_airport,Ouarzazate International Airport,30.9391,-6.9094,3782,AF,Morocco,,Ouarzazate,true,1000
32918,PEE,USPP,large_airport,Perm International Airport,57.9145,56.0212,404,AS,Russia,,Perm,true,1000
33533,PVH,SBPV,large_airport,Governador Jorge Teixeira de Oliveira International Airport,-8.7085,-63.9023,295,SA,Brazil,,Porto Velho,true,1000
32853,PCL,SPCL,large_airport,Cap FAP David Abenzur Rengifo International Airport,-8.3781,-74.5745,513,SA,Peru,,Pucallpa,true,1000
18926,ELQ,OEGS,large_airport,Prince Naif bin Abdulaziz International Airport,26.3028,43.7744,2126,AS,Saudi Arabia,,Qassim,true,1000
38403,TMR,DAAT,large_airport,Aguenar – Hadj Bey Akhamok Airport,22.811,5.4508,4518,AF,Algeria,,Tamanrasset,true,1000
38259,TIR,VOTP,large_airport,Tirupati International Airport,13.632,79.5399,350,AS,India,,Tirupati,true,1000
40762,VGA,VOBZ,large_airport,Vijayawada International Airport,16.53,80.8049,82,AS,India,,Vijayawada,true,1000
18088,DYG,ZGDY,large_airport,Zhangjiajie Hehua International Airport,29.1047,110.4428,8530,AS,China,,Zhangjiajie (Yongding),true,1000
36744,SCO,UATE,large_airport,Aktau International Airport,43.8601,51.0909,73,AS,Kazakhstan,,Aktau,true,1000
13713,AKX,UATT,large_airport,Aktobe International Airport,50.2481,57.2041,738,AS,Kazakhstan,,Aktobe,true,1000
13741,ALP,OSAP,large_airport,Aleppo International Airport,36.1813,37.2269,1276,AS,Syria,,Aleppo,true,1000
14710,BCM,LRBC,large_airport,Bacău George Enescu International  Airport,46.5219,26.9103,607,EU,Romania,,Bacău,true,1000
15097,BND,OIKB,large_airport,Bandar Abbas International Airport,27.2183,56.3778,22,AS,Iran,,Bandar Abbas,true,1000
15291,BSR,ORMM,large_airport,Basra International Airport,30.5491,47.6621,11,AS,Iraq,,Basra,true,1000
14888,BHK,UZSB,large_airport,Bukhara International Airport,39.7753,64.4823,751,AS,Uzbekistan,,Bukhara,true,1000
15937,CAP,MTCH,large_airport,Cap Haitien International Airport,19.7255,-72.2007,10,NA,Haiti,,Cap Haitien,true,1000
19210,ETM,LLER,large_airport,Ramon International Airport,29.727,35.0141,288,AS,Israel,,Eilat,true,1000
28465,LYP,OPFA,large_airport,Faisalabad International Airport,31.3649,72.9953,591,AS,Pakistan,,Faisalabad,true,1000
27086,KWE,ZUGY,large_airport,Guiyang Longdongbao International Airport,26.5418,106.804,3736,AS,China,,Guiyang (Nanming),true,1000
43619,XNN,ZLXN,large_airport,Xining Caojiabao International Airport,36.5277,102.0402,7119,AS,China,,Haidong (Huzhu Tu Autonomous County),true,1000
22420,HAS,OEHL,large_airport,Hail International Airport,27.4379,41.6863,3331,AS,Saudi Arabia,,Hail,true,1000
24135,IMF,VEIM,large_airport,Bir Tikendrajit International Airport,24.76,93.8967,2540,AS,India,,Imphal,true,1000
24245,IPH,WMKI,large_airport,Sultan Azlan Shah Airport,4.5673,101.0916,130,AS,Malaysia,,Ipoh,true,1000
16403,CNN,VOKN,large_airport,Kannur International Airport,11.9163,75.545,330,AS,India,,Kannur,true,1000
26451,KER,OIKK,large_airport,Ayatollah Hashemi Rafsanjani International Airport,30.2713,56.9497,5741,AS,Iran,,Kerman,true,1000
20178,FKI,FZIC,large_airport,Bangoka International Airport,0.4816,25.338,1417,AF,Democratic Republic of the Congo,,Kisangani,true,1000
26740,KMS,DGSI,large_airport,Prempeh I International Airport,6.7146,-1.5908,942,AF,Ghana,,Kumasi,true,1000
30504,NJC,USNN,large_airport,Nizhnevartovsk Airport,60.9493,76.4836,177,AS,Russia,,Nizhnevartovsk,true,1000
31924,OMS,UNOO,large_airport,Omsk Central Airport,54.9631,73.3124,311,AS,Russia,,Omsk,true,1000
31923,OMR,LROD,large_airport,Oradea International Airport,47.0253,21.9025,465,EU,Romania,,Oradea,true,1000
32140,OSS,UCFO,large_airport,Osh International Airport,40.609,72.7933,2927,AS,Kyrgyzstan,,Osh,true,1000
32899,PDV,LBPD,large_airport,Plovdiv International Airport,42.0678,24.8508,597,EU,Bulgaria,,Plovdiv,true,1000
33280,POG,FOOG,large_airport,Port Gentil International Airport,-0.7117,8.7544,13,AF,Gabon,,Port Gentil,true,1000
33421,PSD,HEPS,large_airport,Port Said International Airport,31.2793,32.2406,10,AF,Egypt,,Port Said,true,1000
38676,TUC,SANT,large_airport,Teniente Benjamín Matienzo International Airport,-26.8374,-65.1042,1493,SA,Argentina,,San Miguel de Tucumán,true,1000
41378,VXE,GVSV,large_airport,Cesaria Evora International Airport,16.8334,-25.0553,66,AF,Cape Verde,,São Pedro,true,1000
35810,RMQ,RCMQ,large_airport,Taichung International Airport / Ching Chuang Kang Air Base,24.2647,120.621,663,AS,Taiwan,,Taichung (Qingshui),true,1000
38435,TNN,RCNN,large_airport,Tainan International Airport / Tainan Air Base,22.9504,120.206,63,AS,Taiwan,,Tainan (Rende),true,1000
45816,ZCO,SCQP,large_airport,La Araucanía International Airport,-38.9259,-72.6515,333,SA,Chile,,Temuco,true,1000
38117,TET,FQTT,large_airport,Tete Airport,-16.1048,33.6402,525,AF,Mozambique,,Tete,true,1000
38290,TJM,USTR,large_airport,Roshchino International Airport,57.179,65.3277,378,AS,Russia,,Tyumen,true,1000
41056,VOG,URWW,large_airport,Volgograd International Airport,48.7813,44.3392,482,EU,Russia,,Volgograd,true,1000
42585,WUX,ZSWX,large_airport,Sunan Shuofang International Airport,31.497,120.4304,24,AS,China,,Wuxi,true,1000
44812,YKS,UEEE,large_airport,Platon Oyunsky Yakutsk International Airport,62.0933,129.771,325,AS,Russia,,Yakutsk,true,1000
13369,ABD,OIAA,large_airport,Abadan Ayatollah Jami International Airport,30.3679,48.2301,10,AS,Iran,,Abadan,true,1000
14147,AWZ,OIAW,large_airport,Qasem Soleimani International Airport,31.3364,48.7638,66,AS,Iran,,Ahvaz,true,1000
30303,NDR,GMMW,large_airport,Nador Al Aaroui International Airport,34.9888,-3.0282,574,AF,Morocco,,Al Aaroui,true,1000
37221,SPX,HESX,large_airport,Sphinx International Airport,30.1082,30.8957,510,AF,Egypt,,Al Jiza,true,1000
13843,AOJ,RJSA,large_airport,Aomori Airport,40.7338,140.6895,664,AS,Japan,,Aomori,true,1000
13983,ASF,URWA,large_airport,Astrakhan Narimanovo Boris M. Kustodiev International Airport,46.2828,48.0105,-65,AS,Russia,,Astrakhan,true,1000
14039,ATZ,HEAT,large_airport,Asyut International Airport,27.046,31.0128,748,AF,Egypt,,Asyut,true,1000
21848,GUW,UATG,large_airport,Atyrau International Airport,47.1213,51.8203,-72,AS,Kazakhstan,,Atyrau,true,1000
14647,BAV,ZBOW,large_airport,Baotou Donghe International Airport,40.56,109.997,3321,AS,China,,Baotou,true,1000
15280,BSG,FGBT,large_airport,Bata International Airport,1.9055,9.8057,13,AF,Equatorial Guinea,,Bata,true,1000
15364,BUS,UGSB,large_airport,Alexander Kartveli Batumi International Airport,41.6094,41.6003,105,AS,Georgia,,Batumi,true,1000
21379,GHV,LRBV,large_airport,Brașov-Ghimbav International Airport,45.7056,25.5229,1740,EU,Romania,,Brașov (Ghimbav),true,1000
24108,ILO,RPVI,large_airport,Iloilo International Airport,10.833,122.4934,27,AS,Philippines,,Cabatuan,true,1000
16255,CJJ,RKTU,large_airport,Cheongju International Airport/Cheongju Air Base (K-59/G-513),36.7156,127.5003,191,AS,South Korea,,Cheongju,true,1000
23086,HTA,UIAA,large_airport,Chita-Kadala International Airport,52.0248,113.3058,2272,AS,Russia,,Chita,true,1000
13565,AGT,SGES,large_airport,Guaraní International Airport,-25.4572,-54.8395,846,SA,Paraguay,,Ciudad del Este,true,1000
17548,DJG,DAAJ,large_airport,Tiska Djanet Airport,24.2854,9.4637,3176,AF,Algeria,,Djanet,true,1000
13838,AOE,LTBY,large_airport,Hasan Polatkan Airport,39.8116,30.5193,2588,AS,Turkey,,Eskişehir,true,1000
29639,MVB,FOON,large_airport,M'Vengue El Hadj Omar Bongo Ondimba International Airport,-1.6562,13.438,1450,AF,Gabon,,Franceville,true,1000
21119,GAN,VRMG,large_airport,Gan International Airport,-0.693,73.1526,6,AS,Maldives,,Gan,true,1000
29358,MNI,TRPG,large_airport,John A. Osborne Airport,16.7918,-62.1932,550,NA,Montserrat,,Gerald's Park,true,1000
21739,GRV,URMG,large_airport,Akhmat Kadyrov Grozny International Airport,43.3881,45.6998,548,AS,Russia,,Grozny,true,1000
22949,HPH,VVCI,large_airport,Cat Bi International Airport,20.8174,106.7243,6,AS,Vietnam,,Haiphong (Hai An),true,1000
22618,HGA,HCMH,large_airport,Egal International Airport,9.5141,44.0835,4471,AF,Somalia,,Hargeisa,true,1000
22911,HOF,OEAH,large_airport,Al-Ahsa International Airport,25.2853,49.4852,588,AS,Saudi Arabia,,Hofuf,true,1000
29788,MZG,RCQC,large_airport,Penghu Magong Airport,23.5687,119.628,103,AS,Taiwan,,Huxi,true,1000
26511,KGF,UAKK,large_airport,Sary-Arka Airport,49.6708,73.3344,1765,AS,Kazakhstan,,Karaganda,true,1000
33644,PYK,OIIP,large_airport,Payam International Airport,35.7761,50.8267,4170,AS,Iran,,Karaj,true,1000
26387,KCZ,RJOK,large_airport,Kochi Ryoma Airport,33.5452,133.6702,42,AS,Japan,,Nankoku,true,1000
24356,ISK,VAOZ,large_airport,Nashik International Airport,20.1191,73.9129,1900,AS,India,,Nashik,true,1000
31061,NYT,VYNT,large_airport,Nay Pyi Taw International Airport,19.6235,96.201,302,AS,Myanmar,,Naypyitaw,true,1000
30270,NCU,UZNN,large_airport,Nukus International Airport,42.4884,59.6233,246,AS,Uzbekistan,,Nukus,true,1000
31620,OEC,WPOC,large_airport,Oecusse Route of the Sandalwood International Airport,-9.1984,124.3379,0,AS,Timor-Leste,,Oecussi-Ambeno,true,1000
31843,OKJ,RJOB,large_airport,Okayama Momotaro Airport,34.7569,133.855,806,AS,Japan,,Okayama,true,1000
32935,PEV,LHPP,large_airport,Pécs-Pogány International Airport,45.9889,18.242,651,EU,Hungary,,Pécs,true,1000
33460,PTG,FAPP,large_airport,Polokwane International Airport,-23.8453,29.4586,4076,AF,South Africa,,Polokwane,true,1000
26812,KOS,VDSV,large_airport,Sihanouk International Airport,10.5706,103.6321,33,AS,Cambodia,,Preah Sihanouk,true,1000
13914,AQI,OEPA,large_airport,Qaisumah–Hafar Al-Batin International Airport,28.3357,46.1271,1174,AS,Saudi Arabia,,Qaisumah,true,1000
40134,UYU,SLUY,large_airport,Joya Andina International Airport,-20.4413,-66.8576,11136,SA,Bolivia,,Quijarro,true,1000
35524,RES,SARE,large_airport,Resistencia International Airport,-27.4499,-59.0561,173,SA,Argentina,,Resistencia,true,1000
35887,ROV,URRP,large_airport,Platov International Airport,47.4939,39.9247,213,EU,Russia,,Rostov-on-Don,true,1000
35881,ROP,PGRO,large_airport,Rota International Airport,14.1733,145.2411,607,OC,Northern Mariana Islands,,Rota Island,true,1000
23056,HSG,RJFS,large_airport,Kyushu Saga International Airport,33.1497,130.302,6,AS,Japan,,Saga,true,1000
21598,GNY,LTCS,large_airport,Şanlıurfa GAP Airport,37.4457,38.8956,2708,AS,Turkey,,Şanlıurfa,true,1000
37004,SJW,ZBSJ,large_airport,Shijiazhuang Zhengding International Airport,38.2807,114.697,233,AS,China,,Shijiazhuang,true,1000
37037,SKT,OPST,large_airport,Sialkot International Airport,32.5359,74.3646,837,AS,Pakistan,,Sialkot,true,1000
38658,TTU,GMTN,large_airport,Sania Ramel Airport,35.5943,-5.32,10,AF,Morocco,,Tétouan,true,1000
38470,TOM,GATB,large_airport,Tombouktou Airport,16.7305,-3.0076,863,AF,Mali,,Timbuktu,true,1000
38332,TKS,RJOS,large_airport,Tokushima Awaodori Airport / JMSDF Tokushima Air Base,34.1326,134.6078,26,AS,Japan,,Tokushima,true,1000
38544,TQO,MMTL,large_airport,Felipe Carrillo Puerto International Airport Tulum,20.1721,-87.6603,66,NA,Mexico,,Tulum,true,1000
39862,URA,UARR,large_airport,Manshuk Mametova International Airport,51.152,51.5437,125,AS,Kazakhstan,,Uralsk,true,1000
39367,UDJ,UKLU,large_airport,Uzhhorod International Airport,48.6343,22.2634,383,EU,Ukraine,,Uzhhorod,true,1000
42256,WLS,NLWW,large_airport,Hihifo Airport,-13.2394,-176.1986,79,OC,Wallis and Futuna,,Wallis Island,true,1000
16004,CCK,YPCC,large_airport,Cocos (Keeling) Islands Airport,-12.1922,96.8341,10,AS,Cocos (Keeling) Islands,,West Island,true,1000
24168,INC,ZLIC,large_airport,Yinchuan Hedong International Airport,38.3228,106.3932,3743,AS,China,,Yinchuan,true,1000
44722,YIA,WAHI,large_airport,Yogyakarta International Airport,-7.9053,110.0573,24,AS,Indonesia,,Yogyakarta,true,1000
13366,ABA,UNAA,large_airport,Abakan International Airport,53.74,91.385,831,AS,Russia,,Abakan,true,1000
13367,ABB,DNAS,large_airport,Asaba International Airport,6.2042,6.6653,305,AF,Nigeria,,Asaba,true,1000
15250,BRM,SVBM,large_airport,Jacinto Lara International Airport,10.0427,-69.3586,2042,SA,Venezuela,,Barquisimeto,true,1000
15284,BSK,DAUB,large_airport,Biskra - Mohamed Khider Airport,34.7932,5.7389,289,AF,Algeria,,Biskra,true,1000
15274,BSA,HCMF,large_airport,Bender Qassim International Airport,11.2752,49.1392,3,AF,Somalia,,Bosaso,true,1000
40618,VCA,VVCT,large_airport,Can Tho International Airport,10.0834,105.7094,9,AS,Vietnam,,Can Tho,true,1000
17693,DNH,ZLDH,large_airport,Dunhuang Mogao International Airport,40.162,94.8128,0,AS,China,,Dunhuang,true,1000
20444,FRW,FBPM,large_airport,Phillip Gaonwe Matante International Airport,-21.1592,27.4688,3283,AF,Botswana,,Francistown,true,1000
21630,GOU,FKKR,large_airport,Garoua International Airport,9.3348,13.3721,794,AF,Cameroon,,Garoua,true,1000
22418,HAQ,VRMH,large_airport,Hanimaadhoo International Airport,6.7432,73.1671,4,AS,Maldives,,Haa Dhaalu Atoll,true,1000
24999,JAF,VCCJ,large_airport,Jaffna International Airport,9.7923,80.0701,33,AS,Sri Lanka,,Jaffna,true,1000
26293,KAD,DNKA,large_airport,Kaduna International Airport,10.696,7.3201,2073,AF,Nigeria,,Kaduna,true,1000
26585,KIH,OIBK,large_airport,Kish International Airport,26.5254,53.9805,101,AS,Iran,,Kish Island,true,1000
29190,MIU,DNMA,large_airport,Maiduguri International Airport,11.8542,13.0807,1099,AF,Nigeria,,Maiduguri,true,1000
28977,MCX,URML,large_airport,Makhachkala Uytash International Airport,42.8168,47.6523,12,AS,Russia,,Makhachkala,true,1000
20483,FSZ,RJNS,large_airport,Mount Fuji Shizuoka Airport,34.795,138.191,433,AS,Japan,,Makinohara / Shimada,true,1000
29609,MUH,HEMM,large_airport,Mersa Matruh International Airport,31.3243,27.2223,75,AF,Egypt,,Marsa Matruh,true,1000
46018,ZIA,UUBW,large_airport,Zhukovsky International Airport,55.5533,38.15,377,EU,Russia,,Moscow,true,1000
29699,MWZ,HTMW,large_airport,Mwanza International Airport,-2.4466,32.936,3763,AF,Tanzania,,Mwanza,true,1000
30610,NMA,UZFN,large_airport,Namangan International Airport,40.9846,71.5578,1555,AS,Uzbekistan,,Namangan,true,1000
30836,NSK,UOOO,large_airport,Alykel International Airport,69.308,87.3259,574,AS,Russia,,Norilsk,true,1000
14782,BEM,GMMD,large_airport,Beni Mellal Airport,32.4019,-6.3159,1694,AF,Morocco,,Oulad Yaich,true,1000
33029,PHH,,large_airport,Pokhara International Airport,28.1838,84.0147,2595,AS,Nepal,,Pokhara,true,1000
36283,RZV,LTFO,large_airport,Rize–Artvin Airport,41.1798,40.8488,16,AS,Turkey,,Rize,true,1000
25723,JUJ,SASJ,large_airport,Gobernador Horacio Guzman International Airport,-24.3928,-65.0978,3019,SA,Argentina,,San Salvador de Jujuy,true,1000
33189,PLX,UASS,large_airport,Semei International Airport,50.3513,80.2344,761,AS,Kazakhstan,,Semey,true,1000
36876,SGC,USRR,large_airport,Surgut International Airport,61.3405,73.4058,200,AS,Russia,,Surgut,true,1000
46605,ZYL,VGSY,large_airport,Osmany International Airport,24.9631,91.8669,50,AS,Bangladesh,,Sylhet,true,1000
19174,ESM,SETN,large_airport,Carlos Concha Torres International Airport,0.9785,-79.6266,32,SA,Ecuador,,Tachina,true,1000
38397,TML,DGLE,large_airport,Yakubu Tali International Airport,9.5539,-0.8661,553,AF,Ghana,,Tamale,true,1000
38591,TRZ,VOTR,large_airport,Tiruchirappalli International Airport,10.7629,78.7177,288,AS,India,,Tiruchirappalli,true,1000
16559,CRZ,UTAV,large_airport,Türkmenabat International Airport,38.9307,63.564,649,AS,Turkmenistan,,Türkmenabat,true,1000
39620,UKK,UASK,large_airport,Oskemen International Airport,50.035,82.4961,939,AS,Kazakhstan,,Ust-Kamenogorsk (Oskemen),true,1000
40567,VAV,NFTV,large_airport,Vava'u International Airport,-18.5853,-173.962,236,OC,Tonga,,Vava'u Island,true,1000
44903,YNB,OEYN,large_airport,Prince Abdulmohsen Bin Abdulaziz International Airport,24.1442,38.0634,26,AS,Saudi Arabia,,Yanbu,true,1000
44921,YNT,ZSYT,large_airport,Yantai Penglai International Airport,37.6597,120.9781,154,AS,China,,Yantai,true,1000
45737,ZAH,OIZH,large_airport,Zahedan International Airport,29.4757,60.9062,4564,AS,Iran,,Zahedan,true,1000
45742,ZAM,RPMZ,large_airport,Zamboanga International Airport,6.9224,122.06,33,AS,Philippines,,Zamboanga,true,1000
13659,AJF,OESK,large_airport,Al-Jawf International Airport,29.7833,40.1009,2261,AS,Saudi Arabia,,Al-Jawf,true,1000
15478,BXY,UAOL,large_airport,Baikonur Krayniy International Airport,45.622,63.2108,317,AS,Kazakhstan,,Baikonur,true,1000
14649,BAX,UNBB,large_airport,Barnaul Gherman Titov International Airport,53.3613,83.5397,837,AS,Russia,,Barnaul,true,1000
14950,BJA,DAAE,large_airport,Soummam–Abane Ramdane Airport,36.7125,5.0699,20,AF,Algeria,,Béjaïa,true,1000
15221,BQT,UMBB,large_airport,Brest International Airport,52.1081,23.8968,468,EU,Belarus,,Brest,true,1000
37979,TAZ,UTAT,large_airport,Dashoguz International Airport,41.7599,59.8361,272,AS,Turkmenistan,,Daşoguz,true,1000
17237,DAT,ZBDT,large_airport,Datong Yungang International Airport,40.0614,113.4805,3442,AS,China,,Datong,true,1000
17806,DQM,,large_airport,Duqm International Airport,19.5019,57.6342,364,AS,Oman,,Duqm,true,1000
19002,ENU,DNEN,large_airport,Akanu Ibiam International Airport,6.4737,7.5605,466,AF,Nigeria,,Enegu,true,1000
18786,EHU,ZHEC,large_airport,Ezhou Huahu International Airport,30.3412,115.0393,86,AS,China,,Ezhou,true,1000
21583,GNJ,UBBG,large_airport,Ganja International Airport,40.7387,46.3204,1083,AS,Azerbaijan,,Ganja,true,1000
21268,GES,RPMR,large_airport,General Santos International Airport,6.0572,125.0962,505,AS,Philippines,,General Santos,true,1000
24111,ILR,DNIL,large_airport,General Tunde Idiagbon International Airport,8.4402,4.4939,1126,AF,Nigeria,,Ilorin/Ogbomosho,true,1000
25223,JGN,ZLJQ,large_airport,Jiayuguan International Airport,39.8591,98.3393,5112,AS,China,,Jiayuguan,true,1000
37450,SWA,ZGOW,large_airport,Jieyang Chaoshan International Airport,23.552,116.5033,0,AS,China,,Jieyang (Rongcheng),true,1000
25252,JHG,ZPJH,large_airport,Xishuangbanna Gasa International Airport,21.9746,100.7622,1815,AS,China,,Jinghong (Gasa),true,1000
26659,KKJ,RJFR,large_airport,Kitakyushu Airport,33.8459,131.035,21,AS,Japan,,Kitakyushu,true,1000
28450,LYA,ZHLY,large_airport,Luoyang Beijiao Airport,34.7411,112.388,840,AS,China,,Luoyang (Laocheng),true,1000
29463,MQF,USCM,large_airport,Magnitogorsk International Airport,53.392,58.7552,1430,AS,Russia,,Magnitogorsk,true,1000
36747,SCR,ESKS,large_airport,Scandinavian Mountains Airport,61.1651,12.8335,1608,EU,Sweden,,Malung-Sälen,true,1000
23022,HRI,VCRI,large_airport,Mattala Rajapaksa International Airport,6.2839,81.1242,157,AS,Sri Lanka,,Mattala,true,1000
36924,SHO,FDSK,large_airport,King Mswati III International Airport,-26.3586,31.7169,1092,AF,Eswatini,,Mpaka,true,1000
30507,NJF,ORNI,large_airport,Al Najaf International Airport,31.9911,44.405,103,AS,Iraq,,Najaf,true,1000
30287,NDB,GQPP,large_airport,Nouadhibou International Airport,20.9324,-17.0302,24,AF,Mauritania,,Nouadhibou,true,1000
32106,ORU,SLOR,large_airport,Juan Mendoza International Airport,-17.9562,-67.0758,12152,SA,Bolivia,,Oruro,true,1000
33155,PKZ,VLPS,large_airport,Pakse International Airport,15.134,105.7799,351,AS,Laos,,Pakse,true,1000
33578,PWQ,UASP,large_airport,Pavlodar International Airport,52.195,77.0731,410,AS,Kazakhstan,,Pavlodar,true,1000
33320,PPK,UACP,large_airport,Petropavl International Airport,54.7756,69.1874,453,AS,Kazakhstan,,Petropavl,true,1000
23067,HSR,VAHS,large_airport,Rajkot International Airport,22.3788,71.0394,647,AS,India,,Rajkot,true,1000
46382,ZSE,FMEP,large_airport,Saint-Pierre Pierrefonds Airport,-21.3194,55.4225,59,AF,Réunion,,Saint-Pierre,true,1000
26418,KDU,OPSD,large_airport,Skardu International Airport,35.3387,75.5386,7316,AS,Pakistan,,Skardu,true,1000
24078,IKU,UCFL,large_airport,Issyk-Kul International Airport,42.5856,76.7012,5425,AS,Kyrgyzstan,,Tamchy,true,1000
16447,COV,LTDB,large_airport,Çukurova International Airport,36.8915,35.0712,35,AS,Turkey,,Tarsus,true,1000
38398,TMM,FMMT,large_airport,Toamasina Ambalamanasy Airport,-18.1135,49.3923,22,AF,Madagascar,,Toamasina,true,1000
38684,TUK,OPTU,large_airport,Turbat International Airport,25.9848,63.0289,498,AS,Pakistan,,Turbat,true,1000
23050,HSA,UAIT,large_airport,Hazrat Sultan International Airport,43.3111,68.5504,951,AS,Kazakhstan,,Turkıstan,true,1000
39973,UUD,UIUU,large_airport,Baikal International Airport,51.8086,107.4397,1690,AS,Russia,,Ulan Ude,true,1000
44927,YNZ,ZSYN,large_airport,Yancheng Nanyang International Airport,33.4283,120.2054,10,AS,China,,Yancheng (Tinghu),true,1000
44744,YIW,ZSYW,large_airport,Yiwu Airport,29.3421,120.0312,262,AS,China,,Yiwu/Jinhua,true,1000
44526,YCU,ZBYC,large_airport,Yuncheng Yanhu International Airport,35.1178,111.034,1242,AS,China,,Yuncheng (Yanhu),true,1000
18131,DZN,UAKD,large_airport,Zhezkazgan National Airport,47.709,67.7381,1250,AS,Kazakhstan,,Zhezkazgan,true,1000
27602,LAQ,HLLQ,large_airport,Al Abraq International Airport,32.789,21.9549,2157,AF,Libya,,Al Albraq,true,1000
39653,ULH,OEAO,large_airport,Al-Ula International Airport,26.4836,38.117,2050,AS,Saudi Arabia,,Al-Ula,true,1000
15031,BLJ,DABT,large_airport,Batna Mostefa Ben Boulaid Airport,35.7521,6.3086,2697,AF,Algeria,,Batna,true,1000
43183,XBJ,OIMB,large_airport,Birjand International Airport,32.8965,59.2813,4952,AS,Iran,,Birjand,true,1000
26885,KQT,UTDT,large_airport,Bokhtar International Airport,37.8663,68.8645,1473,AS,Tajikistan,,Bokhtar,true,1000
16112,CFK,DAOI,large_airport,Chlef Aboubakr Belkaid International Airport,36.2166,1.3411,463,AF,Algeria,,Chlef,true,1000
35805,RML,VCCC,large_airport,Colombo Ratmalana International Airport,6.8216,79.8859,22,AS,Sri Lanka,,Colombo,true,1000
17255,DBB,HEAL,large_airport,El Alamein International Airport,30.9243,28.4616,154,AF,Egypt,,El Alamein,true,1000
13332,AAC,HEAR,large_airport,El Arish International Airport,31.0553,33.828,118,AS,Egypt,,El Arish,true,1000
18996,ENO,SGEN,large_airport,Teniente Ramon A. Ayub Gonzalez International Airport,-27.2275,-55.8376,659,SA,Paraguay,,Encarnación,true,1000
44926,YNY,RKNY,large_airport,Yangyang International Airport,38.0605,128.6698,241,AS,South Korea,,Gonghang-ro,true,1000
21901,GWD,OPGW,large_airport,New Gwadar International Airport,25.2967,62.4988,61,AS,Pakistan,,Gurandani,true,1000
28391,LWN,UDSG,large_airport,Shirak International Airport,40.7504,43.8593,5000,AS,Armenia,,Gyumri,true,1000
22801,HLD,ZBLA,large_airport,Hulunbuir Hailar Airport,49.2086,119.8223,2169,AS,China,,Hailar,true,1000
23068,HSS,VIHR,large_airport,Maharaja Agrasen International Airport,29.1861,75.7414,700,AS,India,,Hisar,true,1000
25291,JIJ,HAJJ,large_airport,Gerad Wilwal International Airport,9.3319,42.9118,5954,AF,Ethiopia,,Jijiga,true,1000
36664,SAG,VASD,large_airport,Shirdi International Airport,19.6892,74.3737,1926,AS,India,,Kakadi,true,1000
26548,KHG,ZWSH,large_airport,Kashgar Laining International Airport,39.5423,76.0202,4529,AS,China,,Kashgar,true,1000
27625,LBD,UTDL,large_airport,Khujand International Airport,40.2154,69.6947,1450,AS,Tajikistan,,Khujand,true,1000
26951,KSN,UAUU,large_airport,Kostanay International Airport,53.2069,63.5503,595,AS,Kazakhstan,,Kostanay,true,1000
27204,KZO,UAOO,large_airport,Korkyt Ata International Airport,44.7069,65.5925,433,AS,Kazakhstan,,Kyzylorda,true,1000
28456,LYG,ZSLG,large_airport,Lianyungang Huaguoshan International Airport,34.4141,119.179,0,AS,China,,Lianyungang,true,1000
29219,MJN,FMNM,large_airport,Amborovy Airport,-15.6668,46.3512,87,AF,Madagascar,,Mahajanga,true,1000
21633,GOX,VOGA,large_airport,Manohar International Airport,15.7443,73.8606,552,AS,India,,Mopa,true,1000
29697,MWX,RKJB,large_airport,Muan International Airport,34.9914,126.3828,35,AS,South Korea,,Muan (Piseo-ri),true,1000
30187,NAJ,UBBN,large_airport,Nakhchivan International Airport,39.1888,45.4584,2863,AS,Azerbaijan,,Nakhchivan,true,1000
30574,NLA,FLSK,large_airport,Simon Mwansa Kapwepwe International Airport,-12.9651,28.5156,4308,AF,Zambia,,Ndola,true,1000
23751,IBR,RJAH,large_airport,Ibaraki Airport,36.1815,140.4144,105,AS,Japan,,Omitama,true,1000
17879,DSN,ZBDS,large_airport,Ordos Ejin Horo International Airport,39.4935,109.8599,4557,AS,China,,Ordos,true,1000
21766,GSM,OIKQ,large_airport,Qeshm International Airport,26.7546,55.9024,45,AS,Iran,,Qeshm(Dayrestan),true,1000
30292,NDG,ZYQQ,large_airport,Qiqihar Sanjiazi Airport,47.23,123.9142,477,AS,China,,Qiqihar,true,1000
21939,GXF,OYSY,large_airport,Seiyun Hadhramaut International Airport,15.9659,48.7881,2097,AS,Yemen,,Seiyun,true,1000
30910,NUM,OENN,large_airport,Neom Bay Airport,27.9243,35.2936,29,AS,Saudi Arabia,,Sharma,true,1000
15418,BWA,VNBW,large_airport,Gautam Buddha International Airport,27.5046,83.4104,358,AS,Nepal,,Siddharthanagar (Bhairahawa),true,1000
37032,SKO,DNSO,large_airport,Sadiq Abubakar III International Airport,12.9157,5.2075,1010,AF,Nigeria,,Sokoto,true,1000
37274,SRE,SLAL,large_airport,Alcantarí International Airport,-19.2468,-65.1496,10184,SA,Bolivia,,Sucre,true,1000
22835,HMB,HESG,large_airport,Suhaj International Airport,26.3425,31.743,322,AF,Egypt,,Suhaj,true,1000
31744,OHS,OOSH,large_airport,Suhar International Airport,24.386,56.6254,20,AS,Oman,,Suhar,true,1000
21441,GJL,DAAV,large_airport,Jijel Ferhat Abbas Airport,36.7941,5.8737,36,AF,Algeria,,Tahir,true,1000
17651,DMB,UADD,large_airport,Taraz International Airport,42.8536,71.3036,2184,AS,Kazakhstan,,Taraz,true,1000
42527,WTB,YBWW,large_airport,Toowoomba Wellcamp Airport,-27.5583,151.7933,1509,OC,Australia,,Toowoomba,true,1000
35747,RKZ,ZURK,large_airport,Xigaze Peace Airport / Shigatse Air Base,29.3509,89.2992,3782,AS,China,,Xigazê (Samzhubzê),true,1000
32380,OZG,GMAZ,large_airport,Zagora Airport,30.2658,-5.8608,2414,AF,Morocco,,Zagora,true,1000
38362,TLM,DAON,large_airport,Zenata – Messali El Hadj Airport,35.0127,-1.4571,814,AF,Algeria,,Zenata,true,1000
14718,BCU,DNBC,large_airport,Sir Abubakar Tafawa Balewa Bauchi State International Airport,10.4828,9.744,1965,AF,Nigeria,,Bauchi,true,1000
15154,BOY,DFOO,large_airport,Bobo Dioulasso Airport,11.1601,-4.331,1511,AF,Burkina Faso,,Bobo Dioulasso,true,1000
31564,OCS,FGCO,large_airport,Corisco International Airport,0.9109,9.3303,55,AF,Equatorial Guinea,,Corisco Island,true,1000
23211,HWR,VIHX,large_airport,Halwara International Airport,30.7485,75.6298,790,AS,India,,Halwara,true,1000
36018,RSI,OERS,large_airport,Red Sea International Airport,25.628,37.0889,140,AS,Saudi Arabia,,Hanak,true,1000
14122,AWA,HALA,large_airport,Hawassa International Airport,7.1006,38.3965,5450,AF,Ethiopia,,Hawassa,true,1000
22690,HIA,ZSSH,large_airport,Huai'an Lianshui Airport,33.7927,119.1267,28,AS,China,,Huai'an,true,1000
26443,KEJ,UNEE,large_airport,Alexei Leonov Kemerovo International Airport,55.2701,86.1072,863,AS,Russia,,Kemerovo,true,1000
26588,KIK,ORKK,large_airport,Kirkuk International Airport,35.4695,44.3489,1061,AS,Iraq,,Kirkuk,true,1000
26815,KOV,UACK,large_airport,Kokshetau International Airport,53.3291,69.5946,900,AS,Kazakhstan,,Kokshetau,true,1000
38298,TJU,UTDK,large_airport,Kulob International Airport,37.9881,69.805,2293,AS,Tajikistan,,Kulob,true,1000
17845,DRP,RPLK,large_airport,Bicol International Airport,13.1119,123.6768,319,AS,Philippines,,Legazpi,true,1000
30223,NBJ,FNBJ,large_airport,Dr. Antonio Agostinho Neto International Airport,-9.0507,13.4991,550,AF,Angola,,Luanda (Ícolo e Bengo),true,1000
30618,NMI,VANM,large_airport,Navi Mumbai International Airport,18.9846,73.0653,184,AS,India,,Navi Mumbai,true,1000
30615,NMF,,large_airport,Maafaru International Airport,5.8174,73.4684,6,AS,Maldives,,Noonu Atoll,true,1000
26982,KTI,VDTI,large_airport,Techo International Airport,11.36,104.9213,20,AS,Cambodia,,Phnom Penh (Boeng Khyang),true,1000
37128,SNC,SESA,large_airport,General Ulpiano Paez International Airport,-2.2101,-80.9851,18,SA,Ecuador,,Salinas/La Libertad,true,1000
37041,SKX,UWPS,large_airport,Saransk International Airport,54.1251,45.2123,676,EU,Russia,,Saransk,true,1000
21775,GSV,UWSG,large_airport,Gagarin International Airport,51.7128,46.1711,103,AS,Russia,,Saratov,true,1000
42498,WSI,YSWS,large_airport,[Duplicate] Western Sydney International Airport,-33.8881,150.7147,260,OC,Australia,,Sydney,true,1000
17890,DSY,,large_airport,Dara Sakor International Airport,10.9142,103.2267,60,AS,Cambodia,,Ta Noun,true,1000
23715,IAR,UUDL,large_airport,Golden Ring Yaroslavl International Airport,57.5607,40.1574,287,EU,Russia,,Tunoshna,true,1000
45982,ZHA,ZGZJ,large_airport,Zhanjiang Wuchuan International Airport,21.4817,110.5903,0,AS,China,,Zhanjiang,true,1000
23063,HSN,ZSZS,large_airport,Zhoushan Putuoshan International Airport,29.9339,122.3623,6,AS,China,,Zhoushan,true,1000
24357,ISL,LTBA,large_airport,İstanbul Atatürk Airport,40.9719,28.8237,163,EU,Turkey,,Istanbul(Bakırköy),true,850
31600,ODS,UKOO,large_airport,Odesa International Airport,46.4272,30.6726,172,EU,Ukraine,,Odesa,true,850
17686,DNA,RODN,large_airport,Kadena Air Base,26.3517,127.7694,143,AS,Japan,,Okinawa,true,850
39659,ULN,ZMUB,large_airport,Buyant-Ukhaa International Airport,47.8431,106.767,4364,AS,Mongolia,,Ulaanbaatar,true,850
14238,AZI,OMAD,large_airport,Al Bateen Executive Airport,24.4271,54.4599,16,AS,United Arab Emirates,,Abu Dhabi,true,850
28149,LPX,EVLA,large_airport,Liepāja International Airport,56.5175,21.0969,16,EU,Latvia,,Liepāja,true,850
32381,OZH,UKDE,large_airport,Zaporizhzhia International Airport,47.867,35.3147,373,EU,Ukraine,,Zaporizhia,true,850
13988,ASK,DIYO,large_airport,Yamoussoukro International Airport,6.9032,-5.3656,699,AF,Côte d'Ivoire,,Yamoussoukro,true,850
37293,SRX,HLGD,large_airport,Sirt International Airport / Ghardabiya Airbase,31.0586,16.5971,267,AF,Libya,,Sirt,true,850
28209,LRL,DXNG,large_airport,Niamtougou International Airport,9.7667,1.0909,1515,AF,Togo,,Niamtougou,true,850
33072,PIO,SPSO,large_airport,Captain Renán Elías Olivera International Airport,-13.7449,-76.2203,39,SA,Peru,,Pisco,true,850
18676,EES,HEBR,large_airport,Berenice International Airport / Banas Cape Air Base,23.9804,35.4603,108,AF,Egypt,,Berenice Troglodytica,true,850
18059,DXN,VIND,large_airport,Noida International Airport,28.1799,77.6118,644,AS,India,,Gautam Buddha Nagar,true,850
28277,LTH,VVLT,large_airport,Long Thanh International Airport (Under Construction),10.7728,107.0406,249,AS,Vietnam,,Ho Chi Minh City (Long Thanh),true,850
32134,OSM,ORBM,large_airport,Mosul International Airport,36.3058,43.1474,719,AS,Iraq,,Mosul,true,850
27682,LCY,EGLC,medium_airport,London City Airport,51.5053,0.0553,19,EU,United Kingdom,,London,true,750
45143,YTZ,CYTZ,medium_airport,Billy Bishop Toronto City Airport,43.6279,-79.3955,252,NA,Canada,,Toronto,true,750
22955,HPN,KHPN,medium_airport,Westchester County Airport,41.067,-73.7076,439,NA,United States,,White Plains,true,750
23789,ICT,KICT,medium_airport,Wichita Dwight D. Eisenhower National Airport,37.6503,-97.4286,1333,NA,United States,,Wichita,true,750
29543,MSN,KMSN,medium_airport,Dane County Regional Truax Field,43.1399,-89.3375,887,NA,United States,,Madison,true,750
17242,DAY,KDAY,medium_airport,James M. Cox Dayton International Airport,39.9024,-84.2194,1009,NA,United States,,Dayton,true,750
27893,LIT,KLIT,medium_airport,Bill & Hillary Clinton National Airport/Adams Field,34.7292,-92.2236,262,NA,United States,,Little Rock,true,750
15331,BTV,KBTV,medium_airport,Patrick Leahy Burlington International Airport,44.4719,-73.1533,335,NA,United States,,Burlington,true,750
29153,MHT,KMHT,medium_airport,Manchester-Boston Regional Airport,42.9326,-71.4357,266,NA,United States,,Manchester,true,750
19400,EYW,KEYW,medium_airport,Key West International Airport,24.5561,-81.7596,3,NA,United States,,Key West,true,750
21769,GSP,KGSP,medium_airport,Greenville-Spartanburg International Airport,34.8957,-82.2189,964,NA,United States,,Greenville/Greer/Spartanburg,true,750
36694,SBA,KSBA,medium_airport,Santa Barbara Municipal Airport,34.4262,-119.84,13,NA,United States,,Santa Barbara,true,750
27753,LEX,KLEX,medium_airport,Blue Grass Airport,38.0351,-84.6067,979,NA,United States,,Lexington,true,750
38357,TLH,KTLH,medium_airport,Tallahassee International Airport,30.4012,-84.3543,81,NA,United States,,Tallahassee,true,750
35377,RAP,KRAP,medium_airport,Rapid City Regional Airport,44.0453,-103.057,3204,NA,United States,,Rapid City,true,750
14814,BFI,KBFI,medium_airport,King County International Airport - Boeing Field,47.527,-122.2999,21,NA,United States,,Seattle,true,750
14097,AVL,KAVL,medium_airport,Asheville Regional Airport,35.4355,-82.5419,2165,NA,United States,,Asheville,true,750
45282,YXU,CYXU,medium_airport,London International Airport,43.0328,-81.149,912,NA,Canada,,London,true,750
29518,MRY,KMRY,medium_airport,Monterey Regional Airport,36.5868,-121.8442,257,NA,United States,,Monterey,true,750
26341,KBP,UKBB,medium_airport,Boryspil International Airport,50.345,30.8947,427,EU,Ukraine,,Boryspil,true,750
17219,DAB,KDAB,medium_airport,Daytona Beach International Airport,29.1825,-81.0595,34,NA,United States,,Daytona Beach,true,750
44698,YHM,CYHM,medium_airport,John C. Munro Hamilton International Airport,43.1735,-79.9312,780,NA,Canada,,Hamilton,true,750
15932,CAK,KCAK,medium_airport,Akron Canton Regional Airport,40.9161,-81.4422,1228,NA,United States,,Akron,true,750
14859,BGR,KBGR,medium_airport,Bangor International Airport,44.8064,-68.8267,192,NA,United States,,Bangor,true,750
15926,CAE,KCAE,medium_airport,Columbia Metropolitan Airport,33.9382,-81.123,236,NA,United States,,Columbia,true,750
29009,MDT,KMDT,medium_airport,Harrisburg International Airport,40.1928,-76.7623,310,NA,United States,,Harrisburg,true,750
24996,JAC,KJAC,medium_airport,Jackson Hole Airport,43.6073,-110.738,6451,NA,United States,,Jackson,true,750
23071,HSV,KHSV,medium_airport,Huntsville International Airport,34.6362,-86.7744,629,NA,United States,,Huntsville,true,750
16174,CHA,KCHA,medium_airport,Chattanooga Metropolitan Airport (Lovell Field),35.0353,-85.2038,683,NA,United States,,Chattanooga,true,750
24396,ITO,PHTO,medium_airport,Hilo International Airport,19.7214,-155.0454,38,OC,United States,,Hilo,true,750
27623,LBB,KLBB,medium_airport,Lubbock Preston Smith International Airport,33.6636,-101.823,3282,NA,United States,,Lubbock,true,750
16188,CHO,KCHO,medium_airport,Charlottesville Albemarle Airport,38.1386,-78.4529,639,NA,United States,,Charlottesville,true,750
40781,VGT,KVGT,medium_airport,North Las Vegas Airport,36.2091,-115.194,2205,NA,United States,,Las Vegas,true,750
45027,YQR,CYQR,medium_airport,Regina International Airport,50.4319,-104.6609,1894,NA,Canada,,Regina,true,750
41038,VNY,KVNY,medium_airport,Van Nuys Airport,34.2098,-118.49,802,NA,United States,,Van Nuys,true,750
21719,GRB,KGRB,medium_airport,Austin Straubel International Airport,44.4835,-88.1308,695,NA,United States,,Green Bay,true,750
44799,YKF,CYKF,medium_airport,Region of Waterloo International Airport,43.4608,-80.3786,1054,NA,Canada,,Breslau,true,750
44660,YGK,CYGK,medium_airport,Kingston Norman Rogers Airport,44.2253,-76.5969,305,NA,Canada,,Kingston,true,750
25155,JER,EGJJ,medium_airport,Jersey Airport,49.2079,-2.1955,277,EU,Jersey,,St. Peter,true,750
16213,CID,KCID,medium_airport,The Eastern Iowa Airport,41.8847,-91.7108,869,NA,United States,,Cedar Rapids,true,750
19818,FAI,PAFA,medium_airport,Fairbanks International Airport,64.8151,-147.856,439,NA,United States,,Fairbanks,true,750
20602,FWA,KFWA,medium_airport,Fort Wayne International Airport,40.9789,-85.1945,814,NA,United States,,Fort Wayne,true,750
36707,SBN,KSBN,medium_airport,South Bend International Airport,41.7083,-86.3169,799,NA,United States,,South Bend,true,750
14881,BHD,EGAC,medium_airport,George Best Belfast City Airport,54.6181,-5.8725,15,EU,United Kingdom,,Belfast,true,750
36879,SGF,KSGF,medium_airport,Springfield Branson National Airport,37.245,-93.3886,1268,NA,United States,,Springfield,true,750
13762,AMA,KAMA,medium_airport,Rick Husband Amarillo International Airport,35.2179,-101.7064,3607,NA,United States,,Amarillo,true,750
19240,EUG,KEUG,medium_airport,Eugene Airport,44.1246,-123.212,374,NA,United States,,Eugene,true,750
19827,FAR,KFAR,medium_airport,Hector International Airport,46.9207,-96.8158,902,NA,United States,,Fargo,true,750
21595,GNV,KGNV,medium_airport,Gainesville Regional Airport,29.6901,-82.2718,152,NA,United States,,Gainesville,true,750
36709,SBP,KSBP,medium_airport,San Luis County Regional Airport,35.2368,-120.642,212,NA,United States,,San Luis Obispo,true,750
37455,SWF,KSWF,medium_airport,New York Stewart International Airport,41.5042,-74.1089,491,NA,United States,,Newburgh,true,750
14925,BIL,KBIL,medium_airport,Billings Logan International Airport,45.8089,-108.5412,3652,NA,United States,,Billings,true,750
15539,BZN,KBZN,medium_airport,Bozeman Yellowstone International Airport,45.7789,-111.1537,4473,NA,United States,,Bozeman,true,750
44889,YMX,CYMX,medium_airport,Montreal Mirabel International Airport,45.6795,-74.0387,270,NA,Canada,,Montréal,true,750
15030,BLI,KBLI,medium_airport,Bellingham International Airport,48.7928,-122.538,170,NA,United States,,Bellingham,true,750
28064,LNK,KLNK,medium_airport,Lincoln Airport,40.8449,-96.7618,1219,NA,United States,,Lincoln,true,750
35866,ROA,KROA,medium_airport,Roanoke–Blacksburg Regional Airport,37.3255,-79.9754,1175,NA,United States,,Roanoke,true,750
20461,FSD,KFSD,medium_airport,Sioux Falls Regional Airport,43.5855,-96.7412,1429,NA,United States,,Sioux Falls,true,750
29279,MLB,KMLB,medium_airport,Melbourne Orlando International Airport,28.102,-80.6411,33,NA,United States,,Melbourne,true,750
37182,SOU,EGHI,medium_airport,Southampton Airport,50.9503,-1.3568,44,EU,United Kingdom,,Southampton,true,750
45029,YQT,CYQT,medium_airport,Thunder Bay International Airport,48.3719,-89.3239,653,NA,Canada,,Thunder Bay,true,750
24106,ILM,KILM,medium_airport,Wilmington International Airport,34.2723,-77.9051,32,NA,United States,,Wilmington,true,750
27597,LAL,KLAL,medium_airport,Lakeland Linder International Airport,27.9893,-82.0207,142,NA,United States,,Lakeland,true,750
13370,ABE,KABE,medium_airport,Lehigh Valley International Airport,40.6518,-75.4428,393,NA,United States,,Allentown/Bethlehem,true,750
24361,ISP,KISP,medium_airport,Long Island MacArthur Airport,40.7963,-73.1017,99,NA,United States,,Islip,true,750
28887,MAF,KMAF,medium_airport,Midland International Air and Space Port,31.9425,-102.202,2871,NA,United States,,Midland,true,750
15058,BMA,ESSB,medium_airport,Stockholm-Bromma Airport,59.3544,17.9417,47,EU,Sweden,,Stockholm,true,750
32774,PAE,KPAE,medium_airport,Seattle Paine Field International Airport,47.9063,-122.282,606,NA,United States,,Everett,true,750
29387,MOB,KMOB,medium_airport,Mobile Regional Airport,30.6912,-88.2428,219,NA,United States,,Mobile,true,750
24187,INV,EGPE,medium_airport,Inverness Airport,57.5425,-4.0475,31,EU,United Kingdom,,Inverness,true,750
45033,YQX,CYQX,medium_airport,Gander International Airport,48.9363,-54.5677,496,NA,Canada,,Gander,true,750
25007,JAN,KJAN,medium_airport,Jackson-Medgar Wiley Evers International Airport,32.3112,-90.0759,346,NA,United States,,Jackson,true,750
14773,BED,KBED,medium_airport,Laurence G Hanscom Field,42.47,-71.289,133,NA,United States,,Bedford,true,750
15327,BTR,KBTR,medium_airport,Baton Rouge Metropolitan Airport,30.5332,-91.1496,70,NA,United States,,Baton Rouge,true,750
17621,DLH,KDLH,medium_airport,Duluth International Airport,46.8419,-92.1987,1428,NA,United States,,Duluth,true,750
45285,YXX,CYXX,medium_airport,Abbotsford International Airport,49.0253,-122.361,195,NA,Canada,,Abbotsford,true,750
27599,LAN,KLAN,medium_airport,Capital Region International Airport,42.7776,-84.5857,861,NA,United States,,Lansing,true,750
36029,RST,KRST,medium_airport,Rochester International Airport,43.9083,-92.5,1317,NA,United States,,Rochester,true,750
14101,AVP,KAVP,medium_airport,Wilkes-Barre/Scranton International Airport,41.3371,-75.7242,962,NA,United States,,Wilkes-Barre/Scranton,true,750
29544,MSO,KMSO,medium_airport,Missoula Montana Airport,46.9158,-114.0911,3206,NA,United States,,Missoula,true,750
35743,RKV,BIRK,medium_airport,Reykjavík Domestic Airport,64.1287,-21.9376,48,EU,Iceland,,Reykjavík,true,750
16549,CRP,KCRP,medium_airport,Corpus Christi International Airport,27.7704,-97.5012,44,NA,United States,,Corpus Christi,true,750
29079,MFR,KMFR,medium_airport,Rogue Valley International-Medford Airport,42.3742,-122.873,1335,NA,United States,,Medford,true,750
13412,ACK,KACK,medium_airport,Nantucket Memorial Airport,41.2531,-70.0602,47,NA,United States,,Nantucket,true,750
14932,BIS,KBIS,medium_airport,Bismarck Municipal Airport,46.7727,-100.7469,1661,NA,United States,,Bismarck,true,750
16556,CRW,KCRW,medium_airport,Yeager Airport,38.3731,-81.5932,981,NA,United States,,Charleston,true,750
14230,AZA,KIWA,medium_airport,Mesa Gateway Airport,33.3078,-111.655,1382,NA,United States,,Mesa,true,750
38712,TVC,KTVC,medium_airport,Cherry Capital Airport,44.7414,-85.5822,624,NA,United States,,Traverse City,true,750
33027,PHF,KPHF,medium_airport,Newport News Williamsburg International Airport,37.1319,-76.493,42,NA,United States,,Newport News,true,750
33384,PRC,KPRC,medium_airport,Prescott Regional Airport - Ernest A. Love Field,34.6535,-112.4199,5045,NA,United States,,Prescott,true,750
38469,TOL,KTOL,medium_airport,Eugene F. Kranz Toledo Express Airport,41.5868,-83.8078,683,NA,United States,,Toledo,true,750
21449,GJT,KGJT,medium_airport,Grand Junction Regional Airport,39.1267,-108.5294,4858,NA,United States,,Grand Junction,true,750
33430,PSM,KPSM,medium_airport,Portsmouth International Airport at Pease,43.0779,-70.8233,100,NA,United States,,Portsmouth,true,750
20212,FLG,KFLG,medium_airport,Flagstaff Pulliam Airport,35.1398,-111.6698,7014,NA,United States,,Flagstaff,true,750
21191,GCN,KGCN,medium_airport,Grand Canyon National Park Airport,35.9524,-112.147,6609,NA,United States,,Grand Canyon - Tusayan,true,750
45022,YQM,CYQM,medium_airport,Greater Moncton Roméo LeBlanc International Airport,46.1132,-64.6772,232,NA,Canada,,Moncton,true,750
30866,NTE,LFRS,medium_airport,Nantes Atlantique Airport,47.1532,-1.6107,90,EU,France,,Nantes,true,750
45166,YUM,KNYL,medium_airport,Yuma International Airport / Marine Corps Air Station Yuma,32.6509,-114.6094,213,NA,United States,,Yuma,true,750
44616,YFC,CYFC,medium_airport,Fredericton International Airport,45.8687,-66.5299,68,NA,Canada,,Fredericton,true,750
13564,AGS,KAGS,medium_airport,Augusta Regional At Bush Field,33.3699,-81.9645,144,NA,United States,,Augusta,true,750
21665,GPT,KGPT,medium_airport,Gulfport Biloxi International Airport,30.4056,-89.0698,28,NA,United States,,Gulfport,true,750
14244,AZO,KAZO,medium_airport,Kalamazoo/Battle Creek International Airport,42.2321,-85.5496,874,NA,United States,,Kalamazoo,true,750
33058,PIA,KPIA,medium_airport,General Wayne A. Downing Peoria International Airport,40.6638,-89.6926,660,NA,United States,,Peoria,true,750
36815,SEN,EGMC,medium_airport,London Southend Airport,51.5706,0.6936,49,EU,United Kingdom,,"Southend-on-Sea, Essex",true,750
20297,FNT,KFNT,medium_airport,Bishop International Airport,42.9693,-83.7434,782,NA,United States,,Flint,true,750
25482,JNU,PAJN,medium_airport,Juneau International Airport,58.3549,-134.5744,21,NA,United States,,Juneau,true,750
41104,VPS,KVPS,medium_airport,Destin-Fort Walton Beach Airport,30.4813,-86.5158,87,NA,United States,,Valparaiso,true,750
38574,TRI,KTRI,medium_airport,Tri-Cities Regional TN/VA Airport,36.4752,-82.4074,1519,NA,United States,,Blountville,true,750
21795,GTF,KGTF,medium_airport,Great Falls International Airport,47.482,-111.371,3680,NA,United States,,Great Falls,true,750
19882,FCA,KGPI,medium_airport,Glacier Park International Airport,48.3105,-114.256,2977,NA,United States,,Kalispell,true,750
16479,CPR,KCPR,medium_airport,Casper-Natrona County International Airport,42.9074,-106.4616,5350,NA,United States,,Casper,true,750
16329,CLL,KCLL,medium_airport,Easterwood Field,30.5886,-96.3638,320,NA,United States,,College Station,true,750
18734,EGE,KEGE,medium_airport,Eagle County Regional Airport,39.6426,-106.918,6548,NA,United States,,Eagle,true,750
20516,FTW,KFTW,medium_airport,Fort Worth Meacham International Airport,32.8199,-97.3608,710,NA,United States,,Fort Worth,true,750
29110,MGM,KMGM,medium_airport,Montgomery Regional (Dannelly Field) Airport,32.3006,-86.394,221,NA,United States,,Montgomery,true,750
13426,ACY,KACY,medium_airport,Atlantic City International Airport,39.4562,-74.5775,75,NA,United States,,Atlantic City,true,750
15066,BMI,KBMI,medium_airport,Central Illinois Regional Airport at Bloomington-Normal,40.4771,-88.9159,871,NA,United States,,Bloomington/Normal,true,750
19291,EVV,KEVV,medium_airport,Evansville Regional Airport,38.037,-87.5324,418,NA,United States,,Evansville,true,750
38651,TTN,KTTN,medium_airport,Trenton Mercer Airport,40.2767,-74.8135,213,NA,United States,,Ewing Township,true,750
19361,EXT,EGTE,medium_airport,Exeter International Airport,50.7343,-3.414,102,EU,United Kingdom,,"Exeter, Devon",true,750
29286,MLI,KMLI,medium_airport,Quad City International Airport,41.4485,-90.5075,590,NA,United States,,Moline,true,750
16362,CMI,KCMI,medium_airport,University of Illinois Willard Airport,40.0398,-88.2762,755,NA,United States,,Savoy,true,750
45083,YSB,CYSB,medium_airport,Sudbury Airport,46.625,-80.7989,1141,NA,Canada,,Sudbury,true,750
14036,ATW,KATW,medium_airport,Appleton International Airport,44.2585,-88.519,918,NA,United States,,Appleton,true,750
15975,CBR,YSCB,medium_airport,Canberra Airport,-35.3069,149.195,1886,OC,Australia,,Canberra,true,750
29066,MFE,KMFE,medium_airport,McAllen Miller International Airport,26.1761,-98.238,107,NA,United States,,McAllen,true,750
36931,SHV,KSHV,medium_airport,Shreveport Regional Airport,32.4466,-93.8256,258,NA,United States,,Shreveport,true,750
45016,YQG,CYQG,medium_airport,Windsor International Airport,42.2756,-82.9556,622,NA,Canada,,Windsor,true,750
44794,YKA,CYKA,medium_airport,Kamloops John Moose Fulton Field Regional Airport,50.703,-120.4486,1133,NA,Canada,,Kamloops,true,750
25436,JMK,LGMK,medium_airport,Mykonos Island National Airport,37.4351,25.3481,405,EU,Greece,,Mykonos,true,750
28238,LSE,KLSE,medium_airport,La Crosse Regional Airport,43.879,-91.2567,655,NA,United States,,La Crosse,true,750
44509,YCD,CYCD,medium_airport,Nanaimo Airport,49.055,-123.8699,92,NA,Canada,,Nanaimo,true,750
23171,HVN,KHVN,medium_airport,Tweed New Haven Airport,41.2629,-72.8877,12,NA,United States,,New Haven,true,750
45304,YYG,CYYG,medium_airport,Charlottetown Airport,46.2889,-63.1252,160,NA,Canada,,Charlottetown,true,750
23266,HYA,KHYA,medium_airport,Cape Cod Gateway Airport,41.6693,-70.2804,54,NA,United States,,Hyannis,true,750
37396,SUS,KSUS,medium_airport,Spirit of St Louis Airport,38.6621,-90.652,463,NA,United States,,St Louis,true,750
45286,YXY,CYXY,medium_airport,Whitehorse / Erik Nielsen International Airport,60.7085,-135.0657,2317,NA,Canada,,Whitehorse,true,750
16804,CYS,KCYS,medium_airport,Cheyenne Regional Jerry Olson Field,41.1557,-104.812,6159,NA,United States,,Cheyenne,true,750
20470,FSM,KFSM,medium_airport,Fort Smith Regional Airport,35.3366,-94.3674,469,NA,United States,,Fort Smith,true,750
45315,YYR,CYYR,medium_airport,Goose Bay Airport,53.3192,-60.4258,160,NA,Canada,,Goose Bay,true,750
23806,IDA,KIDA,medium_airport,Idaho Falls Regional Airport,43.5146,-112.071,4744,NA,United States,,Idaho Falls,true,750
37113,SMX,KSMX,medium_airport,Santa Maria Public Airport Captain G Allan Hancock Field,34.8989,-120.457,261,NA,United States,,Santa Maria,true,750
35545,RFD,KRFD,medium_airport,Chicago Rockford International Airport,42.1954,-89.0972,742,NA,United States,,Chicago/Rockford,true,750
18922,ELM,KELM,medium_airport,Elmira Corning Regional Airport,42.1599,-76.8916,954,NA,United States,,Elmira/Corning,true,750
18601,ECP,KECP,medium_airport,Northwest Florida Beaches International Airport,30.3571,-85.7954,69,NA,United States,,Panama City Beach,true,750
13421,ACT,KACT,medium_airport,Waco Regional Airport,31.6113,-97.2305,516,NA,United States,,Waco,true,750
13815,ANR,EBAW,medium_airport,Antwerp International Airport (Deurne),51.1907,4.4632,39,EU,Belgium,,Antwerp,true,750
28072,LNS,KLNS,medium_airport,Lancaster Airport,40.1217,-76.2961,403,NA,United States,,Lancaster,true,750
21186,GCI,EGJB,medium_airport,Guernsey Airport,49.435,-2.602,336,EU,Guernsey,,Saint Peter Port,true,750
44446,YAM,CYAM,medium_airport,Sault Ste Marie Airport,46.4832,-84.5085,630,NA,Canada,,Sault Ste Marie,true,750
25504,JOG,WAHH,medium_airport,Adisutjipto International Airport,-7.7882,110.432,379,AS,Indonesia,,Yogyakarta,true,750
14751,BDR,KBDR,medium_airport,Igor I Sikorsky Memorial Airport,41.1635,-73.1262,9,NA,United States,,Bridgeport,true,750
29389,MOD,KMOD,medium_airport,Modesto City Co-Harry Sham Field,37.6258,-120.954,97,NA,United States,,Modesto,true,750
37001,SJT,KSJT,medium_airport,San Angelo Regional Mathis Field,31.3577,-100.496,1919,NA,United States,,San Angelo,true,750
39905,USH,SAWH,medium_airport,Ushuaia - Malvinas Argentinas International Airport,-54.8433,-68.2958,102,SA,Argentina,,Ushuaia,true,750
16446,COU,KCOU,medium_airport,Columbia Regional Airport,38.8181,-92.2196,889,NA,United States,,Columbia,true,750
29187,MIR,DTMB,medium_airport,Monastir Habib Bourguiba International Airport,35.7581,10.7547,9,AF,Tunisia,,Monastir,true,750
45299,YYB,CYYB,medium_airport,North Bay Jack Garland Airport,46.3636,-79.4228,1215,NA,Canada,,North Bay,true,750
33289,POP,MDPP,medium_airport,Gregorio Luperon International Airport,19.7579,-70.57,15,NA,Dominican Republic,,Puerto Plata,true,750
37067,SLN,KSLN,medium_airport,Salina Municipal Airport,38.791,-97.6522,1288,NA,United States,,Salina,true,750
13595,AHN,KAHN,medium_airport,Athens Ben Epps Airport,33.9488,-83.3256,808,NA,United States,,Athens,true,750
16032,CDC,KCDC,medium_airport,Cedar City Regional Airport,37.701,-113.099,5622,NA,United States,,Cedar City,true,750
19134,ERI,KERI,medium_airport,Erie International Tom Ridge Field,42.0831,-80.1739,732,NA,United States,,Erie,true,750
19834,FAY,KFAY,medium_airport,Fayetteville Regional Airport - Grannis Field,34.9912,-78.8803,189,NA,United States,,Fayetteville,true,750
43774,XRY,LEJR,medium_airport,Jerez Airport,36.7446,-6.0601,93,EU,Spain,,Jerez de la Frontera,true,750
23704,IAG,KIAG,medium_airport,Niagara Falls International Airport,43.1073,-78.9462,589,NA,United States,,Niagara Falls,true,750
45280,YXS,CYXS,medium_airport,Prince George (International) Airport,53.8843,-122.6666,2267,NA,Canada,,Prince George,true,750
35473,RDD,KRDD,medium_airport,Redding Municipal Airport,40.509,-122.293,505,NA,United States,,Redding,true,750
21296,GFK,KGFK,medium_airport,Grand Forks International Airport,47.9493,-97.1761,845,NA,United States,,Grand Forks,true,750
38115,TER,LPLA,medium_airport,Lajes Airport,38.7618,-27.0908,180,EU,Portugal,,Praia da Vitória,true,750
37206,SPI,KSPI,medium_airport,Abraham Lincoln Capital Airport,39.8441,-89.6779,598,NA,United States,,Springfield,true,750
32093,ORH,KORH,medium_airport,Worcester Regional Airport,42.2673,-71.8757,1009,NA,United States,,Worcester,true,750
45339,YZF,CYZF,medium_airport,Yellowknife International Airport,62.4628,-114.44,675,NA,Canada,,Yellowknife,true,750
15137,BOH,EGHH,medium_airport,Bournemouth Airport,50.7805,-1.8396,38,EU,United Kingdom,,Bournemouth,true,750
15252,BRO,KBRO,medium_airport,Brownsville South Padre Island International Airport,25.9072,-97.4252,22,NA,United States,,Brownsville,true,750
23025,HRL,KHRL,medium_airport,Valley International Airport,26.2285,-97.6544,36,NA,United States,,Harlingen,true,750
44615,YFB,CYFB,medium_airport,Iqaluit Airport,63.7564,-68.5558,110,NA,Canada,,Iqaluit,true,750
27785,LFT,KLFT,medium_airport,Lafayette Regional Airport,30.2053,-91.9876,42,NA,United States,,Lafayette,true,750
33546,PVU,KPVU,medium_airport,Provo Municipal Airport,40.2189,-111.7224,4497,NA,United States,,Provo,true,750
35482,RDM,KRDM,medium_airport,Roberts Field,44.2541,-121.15,3080,NA,United States,,Redmond,true,750
27808,LGG,EBLG,medium_airport,Liège Airport,50.6386,5.4439,659,EU,Belgium,,Grâce-Hollogne,true,750
28457,LYH,KLYH,medium_airport,Lynchburg Regional Airport - Preston Glenn Field,37.3267,-79.2004,938,NA,United States,,Lynchburg,true,750
33420,PSC,KPSC,medium_airport,Tri Cities Airport,46.2647,-119.119,410,NA,United States,,Pasco,true,750
45303,YYF,CYYF,medium_airport,Penticton Airport,49.4631,-119.602,1129,NA,Canada,,Penticton,true,750
35888,ROW,KROW,medium_airport,Roswell Air Center Airport,33.3016,-104.531,3671,NA,United States,,Roswell,true,750
45034,YQY,CYQY,medium_airport,Sydney / J.A. Douglas McCurdy Airport,46.1611,-60.0498,203,NA,Canada,,Sydney,true,750
38835,TYR,KTYR,medium_airport,Tyler Pounds Regional Airport,32.3541,-95.4024,544,NA,United States,,Tyler,true,750
15999,CCF,LFMK,medium_airport,Carcassonne Salvaza Airport,43.216,2.3063,433,EU,France,,Carcassonne,true,750
45030,YQU,CYQU,medium_airport,Grande Prairie Airport,55.1797,-118.885,2195,NA,Canada,,Grande Prairie,true,750
27731,LEB,KLEB,medium_airport,Lebanon Municipal Airport,43.6261,-72.3042,603,NA,United States,,Lebanon,true,750
29405,MOT,KMOT,medium_airport,Minot International Airport,48.258,-101.2791,1716,NA,United States,,Minot,true,750
23931,IGR,SARI,medium_airport,Cataratas Del Iguazú International Airport,-25.7373,-54.4734,916,SA,Argentina,,Puerto Iguazu,true,750
45351,YZR,CYZR,medium_airport,Chris Hadfield Airport,42.9994,-82.3089,594,NA,Canada,,Sarnia,true,750
24100,ILG,KILG,medium_airport,Wilmington Airport,39.6787,-75.6065,80,NA,United States,,Wilmington,true,750
44878,YMM,CYMM,medium_airport,Fort McMurray International Airport,56.6533,-111.222,1211,NA,Canada,,Fort McMurray,true,750
27626,LBE,KLBE,medium_airport,Arnold Palmer Regional Airport,40.2759,-79.4048,1199,NA,United States,,Latrobe,true,750
21328,GGG,KGGG,medium_airport,East Texas Regional Airport,32.384,-94.7115,365,NA,United States,,Longview,true,750
29298,MLU,KMLU,medium_airport,Monroe Regional Airport,32.5109,-92.0377,79,NA,United States,,Monroe,true,750
24257,IPT,KIPT,medium_airport,Williamsport Regional Airport,41.2421,-76.9224,529,NA,United States,,Williamsport,true,750
13993,ASP,YBAS,medium_airport,Alice Springs Airport,-23.8066,133.9034,1789,OC,Australia,,Alice Springs,true,750
29397,MOL,ENML,medium_airport,"Molde Airport, Årø",62.7447,7.2625,10,EU,Norway,,Årø,true,750
16576,CSG,KCSG,medium_airport,Columbus Airport,32.5164,-84.9396,397,NA,United States,,Columbus,true,750
27668,LCK,KLCK,medium_airport,Rickenbacker International Airport,39.8138,-82.9278,744,NA,United States,,Columbus,true,750
44547,YDF,CYDF,medium_airport,Deer Lake Airport,49.2082,-57.3961,72,NA,Canada,,Deer Lake,true,750
21758,GSE,ESGP,medium_airport,Säve Airport,57.7747,11.8704,59,EU,Sweden,,Göteborg,true,750
22811,HLN,KHLN,medium_airport,Helena Regional Airport,46.6068,-111.983,3877,NA,United States,,Helena,true,750
28201,LRD,KLRD,medium_airport,Laredo International Airport,27.5438,-99.4616,508,NA,United States,,Laredo,true,750
28253,LST,YMLT,medium_airport,Launceston Airport,-41.5449,147.2108,562,OC,Australia,,Launceston (Western Junction),true,750
45021,YQL,CYQL,medium_airport,Lethbridge County Airport,49.6303,-112.8,3048,NA,Canada,,Lethbridge,true,750
14854,BGM,KBGM,medium_airport,Greater Binghamton/Edwin A Link field,42.2087,-75.9798,1636,NA,United States,,Binghamton,true,750
18534,EAU,KEAU,medium_airport,Chippewa Valley Regional Airport,44.8658,-91.4843,913,NA,United States,,Eau Claire,true,750
28936,MBS,KMBS,medium_airport,MBS International Airport,43.5332,-84.0831,668,NA,United States,,Freeland,true,750
21188,GCK,KGCK,medium_airport,Garden City Regional Airport,37.9275,-100.724,2891,NA,United States,,Garden City,true,750
22422,HAU,ENHD,medium_airport,"Haugesund Airport, Karmøy",59.3453,5.2084,86,EU,Norway,,Karmøy,true,750
29144,MHK,KMHK,medium_airport,Manhattan Regional Airport,39.141,-96.6708,1057,NA,United States,,Manhattan,true,750
30778,NQY,EGHQ,medium_airport,Cornwall Airport Newquay,50.4406,-4.9954,390,EU,United Kingdom,,Newquay,true,750
22925,HOT,KHOT,medium_airport,Memorial Field Airport,34.4788,-93.0963,540,NA,United States,,Hot Springs,true,750
27624,LBC,EDHL,medium_airport,Lübeck Blankensee Airport,53.8054,10.7192,53,EU,Germany,,Lübeck,true,750
18917,ELH,MYEH,medium_airport,North Eleuthera Airport,25.4758,-76.6808,13,NA,Bahamas,,North Eleuthera,true,750
27627,LBF,KLBF,medium_airport,North Platte Regional Airport Lee Bird Field,41.1262,-100.684,2777,NA,United States,,North Platte,true,750
30978,NWI,EGSH,medium_airport,Norwich Airport,52.6758,1.2828,118,EU,United Kingdom,,"Norwich, Norfolk",true,750
45091,YSJ,CYSJ,medium_airport,Saint John Airport,45.3161,-65.8903,357,NA,Canada,,Saint John,true,750
36718,SBY,KSBY,medium_airport,Salisbury Ocean City Wicomico Regional Airport,38.3405,-75.5103,52,NA,United States,,Salisbury,true,750
46421,ZTH,LGZA,medium_airport,Zakynthos International Airport Dionysios Solomos,37.7509,20.8843,12,EU,Greece,,Zakynthos,true,750
13423,ACV,KACV,medium_airport,California Redwood Coast-Humboldt County Airport,40.9781,-124.109,221,NA,United States,,Arcata/Eureka,true,750
45136,YTS,CYTS,medium_airport,Timmins/Victor M. Power,48.5697,-81.3767,967,NA,Canada,,Timmins,true,750
13497,AEX,KAEX,medium_airport,Alexandria International Airport,31.3258,-92.5467,89,NA,United States,,Alexandria,true,750
27738,LEI,LEAM,medium_airport,Almería Airport,36.8439,-2.3701,70,EU,Spain,,Almería,true,750
17270,DBQ,KDBQ,medium_airport,Dubuque Regional Airport,42.402,-90.7095,1077,NA,United States,,Dubuque,true,750
18888,EKO,KEKO,medium_airport,Elko Regional Airport,40.8249,-115.792,5140,NA,United States,,Elko,true,750
13532,AFW,KAFW,medium_airport,Perot Field/Fort Worth Alliance Airport,32.9904,-97.3195,722,NA,United States,,Fort Worth,true,750
32777,PAH,KPAH,medium_airport,Barkley Regional Airport,37.0608,-88.7738,410,NA,United States,,Paducah,true,750
37401,SUX,KSUX,medium_airport,Sioux Gateway Airport / Brigadier General Bud Day Field,42.3976,-96.3822,1098,NA,United States,,Sioux City,true,750
13596,AHO,LIEA,medium_airport,Alghero-Fertilia Airport,40.6321,8.2908,87,EU,Italy,,Alghero,true,750
16402,CNM,KCNM,medium_airport,Cavern City Air Terminal,32.3375,-104.263,3295,NA,United States,,Carlsbad,true,750
21741,GRX,LEGR,medium_airport,F.G.L. Airport Granada-Jaén Airport,37.1887,-3.7774,1860,EU,Spain,,Granada,true,750
36101,RUT,KRUT,medium_airport,Rutland - Southern Vermont Regional Airport,43.5294,-72.9496,787,NA,United States,,Rutland,true,750
45026,YQQ,CYQQ,medium_airport,Comox Valley International Airport / CFB Comox,49.7108,-124.887,84,NA,Canada,,Comox,true,750
36783,SDR,LEXJ,medium_airport,Seve Ballesteros-Santander Airport,43.4271,-3.82,16,EU,Spain,,Santander,true,750
44459,YAZ,CYAZ,medium_airport,Tofino / Long Beach Airport,49.0798,-125.7756,80,NA,Canada,,Tofino,true,750
37216,SPS,KSPS,medium_airport,Wichita Falls Municipal Airport / Sheppard Air Force Base,33.9888,-98.4919,1019,NA,United States,,Wichita Falls,true,750
15254,BRQ,LKTB,medium_airport,Brno-Tuřany Airport,49.1513,16.694,778,EU,Czech Republic,,Brno,true,750
15212,BQK,KBQK,medium_airport,Brunswick Golden Isles Airport,31.2588,-81.4665,26,NA,United States,,Brunswick,true,750
29318,MME,EGNV,medium_airport,Teesside International Airport,54.5092,-1.4294,120,EU,United Kingdom,,"Darlington, Durham",true,750
21994,GYY,,medium_airport,Gary/Chicago International Airport,41.6171,-87.4132,591,NA,United States,,Gary,true,750
29477,MQT,KSAW,medium_airport,Marquette/Sawyer International Airport,46.3515,-87.3959,1221,NA,United States,,Gwinn,true,750
23863,IEV,UKKK,medium_airport,Ihor Sikorsky Kyiv International Airport (Zhuliany),50.4019,30.4519,587,EU,Ukraine,,Kyiv,true,750
29034,MEI,KMEI,medium_airport,Key Field / Meridian Regional Airport,32.3326,-88.7519,297,NA,United States,,Meridian,true,750
21341,GGT,MYEF,medium_airport,Exuma International Airport,23.5626,-75.878,9,NA,Bahamas,,Moss Town,true,750
35476,RDG,KRDG,medium_airport,Reading Regional Airport (Carl A Spaatz Field),40.3785,-75.9652,344,NA,United States,,Reading,true,750
14210,AYQ,YAYE,medium_airport,Ayers Rock Connellan Airport,-25.1859,130.977,1626,OC,Australia,,Yulara,true,750
16592,CSW,MMSL,medium_airport,Cabo San Lucas International Airport,22.9491,-109.9395,459,NA,Mexico,,Cabo San Lucas,true,750
16082,CEQ,LFMD,medium_airport,Cannes Mandelieu Airport,43.548,6.9552,13,EU,France,,Cannes,true,750
16359,CMF,LFLB,medium_airport,Chambéry Aix les Bains airport,45.6381,5.8802,779,EU,France,,Chambéry,true,750
17483,DHN,KDHN,medium_airport,Dothan Regional Airport,31.3213,-85.4496,401,NA,United States,,Dothan,true,750
13842,AOI,LIPY,medium_airport,Marche Airport,43.6163,13.3623,49,EU,Italy,,Falconara Marittima (AN),true,750
21726,GRI,KGRI,medium_airport,Central Nebraska Regional Airport,40.9675,-98.3096,1847,NA,United States,,Grand Island,true,750
23104,HTS,KHTS,medium_airport,Tri-State Airport / Milton J. Ferguson Field,38.3667,-82.558,828,NA,United States,,Huntington,true,750
26987,KTN,PAKT,medium_airport,Ketchikan International Airport,55.3556,-131.714,89,NA,United States,,Ketchikan,true,750
28037,LMT,KLMT,medium_airport,Crater Lake-Klamath Regional Airport,42.1561,-121.733,4095,NA,United States,,Klamath Falls,true,750
33065,PIH,KPIH,medium_airport,Pocatello Regional Airport,42.9098,-112.596,4452,NA,United States,,Pocatello,true,750
33296,POW,LJPZ,medium_airport,Portorož Airport,45.472,13.616,7,EU,Slovenia,,Sečovlje,true,750
38623,TSV,YBTL,medium_airport,Townsville Airport / RAAF Base Townsville,-19.2529,146.7665,18,OC,Australia,,Townsville,true,750
38512,TPS,LICT,medium_airport,Vincenzo Florio Airport Trapani-Birgi,37.9114,12.488,25,EU,Italy,,Trapani (TP),true,750
28312,LUG,LSZA,medium_airport,Lugano Airport,46.0043,8.9106,915,EU,Switzerland,,Agno,true,750
44481,YBL,CYBL,medium_airport,Campbell River Airport,49.9508,-125.271,346,NA,Canada,,Campbell River,true,750
44689,YHD,CYHD,medium_airport,Dryden Regional Airport,49.8317,-92.7442,1354,NA,Canada,,Dryden,true,750
25403,JLN,KJLN,medium_airport,Joplin Regional Airport,37.1518,-94.4983,981,NA,United States,,Joplin,true,750
26958,KSU,ENKB,medium_airport,"Kristiansund Airport, Kvernberget",63.1118,7.8245,204,EU,Norway,,Kvernberget,true,750
28941,MBX,LJMB,medium_airport,Maribor Edvard Rusjan Airport,46.4799,15.6861,876,EU,Slovenia,,Maribor,true,750
29141,MHH,MYAM,medium_airport,Leonard M. Thompson International Airport,26.5107,-77.0843,6,NA,Bahamas,,Marsh Harbour,true,750
45269,YXH,CYXH,medium_airport,Medicine Hat Regional Airport,50.0189,-110.721,2352,NA,Canada,,Medicine Hat,true,750
19307,EWB,KEWB,medium_airport,New Bedford Regional Airport,41.6761,-70.9569,80,NA,United States,,New Bedford,true,750
32165,OTH,KOTH,medium_airport,Southwest Oregon Regional Airport,43.4171,-124.246,17,NA,United States,,North Bend,true,750
13409,ACH,LSZR,medium_airport,Sankt Gallen Altenrhein Airport,47.485,9.5608,1306,EU,Switzerland,,St. Gallen,true,750
38263,TIV,LYTV,medium_airport,Tivat Airport,42.4047,18.7233,20,EU,Montenegro,,Tivat,true,750
38751,TWF,KTWF,medium_airport,Joslin Field Magic Valley Regional Airport,42.4818,-114.488,4154,NA,United States,,Twin Falls,true,750
13740,ALO,KALO,medium_airport,Waterloo Regional Airport,42.5571,-92.4003,873,NA,United States,,Waterloo,true,750
16155,CGR,SBCG,medium_airport,Campo Grande Airport,-20.47,-54.674,1833,SA,Brazil,,Campo Grande,true,750
45264,YXC,CYXC,medium_airport,Cranbrook/Canadian Rockies International Airport,49.6108,-115.782,3082,NA,Canada,,Cranbrook,true,750
44947,YOJ,CYOJ,medium_airport,High Level Airport,58.6214,-117.165,1110,NA,Canada,,High Level,true,750
36847,SFJ,BGSF,medium_airport,Kangerlussuaq International Airport,67.0104,-50.7153,165,NA,Greenland,,Kangerlussuaq,true,750
45020,YQK,CYQK,medium_airport,Kenora Airport,49.7883,-94.3631,1332,NA,Canada,,Kenora,true,750
27601,LAP,MMLP,medium_airport,Manuel Márquez de León International Airport,24.0723,-110.3627,69,NA,Mexico,,La Paz,true,750
28467,LYR,ENSB,medium_airport,"Svalbard Airport, Longyear",78.2461,15.4656,88,EU,Norway,,Longyearbyen,true,750
33075,PIR,KPIR,medium_airport,Pierre Regional Airport,44.3827,-100.286,1744,NA,United States,,Pierre,true,750
35848,RNS,LFRN,medium_airport,Rennes-Saint-Jacques Airport,48.0695,-1.7348,124,EU,France,,"Saint-Jacques-de-la-Lande, Ille-et-Vilaine",true,750
40776,VGO,LEVX,medium_airport,Vigo Airport,42.2318,-8.6268,856,EU,Spain,,Vigo,true,750
15185,BPT,KBPT,medium_airport,Jack Brooks Regional Airport,29.9508,-94.0207,15,NA,United States,,Beaumont/Port Arthur,true,750
16146,CGI,KCGI,medium_airport,Cape Girardeau Regional Airport,37.2253,-89.5708,342,NA,United States,,Cape Girardeau,true,750
26663,KKN,ENKR,medium_airport,"Kirkenes Airport, Høybuktmoen",69.7258,29.8913,283,EU,Norway,,Kirkenes,true,750
29120,MGW,KMGW,medium_airport,Morgantown Municipal Airport Walter L. (Bill) Hart Field,39.6433,-79.9176,1248,NA,United States,,Morgantown,true,750
33179,PLN,KPLN,medium_airport,Pellston Regional Airport of Emmet County Airport,45.5709,-84.7967,721,NA,United States,,Pellston,true,750
13961,ART,KART,medium_airport,Watertown International Airport,43.9919,-76.0217,325,NA,United States,,Watertown,true,750
13383,ABR,KABR,medium_airport,Aberdeen Regional Airport,45.4491,-98.4218,1302,NA,United States,,Aberdeen,true,750
13654,AJA,LFKJ,medium_airport,Ajaccio Napoléon Bonaparte airport,41.9236,8.8029,18,EU,France,,Ajaccio,true,750
14930,BIQ,LFBZ,medium_airport,Biarritz Pays Basque airport,43.4684,-1.5232,245,EU,France,,Biarritz,true,750
13460,ADW,KADW,medium_airport,Joint Base Andrews,38.8108,-76.867,280,NA,United States,,Camp Springs,true,750
20220,FLO,KFLO,medium_airport,Florence Regional Airport,34.1854,-79.7239,146,NA,United States,,Florence,true,750
21575,GNB,LFLS,medium_airport,Grenoble Alpes Isère Airport,45.3629,5.3294,1302,EU,France,,Grenoble,true,750
28205,LRH,LFBH,medium_airport,La Rochelle Île de Ré Airport,46.1792,-1.1953,74,EU,France,,La Rochelle,true,750
27603,LAR,KLAR,medium_airport,Laramie Regional Airport,41.3121,-105.675,7284,NA,United States,,Laramie,true,750
42141,WIL,HKNW,medium_airport,Nairobi Wilson Airport,-1.3217,36.8148,5536,AF,Kenya,,Nairobi,true,750
32267,OWB,KOWB,medium_airport,Owensboro Daviess County Airport,37.7401,-87.1668,407,NA,United States,,Owensboro,true,750
32991,PGF,LFMP,medium_airport,Perpignan-Rivesaltes (Llabanère) Airport,42.7404,2.8707,144,EU,France,,Perpignan/Rivesaltes,true,750
35740,RKS,KRKS,medium_airport,Southwest Wyoming Regional Airport,41.5942,-109.065,6764,NA,United States,,Rock Springs,true,750
37344,STC,KSTC,medium_airport,Saint Cloud Regional Airport,45.5466,-94.0599,1031,NA,United States,,Saint Cloud,true,750
13390,ABY,KABY,medium_airport,Southwest Georgia Regional Airport,31.5329,-84.1962,197,NA,United States,,Albany,true,750
13731,ALF,ENAT,medium_airport,Alta Airport,69.9761,23.3717,9,EU,Norway,,Alta,true,750
17941,DUD,NZDN,medium_airport,Dunedin International Airport,-45.929,170.1978,4,OC,New Zealand,,Dunedin,true,750
45271,YXJ,CYXJ,medium_airport,Fort St John / North Peace Regional Airport,56.2381,-120.74,2280,NA,Canada,,Fort Saint John,true,750
23146,HUY,EGNJ,medium_airport,Humberside Airport,53.5762,-0.3495,121,EU,United Kingdom,,"Grimsby, Lincolnshire",true,750
18532,EAS,LESO,medium_airport,San Sebastián Airport,43.3565,-1.7906,16,EU,Spain,,Hondarribia,true,750
28967,MCN,KMCN,medium_airport,Middle Georgia Regional Airport,32.6928,-83.6492,354,NA,United States,,Macon,true,750
29541,MSL,KMSL,medium_airport,Northwest Alabama Regional Airport,34.7451,-87.613,551,NA,United States,,Muscle Shoals,true,750
35812,RMS,ETAR,medium_airport,Ramstein Air Base,49.4369,7.6003,776,EU,Germany,,Ramstein-Miesenbach,true,750
28473,LYX,EGMD,medium_airport,Lydd London Ashford Airport,50.9562,0.9391,13,EU,United Kingdom,,"Romney Marsh, Kent",true,750
45178,YUY,CYUY,medium_airport,Rouyn Noranda Airport,48.2061,-78.8356,988,NA,Canada,,Rouyn-Noranda,true,750
38792,TXK,KTXK,medium_airport,Texarkana Regional Airport (Webb Field),33.4537,-93.991,390,NA,United States,,Texarkana,true,750
29159,MHZ,EGUN,medium_airport,RAF Mildenhall,52.3619,0.4864,33,EU,United Kingdom,,"Bury Saint Edmunds, Suffolk",true,750
30218,NBE,DTNH,medium_airport,Enfidha - Hammamet International Airport,36.0758,10.4386,21,AF,Tunisia,,Enfidha,true,750
27665,LCH,KLCH,medium_airport,Lake Charles Regional Airport,30.1261,-93.2233,15,NA,United States,,Lake Charles,true,750
28940,MBW,YMMB,medium_airport,Melbourne Moorabbin Airport,-37.9778,145.0998,50,OC,Australia,,Melbourne,true,750
15131,BOB,NTTB,medium_airport,Bora Bora Airport,-16.4444,-151.751,10,OC,French Polynesia,,Motu Mute,true,750
39260,UAK,BGBW,heliport,Narsarsuaq Airport,61.1596,-45.4247,112,NA,Greenland,,Narsarsuaq,true,750
19319,EWN,KEWN,medium_airport,Coastal Carolina Regional Airport,35.073,-77.0429,18,NA,United States,,New Bern,true,750
16330,CLM,KCLM,medium_airport,William R Fairchild International Airport,48.1202,-123.5,291,NA,United States,,Port Angeles,true,750
44996,YPW,CYPW,medium_airport,Powell River Airport,49.8342,-124.5,425,NA,Canada,,Powell River,true,750
44476,YBG,CYBG,medium_airport,Saguenay-Bagotville Airport,48.3301,-70.992,522,NA,Canada,,Saguenay,true,750
37098,SMI,LGSM,medium_airport,Samos Airport,37.69,26.9117,19,EU,Greece,,Samos Island,true,750
37200,SPC,GCLA,medium_airport,La Palma Airport,28.6265,-17.7556,107,AF,Spain,,"Sta Cruz de la Palma, La Palma Island",true,750
38190,TGU,MHTG,medium_airport,Toncontín Airport,14.0609,-87.2172,3294,NA,Honduras,,Tegucigalpa,true,750
38877,TZX,LTCG,medium_airport,Trabzon International Airport,40.9951,39.7897,104,AS,Turkey,,Trabzon,true,750
40945,VLD,KVLD,medium_airport,Valdosta Regional Airport,30.7825,-83.2767,203,NA,United States,,Valdosta,true,750
14099,AVN,LFMV,medium_airport,Avignon Caumont airport,43.9073,4.9018,124,EU,France,,Avignon,true,750
15551,BZZ,EGVN,medium_airport,RAF Brize Norton,51.75,-1.5836,288,EU,United Kingdom,,"Carterton, Oxfordshire",true,750
37365,STX,TISX,medium_airport,Henry E. Rohlsen Airport,17.7014,-64.8026,74,NA,U.S. Virgin Islands,,Christiansted,true,750
45314,YYQ,CYYQ,medium_airport,Churchill Airport,58.7392,-94.065,94,NA,Canada,,Churchill,true,750
22923,HOR,LPHR,medium_airport,Horta Airport,38.5199,-28.7159,118,EU,Portugal,,Horta,true,750
28242,LSI,EGPB,medium_airport,Sumburgh Airport,59.8789,-1.2956,20,EU,United Kingdom,,"Lerwick, Shetland",true,750
32812,PBG,KPBG,medium_airport,Plattsburgh International Airport,44.6509,-73.4681,234,NA,United States,,Plattsburgh,true,750
36743,SCN,EDDR,medium_airport,Saarbrücken Airport,49.2145,7.1097,1058,EU,Germany,,Saarbrücken,true,750
36965,SIT,PASI,medium_airport,Sitka Rocky Gutierrez Airport,57.0471,-135.362,21,NA,United States,,Sitka,true,750
30274,NCY,LFLP,medium_airport,Annecy Meythet airport,45.9289,6.0987,1521,EU,France,,Annecy,true,750
15532,BZG,EPBY,medium_airport,Ignacy Jan Paderewski Bydgoszcz Airport,53.0968,17.9777,235,EU,Poland,,Bydgoszcz,true,750
29252,MKK,PHMK,medium_airport,Molokai Airport,21.1529,-157.096,454,OC,United States,,Kaunakakai,true,750
24320,IRK,KIRK,medium_airport,Kirksville Regional Airport,40.0935,-92.5449,966,NA,United States,,Kirksville,true,750
26802,KOI,EGPA,medium_airport,Kirkwall Airport,58.9579,-2.9051,50,EU,United Kingdom,,"Kirkwall, Orkney Islands",true,750
27880,LIG,LFBL,medium_airport,Limoges Airport,45.8628,1.1794,1300,EU,France,,Limoges/Bellegarde,true,750
33131,PKB,KPKB,medium_airport,Mid Ohio Valley Regional Airport,39.3451,-81.4392,858,NA,United States,,Parkersburg (Williamstown),true,750
45353,YZT,CYZT,medium_airport,Port Hardy Airport,50.6806,-127.367,71,NA,Canada,,Port Hardy,true,750
35992,RRS,ENRO,medium_airport,Røros Airport,62.5784,11.3423,2054,EU,Norway,,Røros,true,750
14811,BFF,KBFF,medium_airport,Western Neb. Rgnl/William B. Heilig Airport,41.874,-103.596,3967,NA,United States,,Scottsbluff,true,750
44806,YKM,KYKM,medium_airport,Yakima Air Terminal McAllister Field,46.5682,-120.544,1099,NA,United States,,Yakima,true,750
32772,PAC,MPMG,medium_airport,Marcos A. Gelabert International Airport,8.9733,-79.5556,31,NA,Panama,,Albrook,true,750
15249,BRL,KBRL,medium_airport,Southeast Iowa Regional Airport,40.7832,-91.1255,698,NA,United States,,Burlington,true,750
15322,BTM,KBTM,medium_airport,Bert Mooney Airport,45.9548,-112.497,5550,NA,United States,,Butte,true,750
16248,CJC,SCCF,medium_airport,El Loa Airport,-22.4982,-68.9036,7543,SA,Chile,,Calama,true,750
37074,SLU,TLPC,medium_airport,George F. L. Charles Airport,14.0202,-60.9929,22,NA,Saint Lucia,,Castries,true,750
29429,MPH,RPVE,medium_airport,Godofredo P. Ramos Airport,11.9245,121.954,7,AS,Philippines,,Caticlan,true,750
21807,GTR,KGTR,medium_airport,Golden Triangle Regional Airport,33.4503,-88.5914,264,NA,United States,,Columbus/W Point/Starkville,true,750
20004,FFO,KFFO,medium_airport,Wright-Patterson Air Force Base,39.8261,-84.0483,823,NA,United States,,Dayton,true,750
17703,DNR,LFRD,medium_airport,Dinard Pleurtuit Saint-Malo airport,48.5877,-2.08,219,EU,France,,Dinard,true,750
17947,DUJ,KDUJ,medium_airport,DuBois Regional Airport,41.1783,-78.8987,1817,NA,United States,,Dubois,true,750
23094,HTI,YBHM,medium_airport,Hamilton Island Airport,-20.3581,148.952,15,OC,Australia,,Hamilton Island,true,750
27633,LBL,KLBL,medium_airport,Liberal Mid-America Regional Airport,37.0442,-100.96,2885,NA,United States,,Liberal,true,750
44841,YLL,CYLL,medium_airport,Lloydminster Airport,53.3092,-110.073,2193,NA,Canada,,Lloydminster,true,750
27695,LDB,SBLO,medium_airport,Governor José Richa Airport,-23.3344,-51.1284,1867,SA,Brazil,,Londrina,true,750
29044,MES,WIMK,medium_airport,Soewondo Air Force Base,3.5584,98.6723,114,AS,Indonesia,,Medan,true,750
30839,NSN,NZNS,medium_airport,Nelson Airport,-41.2983,173.221,17,OC,New Zealand,,Nelson,true,750
39551,UIN,KUIN,medium_airport,Quincy Regional Airport Baldwin Field,39.9427,-91.1946,768,NA,United States,,Quincy,true,750
20440,FRS,,medium_airport,Mundo Maya International Airport,16.9137,-89.8661,427,NA,Guatemala,,San Benito,true,750
36952,SIG,TJIG,medium_airport,Fernando Luis Ribas Dominicci Airport,18.4568,-66.0981,10,NA,Puerto Rico,,San Juan,true,750
45301,YYD,CYYD,medium_airport,Smithers Airport,54.8247,-127.183,1712,NA,Canada,,Smithers,true,750
44777,YJT,CYJT,medium_airport,Stephenville Dymond International Airport,48.5434,-58.5529,84,NA,Canada,,Stephenville,true,750
14158,AXA,TQPF,medium_airport,Clayton J. Lloyd International Airport,18.2048,-63.0538,127,NA,Anguilla,,The Valley,true,750
45125,YTH,CYTH,medium_airport,Thompson Airport,55.8011,-97.8642,729,NA,Canada,,Thompson,true,750
38679,TUF,LFOT,medium_airport,Tours Val de Loire Airport,47.4322,0.7276,357,EU,France,,"Tours, Indre-et-Loire",true,750
38689,TUP,KTUP,medium_airport,Tupelo Regional Airport,34.2681,-88.7699,346,NA,United States,,Tupelo,true,750
45204,YVO,CYVO,medium_airport,Val-d'Or Airport,48.0533,-77.7828,1107,NA,Canada,,Val-d'Or,true,750
40637,VCT,KVCT,medium_airport,Victoria Regional Airport,28.8526,-96.9185,115,NA,United States,,Victoria,true,750
44512,YCG,CYCG,medium_airport,Castlegar/West Kootenay Regional Airport,49.2964,-117.632,1624,NA,Canada,,Castlegar,true,750
16068,CEC,KCEC,medium_airport,Jack Mc Namara Field Airport,41.7789,-124.2364,61,NA,United States,,Crescent City,true,750
17364,DEC,KDEC,medium_airport,Decatur Airport,39.8346,-88.8657,682,NA,United States,,Decatur,true,750
17328,DDC,KDDC,medium_airport,Dodge City Regional Airport,37.7634,-99.9656,2594,NA,United States,,Dodge City,true,750
20082,FHU,KFHU,medium_airport,Sierra Vista Municipal Airport / Libby Army Air Field,31.5874,-110.3482,4719,NA,United States,,Fort Huachuca / Sierra Vista,true,750
45302,YYE,CYYE,medium_airport,Fort Nelson Airport,58.8364,-122.597,1253,NA,Canada,,Fort Nelson,true,750
38363,TLN,LFTH,medium_airport,Toulon-Hyères Airport,43.0973,6.146,7,EU,France,,"Hyères, Var",true,750
44599,YEV,CYEV,medium_airport,Inuvik Mike Zubko Airport,68.3042,-133.483,224,NA,Canada,,Inuvik,true,750
29253,MKL,KMKL,medium_airport,McKellar-Sipes Regional Airport,35.5999,-88.9156,434,NA,United States,,Jackson,true,750
28218,LRU,KLRU,medium_airport,Las Cruces International Airport,32.2894,-106.922,4456,NA,United States,,Las Cruces,true,750
14754,BDU,ENDU,medium_airport,Bardufoss Airport,69.0558,18.5404,252,EU,Norway,,Målselv,true,750
33536,PVK,LGPZ,medium_airport,Aktion National Airport,38.9255,20.7653,11,EU,Greece,,Preveza,true,750
13410,ACI,EGJA,medium_airport,Alderney Airport,49.7061,-2.2147,290,EU,Guernsey,,Saint Anne,true,750
37069,SLP,MMSP,medium_airport,Ponciano Arriaga International Airport,22.262,-100.9357,6035,NA,Mexico,,San Luis Potosí,true,750
37064,SLK,KSLK,medium_airport,Adirondack Regional Airport,44.3869,-74.2046,1663,NA,United States,,Saranac Lake,true,750
36927,SHR,KSHR,medium_airport,Sheridan County Airport,44.7692,-106.98,4021,NA,United States,,Sheridan,true,750
25650,JSI,LGSK,medium_airport,Skiathos Island National Airport,39.1771,23.5037,54,EU,Greece,,Skiathos,true,750
27698,LDE,LFBT,medium_airport,Tarbes-Lourdes-Pyrénées Airport,43.1787,-0.0064,1260,EU,France,,Tarbes/Lourdes/Pyrénées,true,750
16283,CKB,KCKB,medium_airport,North Central West Virginia Airport,39.2966,-80.2281,1217,NA,United States,,Bridgeport,true,750
16697,CVT,EGBE,medium_airport,Coventry Airport,52.3697,-1.4797,267,EU,United Kingdom,,"Coventry, West Midlands",true,750
26595,KIR,EIKY,medium_airport,Kerry Airport,52.1809,-9.5238,112,EU,Ireland,,Farranfore,true,750
20436,FRO,ENFL,medium_airport,Florø Airport,61.5836,5.0247,37,EU,Norway,,Florø,true,750
25047,JBR,KJBR,medium_airport,Jonesboro Municipal Airport,35.8317,-90.6464,262,NA,United States,,Jonesboro,true,750
26703,KLR,ESMQ,medium_airport,Kalmar Airport,56.6855,16.2876,17,EU,Sweden,,Kalmar,true,750
26941,KSD,ESOK,medium_airport,Karlstad Airport,59.4447,13.3374,352,EU,Sweden,,Karlstad,true,750
18705,EFL,LGKF,medium_airport,Kefallinia Airport,38.1201,20.5005,59,EU,Greece,,Kefallinia Island,true,750
28030,LMM,MMLM,medium_airport,Valle del Fuerte International Airport,25.6855,-109.0812,16,NA,Mexico,,Los Mochis,true,750
45322,YYY,CYYY,medium_airport,Mont Joli Airport,48.6086,-68.2081,172,NA,Canada,,Mont-Joli,true,750
30550,NKM,RJNA,medium_airport,Nagoya Airport / JASDF Komaki Air Base,35.2558,136.9241,52,AS,Japan,,Nagoya,true,750
32125,OSD,ESNZ,medium_airport,Åre Östersund Airport,63.1935,14.5042,1233,EU,Sweden,,Östersund,true,750
44974,YPA,CYPA,medium_airport,Prince Albert Glass Field,53.2142,-105.673,1405,NA,Canada,,Prince Albert,true,750
44991,YPR,CYPR,medium_airport,Prince Rupert Airport,54.2861,-130.445,116,NA,Canada,,Prince Rupert,true,750
45065,YRT,CYRT,medium_airport,Rankin Inlet Airport,62.8114,-92.1158,94,NA,Canada,,Rankin Inlet,true,750
35876,ROK,YBRK,medium_airport,Rockhampton Airport,-23.38,150.4754,34,OC,Australia,,Rockhampton,true,750
45355,YZV,CYZV,medium_airport,Sept-Îles Airport,50.2233,-66.2656,180,NA,Canada,,Sept-Îles,true,750
45281,YXT,CYXT,medium_airport,Northwest Regional Airport Terrace-Kitimat,54.4685,-128.576,713,NA,Canada,,Terrace,true,750
42132,WIC,EGPC,medium_airport,Wick John O'Groats Airport,58.4589,-3.0931,126,EU,United Kingdom,,Wick,true,750
15043,BLV,KBLV,medium_airport,Scott AFB/Midamerica Airport,38.5452,-89.8352,459,NA,United States,,Belleville,true,750
18732,EGC,LFBE,medium_airport,Bergerac Dordogne-Périgord airport,44.8253,0.5186,171,EU,France,,Bergerac,true,750
27664,LCG,LECO,medium_airport,A Coruña Airport,43.3021,-8.3773,326,EU,Spain,,Culleredo,true,750
44542,YDA,CYDA,medium_airport,Dawson City Airport,64.0431,-139.128,1215,NA,Canada,,Dawson City,true,750
18748,EGS,BIEG,medium_airport,Egilsstaðir Airport,65.2833,-14.4014,76,EU,Iceland,,Egilsstaðir,true,750
37398,SUU,KSUU,medium_airport,Travis Air Force Base,38.2627,-121.927,62,NA,United States,,Fairfield,true,750
23028,HRO,KHRO,medium_airport,Boone County Airport,36.2615,-93.1547,1365,NA,United States,,Harrison,true,750
34678,QRA,FAGM,medium_airport,Rand Airport,-26.2425,28.1512,5483,AF,South Africa,,Johannesburg,true,750
26940,KSC,LZKZ,medium_airport,Košice International Airport,48.6631,21.2411,755,EU,Slovakia,,Košice,true,750
45205,YVP,CYVP,medium_airport,Kuujjuaq Airport,58.0961,-68.4269,129,NA,Canada,,Kuujjuaq,true,750
29548,MSS,KMSS,medium_airport,Massena International Airport Richards Field,44.9362,-74.8443,215,NA,United States,,Massena,true,750
31910,OME,PAOM,medium_airport,Nome Airport,64.5122,-165.445,37,NA,United States,,Nome,true,750
33354,PQI,KPQI,medium_airport,Presque Isle International Airport,46.689,-68.0448,534,NA,United States,,Presque Isle,true,750
35376,RAO,SBRP,medium_airport,Leite Lopes Airport,-21.1343,-47.7741,1805,SA,Brazil,,Ribeirão Preto,true,750
35831,RNB,ESDF,medium_airport,Ronneby Airport,56.2667,15.265,191,EU,Sweden,,Ronneby,true,750
45236,YWK,CYWK,medium_airport,Wabush Airport,52.9219,-66.8644,1808,NA,Canada,,Wabush,true,750
14748,BDO,WICC,medium_airport,Husein Sastranegara International Airport,-6.9006,107.576,2436,AS,Indonesia,,Bandung,true,750
33186,PLU,SBBH,medium_airport,Pampulha - Carlos Drummond de Andrade Airport,-19.8507,-43.9503,2589,SA,Brazil,,Belo Horizonte,true,750
15543,BZR,LFMU,medium_airport,Béziers Vias airport,43.3235,3.3539,56,EU,France,,Béziers,true,750
15540,BZO,LIPB,medium_airport,Bolzano Airport,46.4592,11.3261,789,EU,Italy,,Bolzano (BZ),true,750
16342,CLY,LFKC,medium_airport,Calvi Sainte Catherine Airport,42.5304,8.793,209,EU,France,,Calvi,true,750
18550,EBA,LIRJ,medium_airport,Marina di Campo Airport,42.7609,10.2398,31,EU,Italy,,Campo nell'Elba (LI),true,750
16079,CEN,MMCN,medium_airport,Ciudad Obregón International Airport,27.3926,-109.833,243,NA,Mexico,,Ciudad Obregón,true,750
20433,FRL,LIPK,medium_airport,Forlì-Luigi Ridolfi International Airport,44.1948,12.0701,97,EU,Italy,,Forlì (FC),true,750
21728,GRK,KGRK,medium_airport,Killeen Regional Airport / Robert Gray Army Airfield,31.0672,-97.8289,1015,NA,United States,,Fort Cavazos,true,750
23130,HUI,VVPB,medium_airport,Phu Bai International Airport,16.4006,107.7031,48,AS,Vietnam,,Huế,true,750
24177,INL,KINL,medium_airport,Falls International Airport,48.5662,-93.4031,1185,NA,United States,,International Falls,true,750
26343,KBR,WMKC,medium_airport,Sultan Ismail Petra Airport,6.1669,102.293,16,AS,Malaysia,,Kota Baharu,true,750
28078,LNY,PHNY,medium_airport,Lanai Airport,20.7857,-156.9513,1308,OC,United States,,Lanai City,true,750
29140,MHG,EDFM,medium_airport,Mannheim-City Airport,49.4731,8.5142,308,EU,Germany,,Mannheim,true,750
29411,MOZ,NTTM,medium_airport,Moorea Temae Airport,-17.4898,-149.7618,9,OC,French Polynesia,,Moorea-Maiao,true,750
29211,MJF,ENMS,medium_airport,"Mosjøen Airport, Kjærstad",65.784,13.2149,237,EU,Norway,,Mosjøen,true,750
31080,NZC,SPZA,medium_airport,Maria Reiche Neuman Airport,-14.854,-74.9615,1860,SA,Peru,,Nazca,true,750
44978,YPE,CYPE,medium_airport,Peace River Airport,56.2269,-117.447,1873,NA,Canada,,Peace River,true,750
33076,PIS,LFBI,medium_airport,Poitiers-Biard Airport,46.5877,0.3067,423,EU,France,,Poitiers/Biard,true,750
45035,YQZ,CYQZ,medium_airport,Quesnel Airport,53.0261,-122.51,1789,NA,Canada,,Quesnel,true,750
35843,RNN,EKRN,medium_airport,Bornholm Airport,55.0633,14.7596,52,EU,Denmark,,Rønne,true,750
16646,CUE,SECU,medium_airport,Mariscal Lamar Airport,-2.8895,-78.9844,8306,SA,Ecuador,,Cuenca,true,750
44558,YDQ,CYDQ,medium_airport,Dawson Creek Airport,55.7412,-120.1833,2148,NA,Canada,,Dawson Creek,true,750
27718,LDY,EGAE,medium_airport,City of Derry Airport,55.0428,-7.1611,22,EU,United Kingdom,,"Derry, Derry and Strabane",true,750
18913,ELD,KELD,medium_airport,South Arkansas Regional Airport at Goodwin Field,33.221,-92.8133,277,NA,United States,,El Dorado,true,750
31848,OKO,RJTY,medium_airport,Yokota Air Base,35.7485,139.348,463,AS,Japan,,Fussa,true,750
21509,GLH,KGLH,medium_airport,Mid Delta Regional Airport,33.4829,-90.9856,131,NA,United States,,Greenville,true,750
16377,CMX,KCMX,medium_airport,Houghton County Memorial Airport,47.1684,-88.4891,1095,NA,United States,,Hancock,true,750
22691,HIB,KHIB,medium_airport,Range Regional Airport,47.3848,-92.8369,1354,NA,United States,,Hibbing,true,750
25444,JMS,KJMS,medium_airport,Jamestown Regional Airport,46.9297,-98.6782,1500,NA,United States,,Jamestown,true,750
25360,JKG,ESGJ,medium_airport,Jönköping Airport,57.7576,14.0687,741,EU,Sweden,,Jönköping,true,750
16230,CIU,KCIU,medium_airport,Chippewa County International Airport,46.242,-84.4621,800,NA,United States,,Kincheloe,true,750
29721,MXL,MMML,medium_airport,General Rodolfo Sánchez Taboada International Airport,32.6306,-115.2428,74,NA,Mexico,,Mexicali,true,750
29296,MLS,KMLS,medium_airport,Miles City Airport - Frank Wiley Field,46.4273,-105.8854,2630,NA,United States,,Miles City,true,750
40600,VBS,LIPO,medium_airport,Brescia Gabriele d'Annunzio Airport,45.4289,10.3306,355,EU,Italy,,Montichiari (BS),true,750
20286,FNI,LFTW,medium_airport,Nîmes-Arles-Camargue Airport,43.7574,4.4164,309,EU,France,,Nîmes/Garons,true,750
33495,PUF,LFBP,medium_airport,Pau Pyrénées Airport,43.38,-0.4186,616,EU,France,,Pau/Pyrénées (Uzein),true,750
33390,PRI,FSPP,medium_airport,Praslin Island Airport,-4.3193,55.6916,10,AF,Seychelles,,Praslin Island,true,750
45057,YRL,CYRL,medium_airport,Red Lake Airport,51.0669,-93.7931,1265,NA,Canada,,Red Lake,true,750
24112,ILS,MSSS,medium_airport,Ilopango International Airport,13.6995,-89.1199,2027,NA,El Salvador,,San Salvador,true,750
43801,XSP,WSSL,medium_airport,Seletar Airport,1.4156,103.8667,36,AS,Singapore,,Seletar,true,750
37546,SYY,EGPO,medium_airport,Stornoway Airport,58.2156,-6.3311,26,EU,United Kingdom,,"Stornoway, Western Isles",true,750
36777,SDL,ESNN,medium_airport,Sundsvall-Härnösand Airport,62.5281,17.4439,16,EU,Sweden,,Sundsvall/ Härnösand,true,750
39881,URT,VTSB,medium_airport,Surat Thani Airport,9.1326,99.1356,20,AS,Thailand,,Surat Thani,true,750
38038,TCM,KTCM,medium_airport,McChord Air Force Base,47.1377,-122.476,322,NA,United States,,Tacoma,true,750
45013,YQD,CYQD,medium_airport,The Pas Airport,53.9714,-101.091,887,NA,Canada,,The Pas,true,750
13748,ALW,KALW,medium_airport,Walla Walla Regional Airport,46.0949,-118.288,1194,NA,United States,,Walla Walla,true,750
45237,YWL,CYWL,medium_airport,Williams Lake Airport,52.1831,-122.054,3085,NA,Canada,,Williams Lake,true,750
45813,ZCL,MMZC,medium_airport,General Leobardo C. Ruiz International Airport,22.8949,-102.6872,7141,NA,Mexico,,Zacatecas,true,750
13883,APN,KAPN,medium_airport,Alpena County Regional Airport,45.0781,-83.5603,690,NA,United States,,Alpena,true,750
13553,AGH,ESTA,medium_airport,Ängelholm-Helsingborg Airport,56.2961,12.8471,68,EU,Sweden,,Ängelholm,true,750
15422,BWE,EDVE,medium_airport,Braunschweig-Wolfsburg Airport,52.3192,10.5561,295,EU,Germany,,Braunschweig,true,750
16119,CFR,LFRK,medium_airport,Caen Carpiquet airport,49.1768,-0.4549,256,EU,France,,Caen,true,750
44885,YMT,CYMT,medium_airport,Chapais Airport,49.7719,-74.5281,1270,NA,Canada,,Chibougamau,true,750
44555,YDN,CYDN,medium_airport,Dauphin Barker Airport,51.1008,-100.052,999,NA,Canada,,Dauphin,true,750
17743,DOV,KDOV,medium_airport,Dover Civil Air Terminal/Dover Air Force Base,39.1295,-75.466,24,NA,United States,,Dover,true,750
17689,DND,EGPN,medium_airport,Dundee Airport,56.4525,-3.0258,17,EU,United Kingdom,,Dundee,true,750
21359,GHB,MYEM,medium_airport,Governor's Harbour Airport,25.2847,-76.331,26,NA,Bahamas,,Governor's Harbour,true,750
21982,GYM,MMGM,medium_airport,General José María Yáñez International Airport,27.969,-110.925,59,NA,Mexico,,Guaymas,true,750
22882,HNM,PHHN,medium_airport,Hana Airport,20.7956,-156.014,78,OC,United States,,Hana,true,750
37211,SPN,PGSN,medium_airport,Saipan International Airport,15.1194,145.7288,215,OC,Northern Mariana Islands,,"I Fadang, Saipan",true,750
25502,JOE,EFJO,medium_airport,Joensuu Airport,62.6588,29.6194,398,EU,Finland,,Joensuu,true,750
45192,YVC,CYVC,medium_airport,La Ronge Airport,55.1514,-105.262,1242,NA,Canada,,La Ronge,true,750
46140,ZLO,MMZO,medium_airport,Playa de Oro International Airport,19.1448,-104.559,30,NA,Mexico,,Manzanillo,true,750
44880,YMO,CYMO,medium_airport,Moosonee Airport,51.2911,-80.6078,30,NA,Canada,,Moosonee,true,750
33059,PIB,KPIB,medium_airport,Hattiesburg Laurel Regional Airport,31.4671,-89.3371,298,NA,United States,,Moselle,true,750
30800,NRK,ESSP,medium_airport,Norrköping Airport,58.5863,16.2506,32,EU,Sweden,,Norrköping,true,750
33178,PLM,WIPP,medium_airport,Sultan Mahmud Badaruddin II Airport,-2.8977,104.6981,49,AS,Indonesia,,Palembang,true,750
35885,ROT,NZRO,medium_airport,Rotorua Regional Airport,-38.1092,176.317,935,OC,New Zealand,,Rotorua,true,750
37107,SMR,SKSM,medium_airport,Simón Bolívar International Airport,11.1196,-74.2306,22,SA,Colombia,,Santa Marta,true,750
36997,SJP,SBSR,medium_airport,Prof. Eribelto Manoel Reino State Airport,-20.8171,-49.407,1784,SA,Brazil,,São José do Rio Preto,true,750
37423,SVJ,ENSH,medium_airport,"Svolvær Airport, Helle",68.2433,14.6692,27,EU,Norway,,Svolvær,true,750
40953,VLL,LEVD,medium_airport,Valladolid Airport,41.7061,-4.8519,2776,EU,Spain,,Valladolid,true,750
40853,VIT,LEVT,medium_airport,Vitoria Airport,42.8828,-2.7245,1682,EU,Spain,,Alava,true,750
15107,BNN,ENBN,medium_airport,"Brønnøysund Airport, Brønnøy",65.4611,12.2175,25,EU,Norway,,Brønnøy,true,750
16071,CEF,,medium_airport,Westover Metropolitan Airport / Westover Air Reserve Base,42.194,-72.5348,241,NA,United States,,Chicopee,true,750
37966,TAM,MMTM,medium_airport,General Francisco Javier Mina International Airport,22.2926,-97.8671,80,NA,Mexico,,Ciudad Madero,true,750
16120,CFS,YCFS,medium_airport,Coffs Harbour Airport,-30.3206,153.116,18,OC,Australia,,Coffs Harbour,true,750
44710,YHY,CYHY,medium_airport,Hay River / Merlyn Carter Airport,60.8397,-115.783,541,NA,Canada,,Hay River,true,750
27082,KWA,PKWA,medium_airport,Bucholz Army Air Field,8.7201,167.732,9,OC,Marshall Islands,,Kwajalein,true,750
29770,MYY,WBGR,medium_airport,Miri Airport,4.322,113.987,59,AS,Malaysia,,Miri,true,750
45206,YVQ,CYVQ,medium_airport,Norman Wells Airport,65.2816,-126.798,238,NA,Canada,,Norman Wells,true,750
32087,ORB,ESOE,medium_airport,Örebro Airport,59.2237,15.038,188,EU,Sweden,,Örebro,true,750
36776,SDK,WBKS,medium_airport,Sandakan Airport,5.9009,118.059,46,AS,Malaysia,,Sandakan,true,750
45349,YZP,CYZP,medium_airport,Sandspit Airport,53.2543,-131.814,21,NA,Canada,,Sandspit,true,750
36992,SJK,SBSJ,medium_airport,Professor Urbano Ernesto Stumpf Airport,-23.2292,-45.8615,2120,SA,Brazil,,São José Dos Campos,true,750
21917,GWT,EDXW,medium_airport,Westerland Sylt Airport,54.9132,8.3405,51,EU,Germany,,Sylt,true,750
13384,ABS,HEBL,medium_airport,Abu Simbel Airport,22.3759,31.6117,614,AF,Egypt,,Abu Simbel,true,750
15215,BQN,TJBQ,medium_airport,Rafael Hernández International Airport,18.4949,-67.1294,237,NA,Puerto Rico,,Aguadilla,true,750
13848,AOO,KAOO,medium_airport,Altoona Blair County Airport,40.2964,-78.32,1503,NA,United States,,Altoona,true,750
44472,YBC,CYBC,medium_airport,Baie-Comeau Airport,49.1325,-68.2044,71,NA,Canada,,Baie-Comeau,true,750
15104,BNK,YBNA,medium_airport,Ballina Byron Gateway Airport,-28.8332,153.5615,7,OC,Australia,,Ballina,true,750
15032,BLK,EGNH,medium_airport,Blackpool Airport,53.7717,-3.0286,34,EU,United Kingdom,,Blackpool,true,750
14809,BFD,KBFD,medium_airport,Bradford Regional Airport,41.8031,-78.6401,2143,NA,United States,,Bradford,true,750
14735,BDB,YBUD,medium_airport,Bundaberg Airport,-24.905,152.3226,107,OC,Australia,,Bundaberg,true,750
19967,FEN,SBFN,medium_airport,Fernando de Noronha Airport,-3.8545,-32.423,193,SA,Brazil,,Fernando de Noronha,true,750
44998,YPY,CYPY,medium_airport,Fort Chipewyan Airport,58.7672,-111.117,761,NA,Canada,,Fort Chipewyan,true,750
44665,YGP,CYGP,medium_airport,Michel-Pouliot Gaspé Airport,48.7749,-64.4819,112,NA,Canada,,Gaspé,true,750
22823,HLZ,NZHN,medium_airport,Hamilton International Airport,-37.867,175.332,172,OC,New Zealand,,Hamilton,true,750
15132,BOC,MPBO,medium_airport,"Bocas del Toro ""Isla Colón"" International Airport",9.3408,-82.2508,10,NA,Panama,,Isla Colón,true,750
25109,JDH,VIJO,medium_airport,Jodhpur Airport,26.2511,73.0489,717,AS,India,,Jodhpur,true,750
25506,JOI,SBJV,medium_airport,Lauro Carneiro de Loyola Airport,-26.2245,-48.7974,15,SA,Brazil,,Joinville,true,750
32183,OTZ,PAOT,medium_airport,Ralph Wien Memorial Airport,66.8847,-162.599,14,NA,United States,,Kotzebue,true,750
29103,MGF,SBMG,medium_airport,Regional de Maringá - Sílvio Name Júnior Airport,-23.4761,-52.0162,1801,SA,Brazil,,Maringá,true,750
29469,MQL,YMIA,medium_airport,Mildura Airport,-34.2292,142.086,167,OC,Australia,,Mildura,true,750
33207,PMF,LIMP,medium_airport,Parma Airport,44.8264,10.2971,161,EU,Italy,,Parma (PR),true,750
33291,POR,EFPO,medium_airport,Pori Airport,61.4617,21.8,44,EU,Finland,,Pori,true,750
35622,RHI,KRHI,medium_airport,Rhinelander Oneida County Airport,45.6312,-89.4675,1624,NA,United States,,Rhinelander,true,750
20228,FLW,LPFL,medium_airport,Flores Airport,39.4553,-31.1314,112,EU,Portugal,,Santa Cruz das Flores,true,750
31837,OKD,RJCO,medium_airport,Sapporo Okadama Airport,43.1174,141.3813,25,AS,Japan,,Sapporo,true,750
45273,YXL,CYXL,medium_airport,Sioux Lookout Airport,50.1139,-91.9053,1258,NA,Canada,,Sioux Lookout,true,750
14926,BIM,MYBS,medium_airport,South Bimini Airport,25.6999,-79.2647,10,NA,Bahamas,,South Bimini,true,750
45771,ZBF,CZBF,medium_airport,Bathurst Airport,47.6297,-65.7389,193,NA,Canada,,South Tetagouche,true,750
37101,SML,MYLS,medium_airport,Stella Maris Airport,23.5823,-75.2686,10,NA,Bahamas,,Stella Maris,true,750
36877,SGD,EKSB,medium_airport,Sønderborg Airport,54.9644,9.7917,24,EU,Denmark,,Sønderborg,true,750
15260,BRW,PABR,medium_airport,Wiley Post Will Rogers Memorial Airport,71.2854,-156.766,44,NA,United States,,Utqiaġvik,true,750
37090,SMA,LPAZ,medium_airport,Santa Maria Airport,36.9714,-25.1706,308,EU,Portugal,,Vila do Porto,true,750
26508,KGC,YKSC,medium_airport,Kingscote Airport,-35.7139,137.521,24,OC,Australia,,,true,750
37315,SSJ,ENST,medium_airport,"Sandnessjøen Airport, Stokka",65.9568,12.4689,56,EU,Norway,,Alstahaug,true,750
15008,BKW,KBKW,medium_airport,Raleigh County Memorial Airport,37.7873,-81.1242,2504,NA,United States,,Beaver,true,750
14789,BET,PABE,medium_airport,Bethel Airport,60.7798,-161.838,126,NA,United States,,Bethel,true,750
27971,LKZ,EGUL,medium_airport,RAF Lakenheath,52.4095,0.5612,32,EU,United Kingdom,,"Brandon, Suffolk",true,750
26514,KGI,YPKG,medium_airport,Kalgoorlie Boulder Airport,-30.7915,121.4646,1203,OC,Australia,,Broadwood,true,750
16072,CEG,EGNR,medium_airport,Hawarden Airport,53.1781,-2.9778,45,EU,United Kingdom,,Broughton,true,750
43227,XCR,LFOK,medium_airport,Chalons Vatry airport,48.7733,4.2061,587,EU,France,,Chalons en Champagne,true,750
17530,DIY,LTCC,medium_airport,Diyarbakır Airport,37.8939,40.201,2251,AS,Turkey,,Diyarbakır,true,750
19993,FFD,EGVA,medium_airport,RAF Fairford,51.6836,-1.7892,286,EU,United Kingdom,,"Fairford, Gloucestershire",true,750
21344,GGW,KGGW,medium_airport,Glasgow Valley County Airport Wokal Field,48.2125,-106.615,2296,NA,United States,,Glasgow,true,750
22405,HAD,ESMT,medium_airport,Halmstad Airport,56.6911,12.8202,101,EU,Sweden,,Halmstad,true,750
23069,HST,KHST,medium_airport,Homestead Air Reserve Base,25.4886,-80.3836,5,NA,United States,,Homestead,true,750
22919,HON,KHON,medium_airport,Huron Regional Airport,44.3852,-98.2285,1289,NA,United States,,Huron,true,750
25661,JST,KJST,medium_airport,John Murtha Johnstown Cambria County Airport,40.3161,-78.8339,2284,NA,United States,,Johnstown,true,750
25879,JYV,EFJY,medium_airport,Jyväskylä Airport,62.3995,25.6783,459,EU,Finland,,Jyväskylän Maalaiskunta,true,750
25258,JHM,PHJH,medium_airport,Kapalua Airport,20.9629,-156.673,256,OC,United States,,Lahaina,true,750
27957,LKL,ENNA,medium_airport,"Lakselv Airport, Banak",70.0688,24.9735,25,EU,Norway,,Lakselv,true,750
16647,CUF,LIMZ,medium_airport,Cuneo International Airport,44.5475,7.623,1267,EU,Italy,,Levaldigi (CN),true,750
29539,MSJ,RJSM,medium_airport,Misawa Airport / Misawa Air Base,40.7032,141.368,119,AS,Japan,,Misawa,true,750
30722,NPE,NZNR,medium_airport,Hawke's Bay Airport,-39.4658,176.87,6,OC,New Zealand,,Napier,true,750
33224,PMW,SBPJ,medium_airport,Brigadeiro Lysias Rodrigues Airport,-10.2915,-48.357,774,SA,Brazil,,Palmas,true,750
33150,PKU,WIBB,medium_airport,Sultan Syarif Kasim II International Airport / Roesmin Nurjadin AFB,0.4586,101.4443,102,AS,Indonesia,,Pekanbaru,true,750
33246,PNI,PTPN,medium_airport,Pohnpei International Airport,6.9851,158.2099,10,OC,Micronesia,,Pohnpei Island,true,750
33311,PPB,SBDN,medium_airport,Presidente Prudente Airport,-22.1751,-51.4246,1477,SA,Brazil,,Presidente Prudente,true,750
44805,YKL,CYKL,medium_airport,Schefferville Airport,54.8053,-66.8053,1709,NA,Canada,,Schefferville,true,750
44458,YAY,CYAY,medium_airport,St. Anthony Airport,51.3919,-56.0832,108,NA,Canada,,St. Anthony,true,750
45087,YSF,CYSF,medium_airport,Stony Rapids Airport,59.2503,-105.841,805,NA,Canada,,Stony Rapids,true,750
38408,TMW,YSTW,medium_airport,Tamworth Airport,-31.0779,150.8455,1334,OC,Australia,,Tamworth,true,750
38568,TRC,MMTC,medium_airport,Francisco Sarabia Tinoco International Airport,25.5623,-103.4046,3688,NA,Mexico,,Torreón,true,750
38219,THN,ESGT,medium_airport,Trollhättan-Vänersborg Airport,58.3181,12.345,137,EU,Sweden,,Trollhättan,true,750
39375,UDR,VAUD,medium_airport,Maharana Pratap Airport,24.6177,73.8961,1684,AS,India,,Udaipur,true,750
39947,UTN,FAUP,medium_airport,Upington Airport,-28.4002,21.2636,2782,AF,South Africa,,Upington,true,750
42202,WKA,NZWF,medium_airport,Wanaka Airport,-44.7221,169.2463,1142,OC,New Zealand,,Wanaka,true,750
19144,ERS,FYWE,medium_airport,Eros Airport,-22.6049,17.079,5575,AF,Namibia,,Windhoek,true,750
42357,WOL,,medium_airport,Shellharbour Airport,-34.5611,150.789,31,OC,Australia,,Albion Park Rail,true,750
13906,AQA,SBAQ,medium_airport,Araraquara Airport,-21.812,-48.133,2334,SA,Brazil,,Araraquara,true,750
13952,ARK,HTAR,medium_airport,Arusha Airport,-3.3678,36.6333,4550,AF,Tanzania,,Arusha,true,750
15026,BLE,ESSD,medium_airport,Dala Airport,60.422,15.5152,503,EU,Sweden,,Borlange,true,750
14894,BHQ,YBHI,medium_airport,Broken Hill Airport,-32.0014,141.472,958,OC,Australia,,Broken Hill,true,750
44507,YCB,CYCB,medium_airport,Cambridge Bay Airport,69.1081,-105.138,90,NA,Canada,,Cambridge Bay,true,750
19151,ERZ,LTCE,medium_airport,Erzurum International Airport,39.9565,41.1702,5763,AS,Turkey,,Erzurum,true,750
23129,HUH,NTTH,medium_airport,Huahine-Fare Airport,-16.6871,-151.0216,7,OC,French Polynesia,,Fare,true,750
42058,WGA,YSWG,medium_airport,Wagga Wagga Airport,-35.1635,147.4683,724,OC,Australia,,Forest Hill,true,750
20317,FOD,KFOD,medium_airport,Fort Dodge Regional Airport,42.5526,-94.1912,1156,NA,United States,,Fort Dodge,true,750
44440,YAG,CYAG,medium_airport,Fort Frances Municipal Airport,48.6557,-93.4435,1125,NA,Canada,,Fort Frances,true,750
44632,YFS,CYFS,medium_airport,Fort Simpson Airport,61.7602,-121.237,555,NA,Canada,,Fort Simpson,true,750
24456,IVC,NZNV,medium_airport,Invercargill Airport,-46.4124,168.313,5,OC,New Zealand,,Invercargill,true,750
23887,IFJ,BIIS,medium_airport,Ísafjörður Airport,66.0581,-23.1353,8,EU,Iceland,,Ísafjörður,true,750
26299,KAJ,EFKI,medium_airport,Kajaani Airport,64.2855,27.6924,483,EU,Finland,,Kajaani,true,750
45318,YYU,CYYU,medium_airport,Kapuskasing Airport,49.4116,-82.4696,743,NA,Canada,,Kapuskasing,true,750
26563,KHV,UHHH,medium_airport,Khabarovsk Novy Airport,48.5283,135.1886,244,AS,Russia,,Khabarovsk,true,750
13703,AKN,PAKN,medium_airport,King Salmon Airport,58.6778,-156.652,73,NA,United States,,King Salmon,true,750
13454,ADQ,PADQ,medium_airport,Kodiak Airport,57.75,-152.494,78,NA,United States,,Kodiak,true,750
26581,KID,ESMK,medium_airport,Kristianstad Airport,55.9217,14.0855,76,EU,Sweden,,Kristianstad,true,750
24537,IXL,VILH,medium_airport,Leh Kushok Bakula Rimpochee Airport,34.1359,77.5465,10682,AS,India,,Leh,true,750
37285,SRP,ENSO,medium_airport,"Stord Airport, Sørstokken",59.7919,5.3408,160,EU,Norway,,Leirvik,true,750
44667,YGR,CYGR,medium_airport,Îles-de-la-Madeleine Airport,47.4252,-61.7786,35,NA,Canada,,Les Îles-de-la-Madeleine,true,750
28397,LWT,KLWT,medium_airport,Lewistown Municipal Airport,47.0484,-109.4661,4170,NA,United States,,Lewistown,true,750
29266,MKY,YBMK,medium_airport,Mackay Airport,-21.1708,149.1826,19,OC,Australia,,Mackay,true,750
21237,GDX,UHMM,medium_airport,Sokol Airport,59.911,150.72,574,AS,Russia,,Magadan,true,750
29803,MZV,WBMU,medium_airport,Mulu Airport,4.0483,114.805,80,AS,Malaysia,,Mulu,true,750
33219,PMR,NZPM,medium_airport,Palmerston North Airport,-40.3206,175.617,151,OC,New Zealand,,Palmerston North,true,750
33147,PKR,VNPK,medium_airport,Pokhara Domestic Airport,28.2006,83.9812,2712,AS,Nepal,,Pokhara,true,750
32135,OSN,RKSO,medium_airport,Osan Air Base,37.0915,127.0294,38,AS,South Korea,,Pyeongtaek,true,750
13853,AOT,LIMW,medium_airport,Aosta Corrado Gex Airport,45.7386,7.3683,1791,EU,Italy,,Saint-Christophe (AO),true,750
37538,SYQ,MRPV,medium_airport,Tobías Bolaños International Airport,9.9571,-84.1398,3287,NA,Costa Rica,,San Jose,true,750
28959,MCF,KMCF,medium_airport,MacDill Air Force Base,27.8493,-82.5212,14,NA,United States,,Tampa,true,750
37969,TAP,MMTP,medium_airport,Tapachula International Airport,14.7945,-92.3699,97,NA,Mexico,,Tapachula,true,750
38027,TCB,MYAT,medium_airport,Treasure Cay Airport,26.7453,-77.3913,8,NA,Bahamas,,Treasure Cay,true,750
39366,UDI,SBUL,medium_airport,Ten. Cel. Aviador César Bombonato Airport,-18.8836,-48.2259,3094,SA,Brazil,,Uberlândia,true,750
37007,SJZ,LPSJ,medium_airport,São Jorge Airport,38.6655,-28.1758,311,EU,Portugal,,Velas,true,750
33612,PXO,LPPS,medium_airport,Porto Santo Airport,33.0734,-16.35,341,EU,Portugal,,Vila Baleira,true,750
22515,HDF,EDAH,medium_airport,Heringsdorf Airport,53.8787,14.1523,94,EU,Germany,,Zirchow,true,750
13738,ALM,KALM,medium_airport,Alamogordo White Sands Regional Airport,32.8378,-105.9931,4200,NA,United States,,Alamogordo,true,750
13962,ARU,SBAU,medium_airport,Araçatuba Airport,-21.1415,-50.4246,1358,SA,Brazil,,Araçatuba,true,750
44480,YBK,CYBK,medium_airport,Baker Lake Airport,64.2989,-96.0778,59,NA,Canada,,Baker Lake,true,750
14896,BHS,YBTH,medium_airport,Bathurst Airport,-33.4068,149.6512,2435,OC,Australia,,Bathurst,true,750
14924,BIK,WABB,medium_airport,Frans Kaisiepo Airport,-1.19,136.108,46,AS,Indonesia,,Biak,true,750
30584,NLK,YSNF,medium_airport,Norfolk Island International Airport,-29.0418,167.9395,371,OC,Norfolk Island,,Burnt Pine,true,750
16759,CXJ,SBCX,medium_airport,Hugo Cantergiani Regional Airport,-29.1972,-51.1876,2472,SA,Brazil,,Caxias Do Sul,true,750
30343,NEV,TKPN,medium_airport,Vance W. Amory International Airport,17.2057,-62.5899,14,NA,Saint Kitts and Nevis,,Charlestown,true,750
16083,CER,LFRC,medium_airport,Cherbourg Manche airport,49.6501,-1.4703,459,EU,France,,Cherbourg,true,750
16431,COF,KCOF,medium_airport,Patrick Space Force Base,28.2349,-80.6101,8,NA,United States,,Cocoa Beach,true,750
29585,MTT,MMMT,medium_airport,Minatitlán/Coatzacoalcos International Airport,18.1034,-94.5807,36,NA,Mexico,,Cosoleacaque,true,750
36732,SCC,PASC,medium_airport,Deadhorse Airport,70.1947,-148.465,65,NA,United States,,Deadhorse,true,750
18644,EDW,KEDW,medium_airport,Edwards Air Force Base,34.9108,-117.8864,2312,NA,United States,,Edwards,true,750
22922,HOQ,EDQM,medium_airport,Hof-Plauen Airport,50.2885,11.8529,1959,EU,Germany,,Hof,true,750
26304,KAO,EFKS,medium_airport,Kuusamo Airport,65.9876,29.2394,866,EU,Finland,,Kuusamo,true,750
27662,LCE,MHLC,medium_airport,Golosón International Airport,15.7425,-86.853,39,NA,Honduras,,La Ceiba,true,750
44661,YGL,CYGL,medium_airport,La Grande Rivière Airport,53.6253,-77.7042,639,NA,Canada,,La Grande Rivière,true,750
28969,MCP,SBMQ,medium_airport,Macapá - Alberto Alcolumbre International Airport,0.0507,-51.0722,56,SA,Brazil,,Macapá,true,750
24538,IXM,VOMD,medium_airport,Madurai Airport,9.8345,78.0934,459,AS,India,,Madurai,true,750
29102,MGE,KMGE,medium_airport,Dobbins Air Reserve Base,33.9154,-84.5163,1068,NA,United States,,Marietta,true,750
29178,MII,SBML,medium_airport,Frank Miloye Milenkowichi–Marília State Airport,-22.1969,-49.9265,2134,SA,Brazil,,Marília,true,750
29182,MIM,YMER,medium_airport,Merimbula Airport,-36.9086,149.901,7,OC,Australia,,Merimbula,true,750
13836,AOC,EDAC,medium_airport,Leipzig–Altenburg Airport,50.9819,12.5064,640,EU,Germany,,Nobitz,true,750
33205,PMD,KPMD,medium_airport,Palmdale Regional Airport / USAF Plant 42 Airport,34.6294,-118.085,2543,NA,United States,,Palmdale,true,750
33263,PNZ,SBPL,medium_airport,Senador Nilo Coelho Airport,-9.3624,-40.5691,1263,SA,Brazil,,Petrolina,true,750
44985,YPL,CYPL,medium_airport,Pickle Lake Airport,51.4464,-90.2142,1267,NA,Canada,,Pickle Lake,true,750
33671,PZB,FAPM,medium_airport,Pietermaritzburg Airport,-29.649,30.3987,2423,AF,South Africa,,Pietermaritzburg,true,750
33610,PXM,MMPS,medium_airport,Puerto Escondido International Airport,15.8768,-97.0891,294,NA,Mexico,,Puerto Escondido,true,750
35517,REL,SAVT,medium_airport,Almirante Marco Andres Zar Airport,-43.2105,-65.2703,141,SA,Argentina,,Rawson,true,750
35512,REG,LICR,medium_airport,Reggio Calabria Airport,38.0712,15.6516,96,EU,Italy,,Reggio Calabria,true,750
37076,SLW,MMIO,medium_airport,Plan de Guadalupe International Airport,25.5379,-100.9283,4778,NA,Mexico,,Saltillo,true,750
36716,SBW,WBGS,medium_airport,Sibu Airport,2.2616,111.985,122,AS,Malaysia,,Sibu,true,750
38572,TRG,NZTG,medium_airport,Tauranga Airport,-37.6719,176.196,13,OC,New Zealand,,Tauranga,true,750
38823,TYF,ESST,medium_airport,Torsby Airport,60.1576,12.9913,393,EU,Sweden,,Torsby,true,750
41861,WAT,EIWF,medium_airport,Waterford Airport,52.1872,-7.087,119,EU,Ireland,,Waterford,true,750
14038,ATY,KATY,medium_airport,Watertown Regional Airport,44.914,-97.1547,1749,NA,United States,,Watertown,true,750
24186,INU,ANYN,medium_airport,Nauru International Airport,-0.5479,166.9195,22,OC,Nauru,,Yaren,true,750
15390,BVI,YBDV,medium_airport,Birdsville Airport,-25.8975,139.348,159,OC,Australia,,,true,750
33496,PUG,YPAG,medium_airport,Port Augusta Airport,-32.5069,137.717,56,OC,Australia,,,true,750
13733,ALH,YABA,medium_airport,Albany Airport,-34.9433,117.8089,233,OC,Australia,,Albany,true,750
13851,AOR,WMKA,medium_airport,Sultan Abdul Halim Airport,6.1897,100.398,15,AS,Malaysia,,Alor Satar,true,750
13821,ANX,ENAN,medium_airport,"Andøya Airport, Andenes",69.2952,16.1394,43,EU,Norway,,Andenes,true,750
18570,EBU,LFMH,medium_airport,Saint-Étienne-Bouthéon Airport,45.5406,4.2964,1325,EU,France,,"Andrézieux-Bouthéon, Loire",true,750
13990,ASM,HHAS,medium_airport,Asmara International Airport,15.2919,38.9107,7661,AF,Eritrea,,Asmara,true,750
16232,CIW,TVSC,medium_airport,Canouan Airport,12.699,-61.3424,11,NA,Saint Vincent and the Grenadines,,Canouan,true,750
37998,TBI,MYCB,medium_airport,New Bight Airport,24.3153,-75.4523,5,NA,Bahamas,,Cat Island,true,750
43153,XAP,SBCH,medium_airport,Serafin Enoss Bertaso Airport,-27.1342,-52.6566,2154,SA,Brazil,,Chapecó,true,750
38003,TBN,KTBN,medium_airport,Waynesville-St. Robert Regional Airport-Forney Field,37.7416,-92.1407,1159,NA,United States,,Fort Leonard Wood,true,750
21466,GKA,AYGA,medium_airport,Goroka Airport,-6.0817,145.392,5282,OC,Papua New Guinea,,Goronka,true,750
21773,GST,PAGS,medium_airport,Gustavus Airport,58.4253,-135.707,35,NA,United States,,Gustavus,true,750
24202,IOA,LGIO,medium_airport,Ioannina King Pyrrhus National Airport,39.6964,20.8225,1558,EU,Greece,,Ioannina,true,750
13844,AOK,LGKP,medium_airport,Karpathos Airport,35.4214,27.146,66,EU,Greece,,Karpathos Island,true,750
26917,KRP,EKKA,medium_airport,Midtjyllands Airport / Air Base Karup,56.2971,9.1043,170,EU,Denmark,,Karup,true,750
26446,KEM,EFKE,medium_airport,Kemi-Tornio Airport,65.7787,24.5821,61,EU,Finland,,Kemi / Tornio,true,750
26804,KOK,EFKK,medium_airport,Kokkola-Pietarsaari Airport,63.7212,23.1431,84,EU,Finland,,Kokkola / Kruunupyy,true,750
27010,KUA,WMKD,medium_airport,Kuantan Airport,3.7754,103.209,58,AS,Malaysia,,Kuantan,true,750
27017,KUH,RJCK,medium_airport,Kushiro Airport,43.041,144.193,327,AS,Japan,,Kushiro,true,750
28236,LSC,SCSE,medium_airport,La Florida Airport,-29.9162,-71.1995,481,SA,Chile,,La Serena-Coquimbo,true,750
46181,ZMT,CZMT,medium_airport,Masset Airport,54.0275,-132.125,25,NA,Canada,,Masset,true,750
19025,EOH,SKMD,medium_airport,Enrique Olaya Herrera Airport,6.2197,-75.5906,4949,SA,Colombia,,Medellín,true,750
29291,MLN,GEML,medium_airport,Melilla Airport,35.2798,-2.9563,156,AF,Spain,,Melilla,true,750
21269,GET,YGEL,medium_airport,Geraldton Airport,-28.7961,114.707,121,OC,Australia,,Moonyoonooka,true,750
29733,MXX,ESKM,medium_airport,Mora Airport,60.9579,14.5114,634,EU,Sweden,,Mora,true,750
24346,ISA,YBMA,medium_airport,Mount Isa Airport,-20.6664,139.4885,1121,OC,Australia,,Mount Isa,true,750
30729,NPL,NZNP,medium_airport,New Plymouth Airport,-39.0086,174.179,97,OC,New Zealand,,New Plymouth,true,750
32782,PAM,KPAM,medium_airport,Tyndall Air Force Base,30.0696,-85.5754,17,NA,United States,,Panama City,true,750
28249,LSP,SVJC,medium_airport,Josefa Camejo International Airport,11.7808,-70.1515,75,SA,Venezuela,,Paraguaná,true,750
32789,PAT,VEPT,medium_airport,Jay Prakash Narayan Airport,25.5913,85.088,170,AS,India,,Patna,true,750
32922,PEI,SKPE,medium_airport,Matecaña International Airport,4.8127,-75.7395,4416,SA,Colombia,,Pereira,true,750
38226,THU,BGTL,medium_airport,Pituffik Space Base,76.5306,-68.7005,251,NA,Greenland,,Pituffik,true,750
32926,PEM,SPTU,medium_airport,Padre Aldamiz International Airport,-12.6136,-69.2286,659,SA,Peru,,Puerto Maldonado,true,750
39553,UIP,LFRQ,medium_airport,Quimper-Cornouaille Airport,47.973,-4.1697,297,EU,France,,Quimper/Pluguffan,true,750
45047,YRB,CYRB,medium_airport,Resolute Bay Airport,74.7169,-94.9694,215,NA,Canada,,Resolute Bay,true,750
35529,REX,MMRX,medium_airport,General Lucio Blanco International Airport,26.0089,-98.2285,139,NA,Mexico,,Reynosa,true,750
37066,SLM,LESA,medium_airport,Salamanca Airport,40.9521,-5.502,2595,EU,Spain,,Salamanca,true,750
36842,SFE,RPUS,medium_airport,San Fernando Airport,16.5956,120.303,13,AS,Philippines,,San Fernando,true,750
36857,SFT,ESNS,medium_airport,Skellefteå Airport,64.6248,21.0769,157,EU,Sweden,,Skellefteå,true,750
37018,SKA,KSKA,medium_airport,Fairchild Air Force Base,47.6151,-117.656,2461,NA,United States,,Spokane,true,750
46067,ZJN,CZJN,medium_airport,Swan River Airport,52.1206,-101.236,1100,NA,Canada,,Swan River,true,750
38042,TCQ,SPTN,medium_airport,Coronel FAP Carlos Ciriani Santa Rosa International Airport,-18.0533,-70.2758,1538,SA,Peru,,Tacna,true,750
38195,TGZ,MMTG,medium_airport,Angel Albino Corzo International Airport,16.5616,-93.0257,1499,NA,Mexico,,Tuxtla Gutiérrez,true,750
39286,UBA,SBUR,medium_airport,Mário de Almeida Franco Airport,-19.765,-47.9648,2655,SA,Brazil,,Uberaba,true,750
35833,RND,KRND,medium_airport,Randolph Air Force Base,29.5297,-98.2789,761,NA,United States,,Universal City,true,750
42644,WWK,AYWK,medium_airport,Wewak International Airport,-3.5838,143.669,19,OC,Papua New Guinea,,Wewak,true,750
42465,WRL,KWRL,medium_airport,Worland Municipal Airport,43.9657,-107.951,4227,NA,United States,,Worland,true,750
18100,DYS,KDYS,medium_airport,Dyess Air Force Base,32.4208,-99.8546,1789,NA,United States,,Abilene,true,750
28288,LTS,KLTS,medium_airport,Altus Air Force Base,34.6671,-99.2667,1382,NA,United States,,Altus,true,750
18099,DYR,UHMA,medium_airport,Ugolny Yuri Ryktheu Airport,64.7349,177.741,194,AS,Russia,,Anadyr,true,750
13674,AJU,SBAR,medium_airport,Aracaju - Santa Maria Airport,-10.9839,-37.0729,23,SA,Brazil,,Aracaju,true,750
13949,ARH,ULAA,medium_airport,Talagi Airport,64.6003,40.7167,62,EU,Russia,,Archangelsk,true,750
13950,ARI,SCAR,medium_airport,Chacalluta International Airport,-18.3485,-70.3387,167,SA,Chile,,Arica,true,750
13954,ARM,YARM,medium_airport,Armidale Airport,-30.5281,151.617,3556,OC,Australia,,Armidale,true,750
14662,BBA,SCBA,medium_airport,Balmaceda Airport,-45.916,-71.6895,1722,SA,Chile,,Balmaceda,true,750
44493,YBX,CYBX,medium_airport,Lourdes-de-Blanc-Sablon Airport,51.4436,-57.1853,121,NA,Canada,,Blanc-Sablon,true,750
15027,BLF,KBLF,medium_airport,Mercer County Airport,37.2958,-81.2077,2857,NA,United States,,Bluefield,true,750
39876,URO,LFOP,medium_airport,Rouen Vallée de Seine Airport,49.3849,1.1791,512,EU,France,,Boos,true,750
15924,CAC,SBCA,medium_airport,Coronel Adalberto Mendes da Silva Airport,-25.0003,-53.5012,2481,SA,Brazil,,Cascavel,true,750
21233,GDT,MBGT,medium_airport,JAGS McCartney International Airport,21.4445,-71.1423,13,NA,Turks and Caicos Islands,,Cockburn Town,true,750
17772,DPO,YDPO,medium_airport,Devonport Airport,-41.1697,146.43,33,OC,Australia,,Devonport,true,750
13389,ABX,YMAY,medium_airport,Albury Airport,-36.0668,146.9591,539,OC,Australia,,East Albury,true,750
45094,YSM,CYSM,medium_airport,Fort Smith Airport,60.0203,-111.962,671,NA,Canada,,Fort Smith,true,750
19223,ETZ,LFJL,medium_airport,Metz-Nancy-Lorraine Airport,48.9821,6.2513,870,EU,France,,Goin,true,750
15428,BWK,LDSB,medium_airport,Brač Airport,43.2845,16.6784,1776,EU,Croatia,,Gornji Humac,true,750
27774,LFI,KLFI,medium_airport,Langley Air Force Base,37.0829,-76.3605,11,NA,United States,,Hampton,true,750
23159,HVB,YHBA,medium_airport,Hervey Bay Airport,-25.3201,152.8807,60,OC,Australia,,Hervey Bay,true,750
24220,IOS,SBIL,medium_airport,Bahia - Jorge Amado Airport,-14.8159,-39.0335,15,SA,Brazil,,Ilhéus,true,750
21419,GIZ,OEGN,medium_airport,Jizan Regional Airport / King Abdullah bin Abdulaziz Airport,16.9011,42.5858,20,AS,Saudi Arabia,,Jizan,true,750
26974,KTA,YPKA,medium_airport,Karratha Airport,-20.7122,116.773,29,OC,Australia,,Karratha,true,750
43516,XKS,CYAQ,medium_airport,Kasabonika Airport,53.5247,-88.6428,672,NA,Canada,,Kasabonika,true,750
23024,HRK,UKHH,medium_airport,Kharkiv International Airport,49.9269,36.2908,508,EU,Ukraine,,Kharkiv,true,750
26445,KEL,EDHK,medium_airport,Kiel-Holtenau Airport,54.3796,10.1453,102,EU,Germany,,Kiel,true,750
26781,KNX,YPKU,medium_airport,East Kimberley Regional (Kununurra) Airport,-15.7781,128.708,145,OC,Australia,,Kununurra,true,750
28258,LSY,YLIS,medium_airport,Lismore Airport,-28.8307,153.2584,35,OC,Australia,,Lismore,true,750
28888,MAG,AYMD,medium_airport,Madang Airport,-5.2071,145.789,20,OC,Papua New Guinea,,Madang,true,750
17734,DOM,TDPD,medium_airport,Douglas-Charles Airport,15.5467,-61.3011,73,NA,Dominica,,Marigot,true,750
44902,YNA,CYNA,medium_airport,Natashquan Airport,50.1901,-61.789,39,NA,Canada,,Natashquan,true,750
31781,OIT,RJFO,medium_airport,Oita Airport,33.4794,131.737,19,AS,Japan,,Oita,true,750
38252,TIK,KTIK,medium_airport,Tinker Air Force Base,35.4147,-97.3866,1291,NA,United States,,Oklahoma City,true,750
19257,EUX,TNCE,medium_airport,F. D. Roosevelt Airport,17.4965,-62.9794,129,NA,Caribbean Netherlands,,Oranjestad,true,750
33238,PNA,LEPP,medium_airport,Pamplona Airport,42.77,-1.6463,1504,EU,Spain,,Pamplona,true,750
33134,PKE,YPKS,medium_airport,Parkes Airport,-33.1314,148.239,1069,OC,Australia,,Parkes,true,750
33285,POL,FQPB,medium_airport,Pemba Airport,-12.9933,40.5249,331,AF,Mozambique,,Pemba,true,750
33424,PSG,PAPG,medium_airport,Petersburg James A Johnson Airport,56.8017,-132.945,111,NA,United States,,Petersburg,true,750
33044,PHW,FAPH,medium_airport,Hendrik Van Eck Airport,-23.9372,31.1554,1432,AF,South Africa,,Phalaborwa,true,750
33078,PIU,SPUR,medium_airport,PAF Captain Guillermo Concha Iberico International Airport,-5.2058,-80.6164,120,SA,Peru,,Piura,true,750
44913,YNL,CYNL,medium_airport,Points North Landing Airport,58.2767,-104.082,1605,NA,Canada,,Points North Landing,true,750
33325,PPP,YBPN,medium_airport,Proserpine Whitsunday Coast Airport,-20.4944,148.5536,82,OC,Australia,,Proserpine,true,750
38182,TGM,LRTM,medium_airport,Târgu Mureş Transilvania International Airport,46.4677,24.4125,963,EU,Romania,,Recea,true,750
45055,YRJ,CYRJ,medium_airport,Roberval Airport,48.5197,-72.2657,586,NA,Canada,,Roberval,true,750
35495,RDZ,LFCR,medium_airport,Rodez–Aveyron Airport,44.4079,2.4827,1910,EU,France,,Rodez/Marcillac,true,750
36128,RVK,ENRM,medium_airport,"Rørvik Airport, Ryum",64.8383,11.1461,14,EU,Norway,,Rørvik,true,750
37563,SZF,LTFH,medium_airport,Samsun-Çarşamba Airport,41.254,36.5675,18,AS,Turkey,,Samsun,true,750
39646,ULA,SAWJ,medium_airport,Capitan D Daniel Vazquez Airport,-49.3068,-67.8026,203,SA,Argentina,,San Julian,true,750
37354,STM,SBSN,medium_airport,Santarém - Maestro Wilson Fonseca International Airport,-2.4224,-54.7931,198,SA,Brazil,,Santarém,true,750
38766,TWU,WBKW,medium_airport,Tawau Airport,4.3134,118.1215,57,AS,Malaysia,,Tawau,true,750
37210,SPM,ETAD,medium_airport,Spangdahlem Air Base,49.9765,6.6984,1197,EU,Germany,,Trier,true,750
17957,DUT,PADU,medium_airport,Tom Madsen (Dutch Harbor) Airport,53.8988,-166.545,22,NA,United States,,Unalaska,true,750
40559,VAN,LTCI,medium_airport,Van Ferit Melen Airport,38.4682,43.3323,5480,AS,Turkey,,Van,true,750
42455,WRB,KWRB,medium_airport,Robins Air Force Base,32.6401,-83.5919,294,NA,United States,,Warner Robins,true,750
31870,OLA,ENOL,medium_airport,Ørland Airport,63.6989,9.604,28,EU,Norway,,Ørland,true,750
22772,HKK,NZHK,medium_airport,Hokitika Airfield,-42.7136,170.985,146,OC,New Zealand,,,true,750
13551,AGF,LFBA,medium_airport,Agen La Garenne airport,44.1742,0.5931,204,EU,France,,Agen,true,750
22847,HMN,KHMN,medium_airport,Holloman Air Force Base,32.8525,-106.107,4093,NA,United States,,Alamogordo,true,750
14170,AXM,SKAR,medium_airport,El Eden Airport,4.4528,-75.7664,3990,SA,Colombia,,Armenia,true,750
21230,GDQ,HAGN,medium_airport,Gondar Airport,12.5199,37.434,6449,AF,Ethiopia,,Azezo,true,750
14632,BAG,RPUB,medium_airport,Loakan Airport,16.375,120.6199,4251,AS,Philippines,,Baguio,true,750
14771,BEB,EGPL,medium_airport,Benbecula Airport,57.4811,-7.3628,19,EU,United Kingdom,,Balivanich,true,750
14629,BAD,KBAD,medium_airport,Barksdale Air Force Base,32.5018,-93.6627,166,NA,United States,,Bossier City,true,750
15437,BWT,YWYY,medium_airport,Wynyard Airport,-40.997,145.726,62,OC,Australia,,Burnie,true,750
15474,BXU,RPME,medium_airport,Bancasi Airport,8.9515,125.4788,141,AS,Philippines,,Butuan,true,750
15931,CAJ,SVCN,medium_airport,Canaima Airport,6.232,-62.8548,1450,SA,Venezuela,,Canaima,true,750
15970,CBM,KCBM,medium_airport,Columbus Air Force Base,33.6438,-88.4438,219,NA,United States,,Columbus,true,750
16465,CPD,YCBP,medium_airport,Coober Pedy Airport,-29.0383,134.7222,740,OC,Australia,,Coober Pedy,true,750
16051,CDV,PACV,medium_airport,Merle K (Mudhole) Smith Airport,60.4918,-145.478,54,NA,United States,,Cordova,true,750
17619,DLF,KDLF,medium_airport,Laughlin Air Force Base,29.3595,-100.778,1082,NA,United States,,Del Rio,true,750
17448,DGO,MMDO,medium_airport,General Guadalupe Victoria International Airport,24.1255,-104.5279,6104,NA,Mexico,,Durango,true,750
27730,LEA,YPLM,medium_airport,Learmonth Airport,-22.2352,114.09,19,OC,Australia,,Exmouth,true,750
43217,XCH,YPXM,medium_airport,Christmas Island International Airport,-10.4504,105.6911,916,AS,Christmas Island,,Flying Fish Cove,true,750
21271,GEV,ESNG,medium_airport,Gällivare Airport,67.1324,20.8146,1027,EU,Sweden,,Gällivare,true,750
28311,LUF,KLUF,medium_airport,Luke Air Force Base,33.535,-112.383,1085,NA,United States,,Glendale,true,750
21291,GFF,YGTH,medium_airport,Griffith Airport,-34.2508,146.067,439,OC,Australia,,Griffith,true,750
27091,KWJ,RKJJ,medium_airport,Gwangju Airport,35.1232,126.8054,39,AS,South Korea,,Gwangju,true,750
22582,HFA,LLHA,medium_airport,Uri Michaeli Haifa International Airport,32.8102,35.0437,28,AS,Israel,,Haifa,true,750
24118,ILY,EGPI,medium_airport,Islay Airport,55.6827,-6.2575,56,EU,United Kingdom,,"Isle of Islay, Argyll and Bute",true,750
26709,KLX,LGKL,medium_airport,Kalamata Airport,37.0683,22.0255,26,EU,Greece,,Kalamata,true,750
26654,KKE,NZKK,medium_airport,Kerikeri Airport,-35.2591,173.9133,492,OC,New Zealand,,Kerikeri,true,750
38176,TGG,WMKN,medium_airport,Sultan Mahmud Airport,5.3826,103.103,21,AS,Malaysia,,Kuala Terengganu,true,750
39866,URE,EEKE,medium_airport,Kuressaare Airport,58.2299,22.5095,14,EU,Estonia,,Kuressaare,true,750
44672,YGW,CYGW,medium_airport,Kuujjuarapik Airport,55.2819,-77.7653,34,NA,Canada,,Kuujjuarapik,true,750
28217,LRT,LFRH,medium_airport,Lorient South Brittany (Bretagne Sud) Airport,47.7606,-3.44,160,EU,France,,Lorient/Lann/Bihoué,true,750
29006,MDQ,SAZM,medium_airport,Ástor Piazzola International Airport,-37.9342,-57.5733,72,SA,Argentina,,Mar del Plata,true,750
23914,IGA,MYIG,medium_airport,Inagua Airport,20.975,-73.6669,8,NA,Bahamas,,Matthew Town,true,750
22638,HGU,AYMH,medium_airport,Mount Hagen Kagamuga Airport,-5.8282,144.2994,5388,OC,Papua New Guinea,,Mount Hagen,true,750
30773,NQT,EGBN,medium_airport,Nottingham City Airport,52.92,-1.0792,138,EU,United Kingdom,,"Nottingham, Nottinghamshire",true,750
21250,GEA,NWWM,medium_airport,Nouméa Magenta Airport,-22.2577,166.4728,10,OC,New Caledonia,,Nouméa,true,750
31524,OBO,RJCB,medium_airport,Tokachi-Obihiro Airport,42.7333,143.217,505,AS,Japan,,Obihiro,true,750
44953,YOP,CYOP,medium_airport,Rainbow Lake Airport,58.4914,-119.408,1759,NA,Canada,,Rainbow Lake,true,750
35794,RMA,YROM,medium_airport,Roma Airport,-26.545,148.775,1032,OC,Australia,,Roma,true,750
36803,SEB,HLLS,medium_airport,Sabha Airport,26.9925,14.4662,1427,AF,Libya,,Sabha,true,750
20473,FSP,LFVP,medium_airport,Saint-Pierre Pointe-Blanche Airport,46.7627,-56.175,27,NA,Saint Pierre and Miquelon,,Saint-Pierre,true,750
21740,GRW,LPGR,medium_airport,Graciosa Airport,39.0922,-28.0298,86,EU,Portugal,,Santa Cruz da Graciosa,true,750
36851,SFN,SAAV,medium_airport,Sauce Viejo Airport,-31.7117,-60.8117,55,SA,Argentina,,Santa Fe,true,750
37163,SOB,LHSM,medium_airport,Hévíz–Balaton Airport,46.6864,17.1591,408,EU,Hungary,,Sármellék,true,750
37006,SJY,EFSI,medium_airport,Seinäjoki Airport,62.6921,22.8323,302,EU,Finland,,Seinäjoki / Ilmajoki,true,750
37171,SOJ,ENSR,medium_airport,Sørkjosen Airport,69.7868,20.9594,16,EU,Norway,,Sørkjosen,true,750
38688,TUO,NZAP,medium_airport,Taupo Airport,-38.7397,176.084,1335,OC,New Zealand,,Taupo,true,750
38254,TIM,,medium_airport,Mozes Kilangin Airport,-4.5298,136.8874,103,AS,Indonesia,,Timika,true,750
38255,TIN,DAOF,medium_airport,Tindouf Airport,27.7004,-8.1671,1453,AF,Algeria,,Tindouf,true,750
35557,RFP,NTTR,medium_airport,Raiatea Airport,-16.7229,-151.466,3,OC,French Polynesia,,Uturoa,true,750
41388,VXO,ESMX,medium_airport,Växjö Kronoberg Airport,56.9291,14.728,610,EU,Sweden,,Växjö,true,750
41037,VNX,FQVL,medium_airport,Vilankulo Airport,-22.0184,35.3133,46,AF,Mozambique,,Vilanculo,true,750
38262,TIU,NZTU,medium_airport,Timaru Airport,-44.3028,171.225,89,OC,New Zealand,,,true,750
42143,WIN,YWTN,medium_airport,Winton Airport,-22.3636,143.086,638,OC,Australia,,,true,750
14177,AXT,RJSK,medium_airport,Akita Airport,39.6156,140.219,313,AS,Japan,,Akita,true,750
14161,AXD,LGAL,medium_airport,Alexandroupoli Democritus Airport,40.8559,25.9563,24,EU,Greece,,Alexandroupolis,true,750
14067,AUR,LFLW,medium_airport,Aurillac airport,44.8914,2.4219,2096,EU,France,,Aurillac,true,750
14886,BHI,SAZB,medium_airport,Comandante Espora Airport,-38.725,-62.1693,246,SA,Argentina,,Bahía Blanca,true,750
14887,BHJ,VABJ,medium_airport,Bhuj Airport,23.2878,69.6702,268,AS,India,,Bhuj,true,750
15346,BUA,AYBK,medium_airport,Buka Airport,-5.4223,154.6727,11,OC,Papua New Guinea,,Buka Island,true,750
16466,CPE,MMCP,medium_airport,Ingeniero Alberto Acuña Ongay International Airport,19.816,-90.5001,34,NA,Mexico,,Campeche,true,750
16618,CTM,MMCM,medium_airport,Chetumal International Airport,18.505,-88.328,39,NA,Mexico,,Chetumal,true,750
16019,CCZ,MYBC,medium_airport,Chub Cay Airport,25.4171,-77.8809,5,NA,Bahamas,,Chub Cay,true,750
16358,CME,MMCE,medium_airport,Ciudad del Carmen International Airport,18.6515,-91.7994,10,NA,Mexico,,Ciudad del Carmen,true,750
16696,CVS,KCVS,medium_airport,Cannon Air Force Base,34.3828,-103.322,4295,NA,United States,,Clovis,true,750
39918,USU,RPVV,medium_airport,Francisco B. Reyes (Busuanga) Airport,12.1219,120.1008,148,AS,Philippines,,Coron,true,750
17239,DAV,MPDA,medium_airport,Enrique Malek International Airport,8.389,-82.4364,89,NA,Panama,,David,true,750
17711,DNZ,LTAY,medium_airport,Çardak Airport,37.7856,29.7013,2795,AS,Turkey,,Denizli,true,750
17696,DNK,UKDD,medium_airport,Dnipro International Airport,48.3572,35.1006,481,EU,Ukraine,,Dnipro,true,750
16115,CFN,EIDL,medium_airport,Donegal Airport,55.0442,-8.341,30,EU,Ireland,,Donegal,true,750
25005,JAL,MMJA,medium_airport,El Lencero Airport,19.4751,-96.797,3127,NA,Mexico,,Emiliano Zapata,true,750
19071,EPR,YESP,medium_airport,Esperance Airport,-33.6844,121.823,470,OC,Australia,,Esperance,true,750
21412,GIS,NZGS,medium_airport,Gisborne Airport,-38.6633,177.978,15,OC,New Zealand,,Gisborne,true,750
21521,GLT,YGLA,medium_airport,Gladstone Airport,-23.8698,151.2254,64,OC,Australia,,Gladstone,true,750
21843,GUR,AYGN,medium_airport,Gurney Airport,-10.3115,150.334,88,OC,Papua New Guinea,,Gurney,true,750
22693,HID,YHID,medium_airport,Horn Island Airport,-10.5856,142.2928,43,OC,Australia,,Horn,true,750
24145,IMP,SBIZ,medium_airport,Prefeito Renato Moreira Airport,-5.5313,-47.46,430,SA,Brazil,,Imperatriz,true,750
27052,KVG,AYKV,medium_airport,Kavieng Airport,-2.5794,150.808,7,OC,Papua New Guinea,,Kavieng,true,750
35363,RAB,AYTK,medium_airport,Tokua Airport,-4.3405,152.38,49,OC,Papua New Guinea,,Kokopo,true,750
35764,RLG,ETNL,medium_airport,Rostock-Laage Airport,53.9182,12.2783,138,EU,Germany,,Laage,true,750
36769,SDD,FNUB,medium_airport,Lubango Mukanka International Airport,-14.9248,13.5767,5778,AF,Angola,,Lubango,true,750
45309,YYL,CYYL,medium_airport,Lynn Lake Airport,56.8639,-101.076,1170,NA,Canada,,Lynn Lake,true,750
22631,HGN,VTCH,medium_airport,Mae Hong Son Airport,19.3013,97.9758,929,AS,Thailand,,Mae Hong Son,true,750
29264,MKW,WAUU,medium_airport,Rendani Airport,-0.8918,134.049,23,AS,Indonesia,,Manokwari,true,750
29584,MTS,FDMS,medium_airport,Matsapha International Airport,-26.5289,31.3076,2075,AF,Eswatini,,Manzini,true,750
28894,MAM,MMMA,medium_airport,General Servando Canales International Airport,25.7699,-97.5253,25,NA,Mexico,,Matamoros,true,750
29615,MUN,SVMT,medium_airport,José Tadeo Monagas International Airport,9.749,-63.1533,224,SA,Venezuela,,Maturín,true,750
29497,MRD,SVMD,medium_airport,Alberto Carnevalli Airport,8.5821,-71.161,5007,SA,Venezuela,,Mérida,true,750
29225,MJT,LGMT,medium_airport,Mytilene International Airport,39.0574,26.5986,60,EU,Greece,,Mytilene,true,750
21631,GOV,YPGV,medium_airport,Gove Airport,-12.2694,136.818,192,OC,Australia,,Nhulunbuy,true,750
31635,OER,ESNO,medium_airport,Örnsköldsvik Airport,63.4083,18.99,354,EU,Sweden,,Örnsköldsvik,true,750
29315,MMB,RJCM,medium_airport,Memanbetsu Airport,43.8806,144.164,135,AS,Japan,,Ōzora,true,750
32820,PBO,YPBO,medium_airport,Paraburdoo Airport,-23.1711,117.745,1406,OC,Australia,,Paraburdoo,true,750
21646,GPA,LGRX,medium_airport,Patras Araxos Agamemnon Airport,38.1511,21.4256,46,EU,Greece,,Patras,true,750
33208,PMG,SBPP,medium_airport,Ponta Porã Airport,-22.5496,-55.7026,2156,SA,Brazil,,Ponta Porã,true,750
33362,PQQ,YPMQ,medium_airport,Port Macquarie Airport,-31.4358,152.863,12,OC,Australia,,Port Macquarie,true,750
33436,PSS,SARP,medium_airport,Libertador Gral D Jose De San Martin Airport,-27.3858,-55.9707,430,SA,Argentina,,Posadas,true,750
32795,PAZ,MMPA,medium_airport,El Tajín National Airport,20.6027,-97.4608,497,NA,Mexico,,Poza Rica,true,750
33526,PVA,SKPV,medium_airport,El Embrujo Airport,13.3575,-81.358,10,NA,Colombia,,Providencia,true,750
43729,XQP,MRQP,medium_airport,Quepos Managua Airport,9.4432,-84.1298,85,NA,Costa Rica,,Quepos,true,750
35435,RCB,FARB,medium_airport,Richards Bay Airport,-28.741,32.0921,109,AF,South Africa,,Richards Bay,true,750
22703,HIN,RKPS,medium_airport,Sacheon Airport / Sacheon Air Base,35.0886,128.0717,25,AS,South Korea,,Sacheon,true,750
46387,ZSJ,CZSJ,medium_airport,Sandy Lake Airport,53.0642,-93.3444,951,NA,Canada,,Sandy Lake,true,750
45177,YUX,CYUX,medium_airport,Hall Beach Airport,68.7761,-81.2425,30,NA,Canada,,Sanirajak,true,750
36010,RSA,SAZR,medium_airport,Santa Rosa Airport,-36.5883,-64.2757,630,SA,Argentina,,Santa Rosa,true,750
16401,CNL,EKSN,medium_airport,Sindal Airport,57.5035,10.2294,92,EU,Denmark,,Sindal,true,750
37057,SLD,LZSL,medium_airport,Sliač Airport,48.6378,19.1341,1043,EU,Slovakia,,Sliač,true,750
37384,SUG,RPMS,medium_airport,Surigao Airport,9.7558,125.4809,20,AS,Philippines,,Surigao City,true,750
36752,SCW,UUYY,medium_airport,Syktyvkar Airport,61.647,50.8451,342,EU,Russia,,Syktyvkar,true,750
37956,TAC,RPVA,medium_airport,Daniel Z. Romualdez Airport,11.2278,125.0278,10,AS,Philippines,,Tacloban City,true,750
16193,CHT,NZCI,medium_airport,Inia William Tuuta Memorial Airport,-43.8119,-176.4651,43,OC,New Zealand,,Te One,true,750
16687,CVJ,MMCB,medium_airport,General Mariano Matamoros International Airport,18.8339,-99.2618,4277,NA,Mexico,,Temixco,true,750
38210,THE,SBTE,medium_airport,Senador Petrônio Portela Airport,-5.0602,-42.8237,219,SA,Brazil,,Teresina,true,750
38642,TTE,WAEE,medium_airport,Sultan Babullah Airport,0.831,127.3816,49,AS,Indonesia,,Ternate,true,750
38258,TIQ,PGWT,medium_airport,Francisco Manglona Borja / Tinian International Airport,14.9992,145.6194,271,OC,Northern Mariana Islands,,Tinian Island,true,750
40554,VAI,AYVN,medium_airport,Vanimo Airport,-2.6926,141.3028,10,OC,Papua New Guinea,,Vanimo,true,750
29606,MUE,PHMU,medium_airport,Waimea Kohala Airport,20.0013,-155.668,2671,OC,United States,,Waimea (Kamuela),true,750
41994,WEI,YBWP,medium_airport,Weipa Airport,-12.6775,141.9226,63,OC,Australia,,Weipa,true,750
42458,WRE,NZWR,medium_airport,Whangarei Airport,-35.7693,174.3637,133,OC,New Zealand,,Whangarei,true,750
42706,WYA,YWHA,medium_airport,Whyalla Airport,-33.0589,137.514,41,OC,Australia,,Whyalla,true,750
31486,OAM,NZOU,medium_airport,Oamaru Airport,-44.97,171.082,99,OC,New Zealand,,,true,750
16069,CED,YCDU,medium_airport,Ceduna Airport,-32.1306,133.71,77,OC,Australia,,,true,750
16619,CTN,YCKN,medium_airport,Cooktown Airport,-15.4436,145.1832,26,OC,Australia,,,true,750
26776,KNS,YKII,medium_airport,King Island Airport,-39.8775,143.878,132,OC,Australia,,,true,750
29259,MKR,YMEK,medium_airport,Meekatharra Airport,-26.6117,118.548,1713,OC,Australia,,,true,750
36674,SAQ,MYAN,medium_airport,San Andros Airport,25.0538,-78.049,5,NA,Bahamas,,Andros Island,true,750
35366,RAE,OERR,medium_airport,Arar Domestic Airport,30.9066,41.1382,1813,AS,Saudi Arabia,,Arar,true,750
13769,AMH,HAAM,medium_airport,Arba Minch Airport,6.0394,37.5905,3901,AF,Ethiopia,,Arba Minch,true,750
13671,AJR,ESNX,medium_airport,Arvidsjaur Airport,65.5903,19.2819,1245,EU,Sweden,,Arvidsjaur,true,750
24546,IXU,VAAU,medium_airport,Aurangabad Airport,19.8629,75.3963,1911,AS,India,,Aurangabad,true,750
14967,BJR,HABD,medium_airport,Bahir Dar Airport,11.6081,37.3216,5978,AF,Ethiopia,,Bahir Dar,true,750
14955,BJF,ENBS,medium_airport,Båtsfjord Airport,70.6003,29.6926,490,EU,Norway,,Båtsfjord,true,750
15102,BNI,DNBE,medium_airport,Benin Airport,6.317,5.5995,258,AF,Nigeria,,Benin,true,750
31555,OCJ,MKBS,medium_airport,Ian Fleming International Airport,18.4041,-76.9698,90,NA,Jamaica,,Boscobel,true,750
15923,CAB,FNCA,medium_airport,Cabinda Airport,-5.5984,12.1881,66,AF,Angola,,Cabinda,true,750
16246,CJA,SPJR,medium_airport,Mayor General FAP Armando Revoredo Iglesias Airport,-7.1392,-78.4894,8781,SA,Peru,,Cajamarca,true,750
15933,CAL,EGEC,medium_airport,Campbeltown Airport,55.4372,-5.6864,42,EU,United Kingdom,,Campbeltown,true,750
17295,DCF,TDCF,medium_airport,Canefield Airport,15.3367,-61.3921,13,NA,Dominica,,Canefield,true,750
16580,CSK,GOGS,medium_airport,Cap Skirring Airport,12.3953,-16.748,52,AF,Senegal,,Cap Skirring,true,750
16694,CVQ,YCAR,medium_airport,Carnarvon Airport,-24.8843,113.6664,13,OC,Australia,,Carnarvon,true,750
16800,CYO,MUCL,medium_airport,Vilo Acuña International Airport,21.6165,-81.546,10,NA,Cuba,,Cayo Largo del Sur,true,750
16617,CTL,YBCV,medium_airport,Charleville Airport,-26.4133,146.262,1003,OC,Australia,,Charleville,true,750
25361,JKH,LGHI,medium_airport,Chios Island National Airport,38.3432,26.1406,15,EU,Greece,,Chios Island,true,750
14094,AVI,MUCA,medium_airport,Máximo Gómez Airport,22.0271,-78.7896,335,NA,Cuba,,Ciro Redondo,true,750
16690,CVM,MMCV,medium_airport,General Pedro Jose Mendez International Airport,23.7033,-98.9565,761,NA,Mexico,,Ciudad Victoria,true,750
16334,CLQ,MMIA,medium_airport,Licenciado Miguel de la Madrid International Airport,19.277,-103.577,2467,NA,Mexico,,Colima,true,750
40636,VCS,VVCS,medium_airport,Con Dao Airport,8.7318,106.633,20,AS,Vietnam,,Con Dao,true,750
45352,YZS,CYZS,medium_airport,Coral Harbour Airport,64.1933,-83.3594,210,NA,Canada,,Coral Harbour,true,750
16751,CXB,VGCB,medium_airport,Cox's Bazar Airport,21.4575,91.9633,12,AS,Bangladesh,,Cox's Bazar,true,750
16644,CUC,SKCC,medium_airport,Camilo Daza International Airport,7.9276,-72.5115,1096,SA,Colombia,,Cúcuta,true,750
17639,DLZ,ZMDZ,medium_airport,Dalanzadgad Airport,43.6086,104.3677,4787,AS,Mongolia,,Dalanzadgad,true,750
17620,DLG,PADL,medium_airport,Dillingham Airport,59.0447,-158.505,81,NA,United States,,Dillingham,true,750
17268,DBO,YSDU,medium_airport,Dubbo City Regional Airport,-32.2167,148.575,935,OC,Australia,,Dubbo,true,750
21358,GHA,DAUG,medium_airport,Noumérat - Moufdi Zakaria Airport,32.3841,3.7941,1512,AF,Algeria,,El Atteuf,true,750
18985,END,KEND,medium_airport,Vance Air Force Base,36.3392,-97.9165,1307,NA,United States,,Enid,true,750
18559,EBJ,EKEB,medium_airport,Esbjerg Airport,55.5259,8.5534,97,EU,Denmark,,Esbjerg,true,750
20543,FUN,NGFU,medium_airport,Funafuti International Airport,-8.5239,179.197,9,OC,Tuvalu,,Funafuti,true,750
21405,GIL,OPGT,medium_airport,Gilgit Airport,35.9188,74.3336,4796,AS,Pakistan,,Gilgit,true,750
21794,GTE,YGTE,medium_airport,Groote Eylandt Airport,-13.9724,136.4586,53,OC,Australia,,Groote Eylandt,true,750
22404,HAC,RJTH,medium_airport,Hachijojima Airport,33.1148,139.7856,303,AS,Japan,,Hachijojima,true,750
24173,INH,FQIN,medium_airport,Inhambane Airport,-23.8764,35.4085,30,AF,Mozambique,,Inhambane,true,750
44743,YIV,CYIV,medium_airport,Island Lake Airport,53.8572,-94.6536,770,NA,Canada,,Island Lake,true,750
16555,CRV,LIBC,medium_airport,Crotone Sant'Anna Pythagoras Airport,38.9972,17.0802,522,EU,Italy,,Isola di Capo Rizzuto (KR),true,750
24535,IXJ,VIJU,medium_airport,Jammu Airport,32.6888,74.8382,996,AS,India,,Jammu,true,750
25107,JDF,SBJF,medium_airport,Francisco de Assis Airport,-21.7915,-43.3861,2989,SA,Brazil,,Juiz de Fora,true,750
20250,FMI,FZRF,medium_airport,Kalemie Airport,-5.8756,29.25,2569,AF,Democratic Republic of the Congo,,Kalemie,true,750
26506,KGA,FZUA,medium_airport,Kananga Airport,-5.9001,22.4692,2139,AF,Democratic Republic of the Congo,,Kananga,true,750
26409,KDL,EEKA,medium_airport,Kärdla Airport,58.9908,22.8307,18,EU,Estonia,,Kärdla,true,750
26722,KMA,AYKM,medium_airport,Kerema Airport,-7.9636,145.771,10,OC,Papua New Guinea,,Kerema,true,750
22775,HKN,AYHK,medium_airport,Hoskins Airport,-5.4638,150.4073,66,OC,Papua New Guinea,,Kimbe,true,750
31951,ONJ,RJSR,medium_airport,Odate Noshiro Airport,40.1919,140.371,292,AS,Japan,,Kitaakita,true,750
16374,CMU,AYCH,medium_airport,Chimbu Airport,-6.0243,144.971,4974,OC,Papua New Guinea,,Kundiawa,true,750
27594,LAI,LFRO,medium_airport,Lannion Airport,48.7544,-3.4717,290,EU,France,,Lannion,true,750
27737,LEH,LFOH,medium_airport,Le Havre-Octeville Airport,49.534,0.0884,313,EU,France,,Le Havre,true,750
27749,LET,SKLT,medium_airport,Alfredo Vásquez Cobo International Airport,-4.1911,-69.942,277,SA,Colombia,,Leticia,true,750
40588,VBG,KVBG,medium_airport,Vandenberg Space Force Base,34.7373,-120.584,369,NA,United States,,Lompoc,true,750
28202,LRE,YLRE,medium_airport,Longreach Airport,-23.4342,144.28,627,OC,Australia,,Longreach,true,750
37175,SON,NVSS,medium_airport,Santo Pekoa International Airport,-15.505,167.22,184,OC,Vanuatu,,Luganville,true,750
28892,MAK,HSSM,medium_airport,Malakal International Airport,9.5587,31.6519,1291,AF,South Sudan,,Malakal,true,750
16150,CGM,RPMH,medium_airport,Camiguin Airport,9.2539,124.7091,53,AS,Philippines,,Mambajao,true,750
29793,MZL,SKMZ,medium_airport,La Nubia Airport,5.0296,-75.4647,6871,SA,Colombia,,Manizales,true,750
29028,MEC,SEMT,medium_airport,Eloy Alfaro International Airport,-0.9461,-80.6788,48,SA,Ecuador,,Manta,true,750
28900,MAS,AYMO,medium_airport,Momote Airport,-2.0619,147.424,12,OC,Papua New Guinea,,Manus Island,true,750
28883,MAB,SBMA,medium_airport,João Correa da Rocha Airport,-5.3686,-49.138,357,SA,Brazil,,Marabá,true,750
29105,MGH,FAMG,medium_airport,Margate Airport,-30.8574,30.343,495,AF,South Africa,,Margate,true,750
28907,MAZ,TJMZ,medium_airport,Eugenio Maria De Hostos Airport,18.2557,-67.1485,28,NA,Puerto Rico,,Mayaguez,true,750
29258,MKQ,WAKK,medium_airport,Mopah International Airport,-8.5239,140.4197,10,AS,Indonesia,,Merauke,true,750
29338,MMY,ROMY,medium_airport,Miyako Airport,24.7828,125.295,150,AS,Japan,,Miyakojima,true,750
29519,MRZ,YMOR,medium_airport,Moree Airport,-29.4989,149.845,701,OC,Australia,,Moree,true,750
29746,MYA,YMRY,medium_airport,Moruya Airport,-35.8978,150.144,14,OC,Australia,,Moruya,true,750
29616,MUO,KMUO,medium_airport,Mountain Home Air Force Base,43.0436,-115.872,2996,NA,United States,,Mountain Home,true,750
30178,NAA,YNBR,medium_airport,Narrabri Airport,-30.3192,149.827,788,OC,Australia,,Narrabri,true,750
30875,NTN,YNTN,medium_airport,Normanton Airport,-17.6841,141.0697,73,OC,Australia,,Normanton,true,750
23848,IEG,EPZG,medium_airport,Zielona Góra-Babimost Airport,52.1385,15.7986,194,EU,Poland,,Nowe Kramsko,true,750
26907,KRF,ESNK,medium_airport,Kramfors-Sollefteå Höga Kusten Airport,63.0486,17.7689,34,EU,Sweden,,Nyland,true,750
31945,OND,FYOA,medium_airport,Ondangwa Airport,-17.8782,15.9526,3599,AF,Namibia,,Ondangwa,true,750
33040,PHS,VTPP,medium_airport,Phitsanulok Airport,16.7829,100.279,154,AS,Thailand,,Phitsanulok,true,750
26844,KPO,RKTH,medium_airport,Pohang Airport (G-815/K-3),35.988,129.4204,70,AS,South Korea,,Pohang,true,750
35980,RRG,FIMR,medium_airport,Sir Charles Gaetan Duval Airport,-19.7567,63.3593,95,AF,Mauritius,,Port Mathurin,true,750
33106,PJM,MRPJ,medium_airport,Puerto Jimenez Airport,8.5333,-83.3,7,NA,Costa Rica,,Puerto Jimenez,true,750
33226,PMY,SAVY,medium_airport,El Tehuelche Airport,-42.7592,-65.1027,427,SA,Argentina,,Puerto Madryn,true,750
39545,UIH,VVPC,medium_airport,Phu Cat Airport,13.955,109.042,80,AS,Vietnam,,Quy Nohn,true,750
35371,RAJ,VARK,medium_airport,Rajkot Airport,22.3092,70.7795,441,AS,India,,Rajkot,true,750
24543,IXR,VERC,medium_airport,Birsa Munda Airport,23.3143,85.3217,2148,AS,India,,Ranchi,true,750
35915,RPN,LLIB,medium_airport,Rosh Pina Airport,32.981,35.5719,884,AS,Israel,,Rosh Pina,true,750
36208,RXS,RPVR,medium_airport,Roxas Airport,11.5977,122.752,10,AS,Philippines,,Roxas City,true,750
21261,GEL,SBNM,medium_airport,Santo Ângelo Airport,-28.2825,-54.1696,1056,SA,Brazil,,Santo Ângelo,true,750
37536,SYO,RJSY,medium_airport,Shonai Airport,38.8122,139.787,86,AS,Japan,,Shonai,true,750
13714,AKY,VYSW,medium_airport,Sittwe Airport,20.1332,92.8707,27,AS,Myanmar,,Sittwe,true,750
37043,SKZ,OPSK,medium_airport,Begum Nusrat Bhutto International Airport Sukkur,27.722,68.7917,196,AS,Pakistan,,Sukkur,true,750
24366,ISU,ORSJ,medium_airport,Jalal Talabani International Airport,35.5605,45.3151,2494,AS,Iraq,,Sulaymaniyah,true,750
33688,PZS,SCTC,medium_airport,Maquehue Airport,-38.7668,-72.6371,304,SA,Chile,,Temuco,true,750
38510,TPQ,MMEP,medium_airport,Amado Nervo National Airport,21.4198,-104.8425,3020,NA,Mexico,,Tepic,true,750
39908,USK,UUYS,medium_airport,Usinsk Airport,66.0047,57.3672,262,AS,Russia,,Usinsk,true,750
40568,VAW,ENSS,medium_airport,"Vardø Airport, Svartnes",70.3554,31.0449,42,EU,Norway,,Vardø,true,750
41168,VRK,EFVR,medium_airport,Varkaus Airport,62.1711,27.8686,286,EU,Finland,,Varkaus / Joroinen,true,750
41075,VOZ,UUOO,medium_airport,Voronezh International Airport,51.8143,39.2309,514,EU,Russia,,Voronezh,true,750
41848,WAG,NZWU,medium_airport,Wanganui Airport,-39.9635,175.0244,27,OC,New Zealand,,Wanganui,true,750
41890,WBM,AYWD,medium_airport,Wapenamanda Airport,-5.6353,143.8922,5889,OC,Papua New Guinea,,Wapenamanda,true,750
43930,XWA,KXWA,medium_airport,Williston Basin International Airport,48.2609,-103.7512,2344,NA,United States,,Williston,true,750
35586,RGI,NTTG,medium_airport,Rangiroa Airport,-14.9543,-147.661,10,OC,French Polynesia,,,true,750
28898,MAQ,VTPM,medium_airport,Mae Sot Airport,16.6999,98.5451,690,AS,Thailand,,,true,750
38224,THS,VTPO,medium_airport,Sukhothai Airport,17.238,99.8182,179,AS,Thailand,,,true,750
15248,BRK,YBKE,medium_airport,Bourke Airport,-30.0392,145.952,352,OC,Australia,,,true,750
15947,CAZ,YCBA,medium_airport,Cobar Airport,-31.5383,145.794,724,OC,Australia,,,true,750
13481,AEH,FTTC,medium_airport,Abeche Airport,13.847,20.8443,1788,AF,Chad,,Abeche,true,750
14247,AZR,DAUA,medium_airport,Touat-Cheikh Sidi Mohamed Belkebir Airport,27.8376,-0.1864,919,AF,Algeria,,Adrar,true,750
24526,IXA,VEAT,medium_airport,Agartala - Maharaja Bir Bikram Airport,23.887,91.2404,46,AS,India,,Agartala,true,750
13602,AHU,GMTA,medium_airport,Cherif Al Idrissi Airport,35.1771,-3.8395,95,AF,Morocco,,Al Hoceima,true,750
13368,ABC,LEAB,medium_airport,Albacete Airport / Los Llanos Air Base,38.9485,-1.8635,2302,EU,Spain,,Albacete,true,750
24422,IUE,NIUE,medium_airport,Niue International Airport,-19.0801,-169.9235,209,OC,Niue,,Alofi,true,750
13987,ASJ,RJKA,medium_airport,Amami Airport,28.4306,129.713,27,AS,Japan,,Amami,true,750
14178,AXU,HAAX,medium_airport,Axum Airport,14.1468,38.7728,6959,AF,Ethiopia,,Axum,true,750
14975,BJZ,LEBZ,medium_airport,Badajoz Airport,38.8913,-6.8213,609,EU,Spain,,Badajoz,true,750
15537,BZL,VGBR,medium_airport,Barisal Airport,22.801,90.3012,23,AS,Bangladesh,,Barisal,true,750
14637,BAL,LTCJ,medium_airport,Batman Airport,37.929,41.1166,1822,AS,Turkey,,Batman,true,750
14790,BEU,YBIE,medium_airport,Bedourie Airport,-24.3461,139.46,300,OC,Australia,,Bedourie,true,750
15222,BQU,TVSB,medium_airport,J F Mitchell Airport,12.9884,-61.262,15,NA,Saint Vincent and the Grenadines,,Bequia,true,750
14898,BHU,VABV,medium_airport,Bhavnagar Airport,21.7522,72.1852,44,AS,India,,Bhavnagar,true,750
15220,BQS,UHBB,medium_airport,Ignatyevo Airport,50.4254,127.412,638,AS,Russia,,Blagoveschensk,true,750
14775,BEF,MNBL,medium_airport,Bluefields Airport,11.991,-83.7741,20,NA,Nicaragua,,Bluefields,true,750
15320,BTK,UIBB,medium_airport,Bratsk Airport,56.3696,101.7018,1610,AS,Russia,,Bratsk,true,750
14842,BGA,SKBG,medium_airport,Palonegro Airport,7.1265,-73.1848,3897,SA,Colombia,,Bucaramanga,true,750
16483,CPV,SBKG,medium_airport,Presidente João Suassuna Airport,-7.2697,-35.8961,1646,SA,Brazil,,Campina Grande,true,750
17302,DCM,LFCK,medium_airport,Castres Mazamet Airport,43.5563,2.2892,788,EU,France,,Castres,true,750
16464,CPC,SAZY,medium_airport,Aviador C. Campos Airport,-40.0754,-71.1373,2569,SA,Argentina,,Chapelco/San Martin de los Andes,true,750
41110,VPY,FQCH,medium_airport,Chimoio Airport,-19.1513,33.429,2287,AF,Mozambique,,Chimoio,true,750
16108,CFG,MUCF,medium_airport,Jaime Gonzalez Airport,22.15,-80.4142,102,NA,Cuba,,Cienfuegos,true,750
16399,CNJ,YCCY,medium_airport,Cloncurry Airport,-20.6686,140.504,616,OC,Australia,,Cloncurry,true,750
16658,CUQ,YCOE,medium_airport,Coen Airport,-13.7611,143.1133,532,OC,Australia,,Coen,true,750
31990,OOM,YCOM,medium_airport,Cooma Snowy Mountains Airport,-36.3004,148.9724,3088,OC,Australia,,Cooma,true,750
16826,CZE,SVCR,medium_airport,José Leonardo Chirinos Airport,11.4149,-69.6809,52,SA,Venezuela,,Coro,true,750
17238,DAU,AYDU,medium_airport,Daru Airport,-9.0868,143.208,20,OC,Papua New Guinea,,Daru,true,750
17769,DPL,RPMG,medium_airport,Dipolog Airport,8.602,123.3419,12,AS,Philippines,,Dipolog,true,750
18916,ELG,DAUE,medium_airport,El Golea Airport,30.5807,2.8616,1306,AF,Algeria,,El Menia,true,750
19432,EZS,LTCA,medium_airport,Elazığ Airport,38.598,39.2835,2927,AS,Turkey,,Elazığ,true,750
18912,ELC,YELD,medium_airport,Elcho Island Airport,-12.0194,135.571,101,OC,Australia,,Elcho Island,true,750
19133,ERH,GMFK,medium_airport,Moulay Ali Cherif Airport,31.9475,-4.3983,3428,AF,Morocco,,Errachidia,true,750
19128,ERC,LTCD,medium_airport,Erzincan Airport,39.7102,39.527,3783,AS,Turkey,,Erzincan,true,750
21122,GAQ,GAGO,medium_airport,Gao International Airport,16.2485,-0.0054,870,AF,Mali,,Gao,true,750
22838,HME,DAUH,medium_airport,Hassi Messaoud-Oued Irara Krim Belkacem Airport,31.673,6.1404,463,AF,Algeria,,Hassi Messaoud,true,750
13699,AKJ,RJEC,medium_airport,Asahikawa Airport,43.6708,142.447,721,AS,Japan,,Higashikagura,true,750
22670,HHQ,VTPH,medium_airport,Hua Hin Airport,12.6362,99.9515,62,AS,Thailand,,Hua Hin,true,750
30703,NOV,FNHU,medium_airport,Albano Machado Airport,-12.8089,15.7605,5587,AF,Angola,,Huambo,true,750
23734,IBA,DNIB,medium_airport,Ibadan Airport,7.3625,3.9783,725,AF,Nigeria,,Ibadan,true,750
24191,INZ,DAUI,medium_airport,In Salah Airport,27.251,2.512,896,AF,Algeria,,In Salah,true,750
24350,ISE,LTFC,medium_airport,Süleyman Demirel International Airport,37.8554,30.3684,2835,AS,Turkey,,Isparta,true,750
23892,IFO,UKLI,medium_airport,Ivano-Frankivsk International Airport,48.8842,24.6861,919,EU,Ukraine,,Ivano-Frankivsk,true,750
25407,JLR,VAJB,medium_airport,Jabalpur Airport,23.1778,80.052,1624,AS,India,,Jabalpur,true,750
25613,JRH,VEJT,medium_airport,Jorhat Airport,26.7305,94.1754,311,AS,India,,Jorhat,true,750
26962,KSY,LTCF,medium_airport,Kars Airport,40.5622,43.115,5889,AS,Turkey,,Kars,true,750
26980,KTG,WIOK,medium_airport,Rahadi Osman Airport,-1.8172,109.9635,46,AS,Indonesia,,Ketapang,true,750
26652,KKC,VTUK,medium_airport,Khon Kaen Airport,16.4666,102.784,670,AS,Thailand,,Khon Kaen,true,750
37569,SZL,KSZL,medium_airport,Whiteman Air Force Base,38.7303,-93.5479,870,NA,United States,,Knob Noster,true,750
27743,LEN,LELN,medium_airport,León Airport,42.5907,-5.6534,3006,EU,Spain,,La Virgen del Camino,true,750
27640,LBS,NFNL,medium_airport,Labasa Airport,-16.4667,179.34,44,OC,Fiji,,Labasa,true,750
24316,IRG,YLHR,medium_airport,Lockhart River Airport,-12.7869,143.305,77,OC,Australia,,Lockhart River,true,750
35686,RJA,VORY,medium_airport,Rajahmundry Airport,17.1058,81.8132,151,AS,India,,Madhurapudi,true,750
28921,MBD,FAMM,medium_airport,Mmabatho International Airport,-25.7984,25.548,4181,AF,South Africa,,Mafeking,true,750
29301,MLX,LTAT,medium_airport,Malatya Erhaç Airport,38.4353,38.091,2828,AS,Turkey,,Malatya,true,750
29356,MNG,YMGD,medium_airport,Maningrida Airport,-12.0561,134.234,123,OC,Australia,,Maningrida,true,750
29761,MYP,UTAM,medium_airport,Mary International Airport,37.6235,61.8957,728,AS,Turkmenistan,,Mary,true,750
28937,MBT,RPVJ,medium_airport,Moises R. Espinosa Airport,12.3697,123.6301,49,AS,Philippines,,Masbate,true,750
29323,MMJ,RJAF,medium_airport,Shinshu-Matsumoto Airport,36.1668,137.923,2182,AS,Japan,,Matsumoto,true,750
28922,MBE,RJEB,medium_airport,Monbetsu Airport,44.3039,143.404,80,AS,Japan,,Monbetsu,true,750
28111,LOV,MMMV,medium_airport,Monclova International Airport,26.9557,-101.47,1864,NA,Mexico,,Monclova,true,750
29300,MLW,GLMR,medium_airport,Spriggs Payne Airport,6.2891,-10.7587,25,AF,Liberia,,Monrovia,true,750
29388,MOC,SBMK,medium_airport,Mário Ribeiro Airport,-16.7069,-43.8189,2191,SA,Brazil,,Montes Claros,true,750
39953,UTT,FAUT,medium_airport,K. D. Matanzima Airport,-31.5464,28.6734,2400,AF,South Africa,,Mthatha,true,750
36911,SHB,RJCN,medium_airport,Nakashibetsu Airport,43.5775,144.96,234,AS,Japan,,Nakashibetsu,true,750
45023,YQN,CYQN,medium_airport,Nakina Airport,50.1828,-86.6964,1057,NA,Canada,,Nakina,true,750
26449,KEP,VNNG,medium_airport,Nepalgunj Airport,28.1036,81.667,540,AS,Nepal,,Nepalgunj,true,750
21267,GER,MUNG,medium_airport,Rafael Cabrera Airport,21.8347,-82.7838,79,NA,Cuba,,Nueva Gerona,true,750
30577,NLD,MMNL,medium_airport,Quetzalcóatl International Airport,27.4439,-99.5705,484,NA,Mexico,,Nuevo Laredo,true,750
33188,PLW,WAFF,medium_airport,Mutiara - SIS Al-Jufrie Airport,-0.9165,119.9086,284,AS,Indonesia,,Palu,true,750
33249,PNL,LICG,medium_airport,Pantelleria Airport,36.8165,11.9689,628,EU,Italy,,Pantelleria (TP),true,750
21844,GUS,KGUS,medium_airport,Grissom Air Reserve Base,40.6481,-86.1521,812,NA,United States,,Peru,true,750
32896,PDS,MMPG,medium_airport,Piedras Negras International Airport,28.6279,-100.5352,901,NA,Mexico,,Piedras Negras,true,750
33253,PNP,AYGR,medium_airport,Girua Airport,-8.8045,148.309,311,OC,Papua New Guinea,,Popondetta,true,750
33180,PLO,YPLC,medium_airport,Port Lincoln Airport,-34.6053,135.88,36,OC,Australia,,Port Lincoln,true,750
33151,PKV,ULOO,medium_airport,Princess Olga Pskov International Airport,57.7813,28.3938,154,EU,Russia,,Pskov,true,750
33515,PUZ,MNPC,medium_airport,Puerto Cabezas Airport,14.0472,-83.3867,52,NA,Nicaragua,,Puerto Cabezas,true,750
37295,SRZ,SLET,medium_airport,El Trompillo Airport,-17.8116,-63.1715,1371,SA,Bolivia,,Santa Cruz,true,750
35650,RIA,SBSM,medium_airport,Santa Maria Airport,-29.7114,-53.6882,287,SA,Brazil,,Santa Maria,true,750
37425,SVL,EFSA,medium_airport,Savonlinna Airport,61.9431,28.9451,311,EU,Finland,,Savonlinna,true,750
29790,MZI,GAMB,medium_airport,Mopti Airport,14.5128,-4.0796,906,AF,Mali,,Sévaré,true,750
37308,SSC,KSSC,medium_airport,Shaw Air Force Base,33.9727,-80.4706,241,NA,United States,,Sumter,true,750
37961,TAH,NVVW,medium_airport,Whitegrass Airport,-19.4551,169.224,19,OC,Vanuatu,,Tanna Island,true,750
38509,TPP,SPST,medium_airport,Cadete FAP Guillermo Del Castillo Paredes Airport,-6.5087,-76.3732,869,SA,Peru,,Tarapoto,true,750
38026,TCA,YTNK,medium_airport,Tennant Creek Airport,-19.6344,134.183,1236,OC,Australia,,Tennant Creek,true,750
38409,TMX,DAUT,medium_airport,Timimoun Airport,29.2371,0.276,1027,AF,Algeria,,Timimoun,true,750
38461,TOD,WMBT,medium_airport,Tioman Airport,2.8182,104.16,15,AS,Malaysia,,Tioman Island,true,750
38462,TOE,DTTZ,medium_airport,Tozeur Nefta International Airport,33.9397,8.1106,287,AF,Tunisia,,Tozeur,true,750
38682,TUI,OETR,medium_airport,Turaif Domestic Airport,31.6922,38.7315,2803,AS,Saudi Arabia,,Turaif,true,750
39301,UBP,VTUU,medium_airport,Ubon Ratchathani Airport,15.2513,104.87,406,AS,Thailand,,Ubon Ratchathani,true,750
39911,USN,RKPU,medium_airport,Ulsan Airport,35.5935,129.352,45,AS,South Korea,,Ulsan,true,750
45741,ZAL,SCVD,medium_airport,Pichoy Airport,-39.65,-73.0861,59,SA,Chile,,Valdivia,true,750
40810,VHM,ESNV,medium_airport,Vilhelmina South Lapland Airport,64.5791,16.8336,1140,EU,Sweden,,Vilhelmina,true,750
41846,WAE,OEWD,medium_airport,Wadi Al Dawasir Domestic Airport,20.5043,45.1996,2062,AS,Saudi Arabia,,Wadi Al Dawasir,true,750
42211,WKJ,RJCW,medium_airport,Wakkanai Airport,45.4042,141.801,30,AS,Japan,,Wakkanai,true,750
16787,CYB,MWCB,medium_airport,Charles Kirkconnell International Airport,19.687,-79.8828,8,NA,Cayman Islands,,West End,true,750
42460,WRG,PAWG,medium_airport,Wrangell Airport,56.4843,-132.37,49,NA,United States,,Wrangell,true,750
14233,AZD,OIYY,medium_airport,Shahid Sadooghi Airport,31.9049,54.2765,4054,AS,Iran,,Yazd,true,750
36030,RSU,RKJY,medium_airport,Yeosu Airport,34.8423,127.617,53,AS,South Korea,,Yeosu,true,750
33463,PTJ,YPOD,medium_airport,Portland Airport,-38.3181,141.471,265,OC,Australia,,,true,750
13385,ABT,OEBA,medium_airport,King Saud Bin Abdulaziz (Al Baha) Airport,20.2985,41.6362,5486,AS,Saudi Arabia,,Al-Baha,true,750
38867,TZN,MYAK,medium_airport,Congo Town Airport,24.1587,-77.5898,15,NA,Bahamas,,Andros,true,750
13804,ANG,LFBU,medium_airport,Angoulême Brie-Champniers airport,45.7292,0.2215,436,EU,France,,Angoulême,true,750
13964,ARW,LRAR,medium_airport,Arad International Airport,46.1761,21.2643,352,EU,Romania,,Arad,true,750
14031,ATR,GQPA,medium_airport,Atar International Airport,20.5058,-13.0437,734,AF,Mauritania,,Atar,true,750
26309,KAT,NZKT,medium_airport,Kaitaia Airport,-35.0698,173.2871,270,OC,New Zealand,,Awanui,true,750
38570,TRE,EGPU,medium_airport,Tiree Airport,56.4992,-6.8692,38,EU,United Kingdom,,"Balemartine, Argyll and Bute",true,750
15261,BRX,MDBH,medium_airport,Maria Montez International Airport,18.2515,-71.1204,10,NA,Dominican Republic,,Barahona,true,750
14627,BAB,KBAB,medium_airport,Beale Air Force Base,39.1361,-121.437,113,NA,United States,,Beale Air Force Base,true,750
15004,BKS,WIGG,medium_airport,Fatmawati Soekarno Airport,-3.8637,102.339,50,AS,Indonesia,,Bengkulu,true,750
15330,BTU,WBGB,medium_airport,Bintulu Airport,3.1239,113.02,74,AS,Malaysia,,Bintulu,true,750
14885,BHH,OEBH,medium_airport,Bisha Airport,19.9844,42.6209,3887,AS,Saudi Arabia,,Bisha,true,750
15002,BKQ,YBCK,medium_airport,Blackall Airport,-24.4317,145.4297,928,OC,Australia,,Blackall,true,750
38765,TWT,RPMN,medium_airport,Sanga Sanga Airport,5.0482,119.7433,15,AS,Philippines,,Bongao,true,750
15500,BYK,DIBK,medium_airport,Bouaké Airport,7.7388,-5.0737,1230,AF,Côte d'Ivoire,,Bouaké,true,750
15369,BUX,FZKA,medium_airport,Bunia Airport,1.5657,30.2207,4045,AF,Democratic Republic of the Congo,,Bunia,true,750
15079,BMV,VVBM,medium_airport,Buon Ma Thuot Airport,12.6683,108.12,1729,AS,Vietnam,,Buon Ma Thuot,true,750
15371,BUZ,OIBB,medium_airport,Bushehr Airport,28.9448,50.8346,68,AS,Iran,,Bushehr,true,750
16801,CYP,RPVC,medium_airport,Calbayog Airport,12.0726,124.5451,12,AS,Philippines,,Calbayog City,true,750
16608,CTC,SANC,medium_airport,Coronel Felipe Varela International Airport,-28.5931,-65.7512,1522,SA,Argentina,,Catamarca,true,750
16716,CWC,UKLN,medium_airport,Chernivtsi International Airport,48.2593,25.9808,826,EU,Ukraine,,Chernivtsi,true,750
31548,OCC,SECO,medium_airport,Francisco De Orellana Airport,-0.4629,-76.9868,834,SA,Ecuador,,Coca,true,750
31965,ONX,MPEJ,medium_airport,Enrique Adolfo Jimenez Airport,9.3566,-79.8674,25,NA,Panama,,Colón,true,750
16840,CZS,SBCZ,medium_airport,Cruzeiro do Sul Airport,-7.5999,-72.7695,637,SA,Brazil,,Cruzeiro Do Sul,true,750
38734,TVY,VYDW,medium_airport,Dawei Airport,14.1039,98.2036,84,AS,Myanmar,,Dawei,true,750
17365,DED,VIDN,medium_airport,Dehradun Jolly Grant Airport,30.1892,78.1767,1831,AS,India,,Dehradun (Jauligrant),true,750
17362,DEA,OPDG,medium_airport,Dera Ghazi Khan Airport,29.961,70.4859,492,AS,Pakistan,,Dera Ghazi Khan,true,750
24119,ILZ,LZZI,medium_airport,Žilina-Dolný Hričov Airport,49.2333,18.6134,1020,EU,Slovakia,,Dolný Hričov,true,750
17728,DOG,HSDN,medium_airport,Dongola Airport,19.1537,30.4301,772,AF,Sudan,,Dongola,true,750
40658,VDE,GCHI,medium_airport,El Hierro Airport,27.8148,-17.8871,103,AF,Spain,,El Hierro Island,true,750
18553,EBD,HSOB,medium_airport,El-Obeid Airport,13.1532,30.2327,1927,AF,Sudan,,El-Obeid,true,750
19065,EPL,LFSG,medium_airport,Épinal Mirecourt Airport,48.325,6.07,1084,EU,France,,Épinal,true,750
19108,EQS,SAVE,medium_airport,Esquel Brigadier Antonio Parodi International Airport,-42.908,-71.1395,2621,SA,Argentina,,Esquel,true,750
20320,FOG,LIBF,medium_airport,Foggia Gino Lisa Airport,41.4336,15.5346,265,EU,Italy,,Foggia (FG),true,750
21377,GHT,HLGT,medium_airport,Ghat Airport,25.1456,10.1426,2296,AF,Libya,,Ghat,true,750
21755,GSB,KGSB,medium_airport,Seymour Johnson Air Force Base,35.3394,-77.9606,109,NA,United States,,Goldsboro,true,750
39886,URY,OEGT,medium_airport,Gurayat Domestic Airport,31.4124,37.2789,1672,AS,Saudi Arabia,,Gurayat,true,750
22888,HNS,PAHN,medium_airport,Haines Airport,59.2439,-135.5239,15,NA,United States,,Haines,true,750
21115,GAJ,RJSC,medium_airport,Yamagata Airport,38.4119,140.371,353,AS,Japan,,Higashine,true,750
23099,HTN,ZWTN,medium_airport,Hotan Airport,37.0385,79.8649,4672,AS,China,,Hotan,true,750
24109,ILP,NWWE,medium_airport,Île des Pins Airport,-22.5889,167.456,315,OC,New Caledonia,,Île des Pins,true,750
31774,OIM,RJTO,medium_airport,Oshima Airport,34.782,139.36,130,AS,Japan,,Izu Oshima,true,750
24612,IZO,RJOC,medium_airport,Izumo Enmusubi Airport,35.4136,132.89,15,AS,Japan,,Izumo,true,750
25210,JGA,VAJM,medium_airport,Jamnagar Airport,22.4655,70.0126,69,AS,India,,Jamnagar,true,750
26761,KND,FZOA,medium_airport,Kindu Airport,-2.9192,25.9154,1630,AF,Democratic Republic of the Congo,,Kindu,true,750
13346,AAQ,URKA,medium_airport,Anapa Vityazevo Airport,45.0021,37.3473,174,EU,Russia,,Krasnyi Kurgan,true,750
27714,LDU,WBKD,medium_airport,Lahad Datu Airport,5.0324,118.3238,45,AS,Malaysia,,Lahad Datu,true,750
28033,LMP,LICD,medium_airport,Lampedusa Airport,35.4979,12.6181,70,EU,Italy,,Lampedusa,true,750
27606,LAU,HKLU,medium_airport,Manda Airport,-2.2524,40.9129,20,AF,Kenya,,Lamu,true,750
43428,XIC,ZUXC,medium_airport,Xichang Qingshan Airport,27.9891,102.184,5112,AS,China,,Liangshan (Xichang),true,750
28031,LMN,WBGJ,medium_airport,Limbang Airport,4.8083,115.01,14,AS,Malaysia,,Limbang,true,750
27888,LIO,MRLM,medium_airport,Limón International Airport,9.958,-83.022,7,NA,Costa Rica,,Limón,true,750
29476,MQS,TVSM,medium_airport,Mustique Airport,12.8879,-61.1802,8,NA,Saint Vincent and the Grenadines,,Lovell,true,750
28309,LUD,FYLZ,medium_airport,Luderitz Airport,-26.6874,15.2429,457,AF,Namibia,,Luderitz,true,750
13342,AAM,FAMD,medium_airport,Malamala Airport,-24.8169,31.5441,1124,AF,South Africa,,Malamala,true,750
29655,MVR,FKKL,medium_airport,Salak Airport,10.4514,14.2574,1390,AF,Cameroon,,Maroua,true,750
29218,MJM,FZWA,medium_airport,Mbuji Mayi Airport,-6.1212,23.569,2221,AF,Democratic Republic of the Congo,,Mbuji Mayi,true,750
29010,MDU,AYMN,medium_airport,Mendi Airport,-6.1477,143.657,5680,OC,Papua New Guinea,,Mendi,true,750
13811,ANN,PANT,medium_airport,Annette Island Airport,55.0377,-131.5726,119,NA,United States,,Metlakatla,true,750
29653,MVP,SKMU,medium_airport,Fabio Alberto Leon Bentley Airport,1.2537,-70.2339,680,SA,Colombia,,Mitú,true,750
29123,MGZ,VYME,medium_airport,Myeik Airport,12.4398,98.6215,75,AS,Myanmar,,Mkeik,true,750
29555,MSZ,FNMO,medium_airport,Welwitschia Mirabilis International Airport,-15.2612,12.1468,210,AF,Angola,,Moçâmedes,true,750
29583,MTR,SKMR,medium_airport,Los Garzones Airport,8.8237,-75.8258,41,SA,Colombia,,Montería,true,750
36749,SCT,OYSQ,medium_airport,Socotra Airport,12.6321,53.9062,146,AS,Yemen,,Mori,true,750
18526,EAM,OENG,medium_airport,Najran Domestic Airport,17.6114,44.4192,3982,AS,Saudi Arabia,,Najran,true,750
26809,KOP,VTUW,medium_airport,Nakhon Phanom Airport,17.3838,104.643,587,AS,Thailand,,Nakhon Phanom,true,750
15998,CCE,HECP,medium_airport,Capital International Airport,30.0647,31.84,761,AF,Egypt,,New Cairo,true,750
46202,ZNE,YNWN,medium_airport,Newman Airport,-23.4178,119.803,1724,OC,Australia,,Newman,true,750
30451,NHV,NTMD,medium_airport,Nuku Hiva Airport,-8.7956,-140.229,220,OC,French Polynesia,,Nuku Hiva,true,750
28510,LZY,ZUNZ,medium_airport,Nyingchi Mainling Airport,29.3033,94.3353,9675,AS,China,,Nyingchi (Mainling),true,750
32144,OSW,UWOR,medium_airport,Orsk Airport,51.0725,58.5956,909,AS,Russia,,Orsk,true,750
46252,ZOS,SCJO,medium_airport,Cañal Bajo Carlos Hott Siebert Airport,-40.6112,-73.061,187,SA,Chile,,Osorno,true,750
31713,OGX,DAUU,medium_airport,Ain Beida Airport,31.9172,5.4128,492,AF,Algeria,,Ouargla,true,750
33382,PRA,SAAP,medium_airport,General Urquiza Airport,-31.7948,-60.4804,242,SA,Argentina,,Parana,true,750
33618,PXU,VVPK,medium_airport,Pleiku Airport,14.0045,108.017,2434,AS,Vietnam,,Pleiku,true,750
33422,PSE,TJPS,medium_airport,Mercedita International Airport,18.0083,-66.563,29,NA,Puerto Rico,,Ponce,true,750
33641,PYH,SVPA,medium_airport,Cacique Aramare Airport,5.62,-67.6061,245,SA,Venezuela,,Puerto Ayacucho,true,750
33493,PUD,SAWD,medium_airport,Puerto Deseado Airport,-47.7353,-65.9041,268,SA,Argentina,,Puerto Deseado,true,750
21763,GSJ,MGSJ,medium_airport,San José Airport,13.9362,-90.8358,29,NA,Guatemala,,Puerto San José,true,750
36262,RZA,SAWU,medium_airport,Santa Cruz Airport,-50.0165,-68.5792,364,SA,Argentina,,Puerto Santa Cruz,true,750
39405,UEL,FQQL,medium_airport,Quelimane Airport,-17.8555,36.8691,36,AF,Mozambique,,Quelimane,true,750
35369,RAH,OERF,medium_airport,Rafha Domestic Airport,29.6264,43.4906,1474,AS,Saudi Arabia,,Rafha,true,750
35441,RCH,SKRH,medium_airport,Almirante Padilla Airport,11.5262,-72.926,43,SA,Colombia,,Riohacha,true,750
37439,SVZ,SVSA,medium_airport,Juan Vicente Gómez International Airport,7.8408,-72.4399,1312,SA,Venezuela,,San Antonio del Tachira,true,750
39266,UAQ,SANU,medium_airport,Domingo Faustino Sarmiento Airport,-31.5715,-68.4182,1958,SA,Argentina,,San Juan,true,750
37325,SST,SAZL,medium_airport,Santa Teresita Airport,-36.5423,-56.7218,9,SA,Argentina,,Santa Teresita,true,750
37345,STD,SVSO,medium_airport,Mayor Buenaventura Vivas International Airport,7.5654,-72.0351,1083,SA,Venezuela,,Santo Domingo,true,750
32857,PCP,FPPR,medium_airport,Principe Airport,1.6612,7.4111,591,AF,São Tomé and Principe,,São Tomé & Príncipe,true,750
26765,KNH,RCBS,medium_airport,Kinmen Airport,24.4279,118.359,93,AS,Taiwan,,Shang-I,true,750
24544,IXS,VEKU,medium_airport,Silchar Airport,24.9129,92.9787,352,AS,India,,Silchar,true,750
20188,FKS,RJSF,medium_airport,Fukushima Airport,37.2274,140.431,1221,AS,Japan,,Sukagawa,true,750
38041,TCP,HETB,medium_airport,Taba International Airport,29.5945,34.7758,2425,AS,Egypt,,Taba,true,750
38657,TTT,RCFN,medium_airport,Taitung Airport,22.7549,121.1018,143,AS,Taiwan,,Taitung City,true,750
23279,HYN,ZSLQ,medium_airport,Taizhou Luqiao Airport,28.5622,121.429,0,AS,China,,Taizhou (Luqiao),true,750
38638,TTA,GMAT,medium_airport,Tan Tan Airport,28.4476,-11.1617,653,AF,Morocco,,Tan Tan,true,750
14650,BAY,LRBM,medium_airport,Maramureș International Airport,47.6584,23.4644,605,EU,Romania,,Tăuții-Măgherăuș,true,750
37148,SNW,VYTD,medium_airport,Thandwe Airport,18.4607,94.3001,20,AS,Myanmar,,Thandwe,true,750
24076,IKS,UEST,medium_airport,Tiksi Airport,71.6977,128.903,26,AS,Russia,,Tiksi,true,750
26989,KTP,MKTP,medium_airport,Tinson Pen Airport,17.9886,-76.8238,16,NA,Jamaica,,Tinson Pen,true,750
38647,TTJ,RJOR,medium_airport,Tottori Sand Dunes Conan Airport,35.5301,134.165,65,AS,Japan,,Tottori,true,750
38621,TST,VTST,medium_airport,Trang Airport,7.5087,99.6166,67,AS,Thailand,,Trang,true,750
38680,TUG,RPUT,medium_airport,Tuguegarao Airport,17.6434,121.7332,70,AS,Philippines,,Tuguegarao City,true,750
39667,ULV,UWLL,medium_airport,Ulyanovsk Baratayevka Airport,54.2702,48.2256,449,EU,Russia,,Ulyanovsk,true,750
40666,VDM,SAVV,medium_airport,Gobernador Castello Airport,-40.8692,-63.0004,20,SA,Argentina,,Viedma / Carmen de Patagones,true,750
41304,VVC,SKVV,medium_airport,Vanguardia Airport,4.1679,-73.6138,1394,SA,Colombia,,Villavicencio,true,750
40842,VII,VVVH,medium_airport,Vinh Airport,18.7376,105.671,23,AS,Vietnam,,Vinh,true,750
30878,NTQ,RJNW,medium_airport,Noto Satoyama Airport,37.2931,136.962,718,AS,Japan,,Wajima,true,750
42327,WNR,YWDH,medium_airport,Windorah Airport,-25.4106,142.6684,452,OC,Australia,,Windorah,true,750
44659,YGJ,RJOH,medium_airport,Yonago Kitaro Airport / JASDF Miho Air Base,35.4922,133.236,20,AS,Japan,,Yonago,true,750
21555,GMR,NTGJ,medium_airport,Totegegie Airport,-23.0799,-134.89,7,OC,French Polynesia,,,true,750
29657,MVT,NTGV,medium_airport,Mataiva Airport,-14.8681,-148.717,11,OC,French Polynesia,,,true,750
38337,TKX,NTKR,medium_airport,Takaroa Airport,-14.4558,-145.025,13,OC,French Polynesia,,,true,750
38123,TEZ,VETZ,medium_airport,Tezpur Airport,26.7091,92.7847,240,AS,India,,,true,750
30665,NNT,VTCN,medium_airport,Nan Airport,18.8079,100.783,685,AS,Thailand,,,true,750
30200,NAW,VTSC,medium_airport,Narathiwat Airport,6.5199,101.743,16,AS,Thailand,,,true,750
31858,OKY,YBOK,medium_airport,Oakey Army Aviation Centre,-27.4093,151.7367,1335,OC,Australia,,,true,750
15213,BQL,YBOU,medium_airport,Boulia Airport,-22.9133,139.9,542,OC,Australia,,,true,750
16354,CMA,YCMU,medium_airport,Cunnamulla Airport,-28.03,145.622,630,OC,Australia,,,true,750
16391,CNB,YCNM,medium_airport,Coonamble Airport,-30.9809,148.3778,604,OC,Australia,,,true,750
27844,LHG,YLRD,medium_airport,Lightning Ridge Airport,-29.4529,147.9771,540,OC,Australia,,,true,750
27747,LER,YLST,medium_airport,Leinster Airport,-27.8433,120.703,1631,OC,Australia,,,true,750
29320,MMG,YMOG,medium_airport,Mount Magnet Airport,-28.1161,117.842,1354,OC,Australia,,,true,750
13678,AJY,DRZA,medium_airport,Mano Dayak International Airport,16.966,8.0001,1657,AF,Niger,,Agadez,true,750
13802,ANE,LFJR,medium_airport,Angers Marcé airport,47.5603,-0.3122,194,EU,France,,Angers,true,750
17510,DIE,FMNA,medium_airport,Arrachart Airport,-12.3494,49.2917,374,AF,Madagascar,,Antisiranana,true,750
14016,ATC,MYCA,medium_airport,Arthur's Town Airport,24.6294,-75.6738,18,NA,Bahamas,,Arthur's Town,true,750
13978,ASA,HHSB,medium_airport,Assab International Airport,13.0718,42.645,46,AF,Eritrea,,Assab,true,750
14209,AYP,SPHO,medium_airport,Air Force Colonel Alfredo Mendivil Duarte Airport,-13.1548,-74.2044,8917,SA,Peru,,Ayacucho,true,750
14899,BHV,OPBW,medium_airport,Bahawalpur Airport,29.3481,71.718,392,AS,Pakistan,,Bahawalpur,true,750
14698,BCA,MUBA,medium_airport,Gustavo Rizo Airport,20.3653,-74.5062,26,NA,Cuba,,Baracoa,true,750
14706,BCI,YBAR,medium_airport,Barcaldine Airport,-23.5663,145.3021,878,OC,Australia,,Barcaldine,true,750
15112,BNS,SVBI,medium_airport,Barinas Airport,8.615,-70.2142,615,SA,Venezuela,,Barinas,true,750
15288,BSO,RPUO,medium_airport,Basco Airport,20.4513,121.98,291,AS,Philippines,,Basco,true,750
14705,BCH,WPEC,medium_airport,Baucau Airport,-8.4865,126.4,1771,AS,Timor-Leste,,Baucau,true,750
15965,CBH,DAOR,medium_airport,Béchar Boudghene Ben Ali Lotfi Airport,31.6457,-2.2699,2661,AF,Algeria,,Béchar,true,750
24532,IXG,VOBM,medium_airport,Belagavi Airport,15.8593,74.6183,2487,AS,India,,Belgaum,true,750
14676,BBO,HCMI,medium_airport,Berbera Airport,10.385,44.9367,30,AF,Somalia,,Berbera,true,750
38212,THG,YTNG,medium_airport,Thangool Airport,-24.4949,150.578,644,OC,Australia,,Biloela,true,750
14931,BIR,VNVT,medium_airport,Biratnagar Airport,26.4815,87.264,236,AS,Nepal,,Biratnagar,true,750
39970,UUA,UWKB,medium_airport,Bugulma Airport,54.6412,52.8002,991,AS,Russia,,Bugulma,true,750
15944,CAW,SBCP,medium_airport,Bartolomeu Lisandro Airport,-21.6983,-41.3017,59,SA,Brazil,,Campos dos Goytacazes,true,750
33432,PSO,SKPS,medium_airport,Antonio Nariño Airport,1.3967,-77.2909,5951,SA,Colombia,,Chachagüí,true,750
16542,CRI,MYCI,medium_airport,Colonel Hill Airport,22.7456,-74.1824,5,NA,Bahamas,,Colonel Hill,true,750
16360,CMG,SBCR,medium_airport,Corumbá International Airport,-19.0119,-57.6728,463,SA,Brazil,,Corumbá,true,750
25649,JSH,LGST,medium_airport,Sitia Airport,35.2161,26.1013,376,EU,Greece,,Crete Island,true,750
16654,CUM,SVCU,medium_airport,Antonio José de Sucre Airport,10.4503,-64.1305,14,SA,Venezuela,,Cumaná,true,750
15972,CBO,RPMC,medium_airport,Cotabato (Awang) Airport,7.1648,124.2099,189,AS,Philippines,,Datu Odin Sinsuat,true,750
29216,MJK,YSHK,medium_airport,Shark Bay Airport,-25.8973,113.5758,111,OC,Australia,,Denham,true,750
17519,DIN,VVDB,medium_airport,Dien Bien Phu Airport,21.3975,103.008,1611,AS,Vietnam,,Dien Bien Phu,true,750
35481,RDL,,medium_airport,Bardawil International Airport,30.4107,33.1553,1060,AS,Egypt,,El Hassana,true,750
37174,SOM,SVST,medium_airport,San Tomé Airport,8.9451,-64.1511,861,SA,Venezuela,,El Tigre,true,750
40840,VIG,SVVG,medium_airport,Juan Pablo Pérez Alfonso Airport,8.6241,-71.6727,250,SA,Venezuela,,El Vigía,true,750
20186,FKQ,WASF,medium_airport,Fakfak Airport,-2.9205,132.267,462,AS,Indonesia,,Fakfak,true,750
20242,FMA,SARF,medium_airport,Formosa National Airport,-26.2127,-58.2281,193,SA,Argentina,,Formosa,true,750
21130,GAY,VEGY,medium_airport,Gaya Airport,24.7443,84.9512,380,AS,India,,Gaya,true,750
21507,GLF,MRGF,medium_airport,Golfito Airport,8.654,-83.1822,49,NA,Costa Rica,,Golfito,true,750
20539,FUJ,RJFE,medium_airport,Fukue Airport,32.6663,128.833,273,AS,Japan,,Goto,true,750
21151,GBJ,TFFM,medium_airport,Marie-Galante Airport,15.8689,-61.2701,16,NA,Guadeloupe,,Grand-Bourg,true,750
21120,GAO,MUGT,medium_airport,Mariana Grajales Airport,20.0853,-75.1583,56,NA,Cuba,,Guantánamo,true,750
27031,KUV,RKJK,medium_airport,Gunsan Airport / Gunsan Air Base,35.9038,126.616,29,AS,South Korea,,Gunsan,true,750
21909,GWL,VIGR,medium_airport,Gwalior Airport,26.2933,78.2278,617,AS,India,,Gwalior,true,750
22870,HNA,RJSI,medium_airport,Iwate Hanamaki Airport,39.4286,141.135,297,AS,Japan,,Hanamaki,true,750
23142,HUU,SPNC,medium_airport,Alferez Fap David Figueroa Fernandini Airport,-9.8788,-76.2048,6070,SA,Peru,,Huánuco,true,750
23738,IBE,SKIB,medium_airport,Perales Airport,4.4216,-75.1333,2999,SA,Colombia,,Ibagué,true,750
25659,JSR,VGJR,medium_airport,Jessore Airport,23.1838,89.1608,20,AS,Bangladesh,,Jashore (Jessore),true,750
26764,KNG,WASK,medium_airport,Utarom Airport,-3.6446,133.6951,19,AS,Indonesia,,Kaimana,true,750
27172,KYS,GAKD,medium_airport,Kayes Dag Dag Airport,14.4825,-11.3993,164,AF,Mali,,Kayes,true,750
17493,DHX,WARD,medium_airport,Dhoho International Airport,-7.7495,111.9468,380,AS,Indonesia,,Kediri,true,750
26945,KSH,OICC,medium_airport,Shahid Ashrafi Esfahani Airport,34.3459,47.1581,4307,AS,Iran,,Kermanshah,true,750
23161,HVD,ZMKD,medium_airport,Khovd Airport,47.9541,91.6282,4898,AS,Mongolia,,Khovd,true,750
26521,KGP,USRK,medium_airport,Kogalym International Airport,62.1904,74.5338,220,AS,Russia,,Kogalym,true,750
27107,KWZ,FZQM,medium_airport,Kolwezi Airport,-10.7659,25.5057,5007,AF,Democratic Republic of the Congo,,Kolwezi,true,750
26774,KNQ,NWWD,medium_airport,Koné Airport,-21.0536,164.8388,23,OC,New Caledonia,,Koné,true,750
27094,KWM,YKOW,medium_airport,Kowanyama Airport,-15.4854,141.7526,35,OC,Australia,,Kowanyama,true,750
25046,JBQ,MDJB,medium_airport,La Isabela International Airport,18.5725,-69.9856,98,NA,Dominican Republic,,La Isabela,true,750
24319,IRJ,SANL,medium_airport,Capitan V A Almonacid Airport,-29.3816,-66.7958,1437,SA,Argentina,,La Rioja,true,750
27642,LBU,WBKL,medium_airport,Labuan Airport,5.3017,115.2483,101,AS,Malaysia,,Labuan,true,750
28280,LTK,OSLK,medium_airport,Latakia International Airport,35.4011,35.9487,157,AS,Syria,,Latakia,true,750
28068,LNO,YLEO,medium_airport,Leonora Airport,-28.8781,121.315,1217,OC,Australia,,Leonora,true,750
41376,VXC,FQLC,medium_airport,Lichinga Airport,-13.274,35.2663,4505,AF,Mozambique,,Lichinga,true,750
27879,LIF,NWWL,medium_airport,Lifou Airport,-20.7746,167.2393,92,OC,New Caledonia,,Lifou,true,750
28136,LPK,UUOL,medium_airport,Lipetsk Airport,52.7028,39.5378,584,EU,Russia,,Lipetsk,true,750
28452,LYC,ESNL,medium_airport,Lycksele Airport,64.5483,18.7162,705,EU,Sweden,,Lycksele,true,750
29796,MZO,MUMZ,medium_airport,Sierra Maestra International Airport,20.2886,-77.0875,112,NA,Cuba,,Manzanillo,true,750
24499,IWJ,RJOW,medium_airport,Iwami Airport,34.6764,131.79,184,AS,Japan,,Masuda,true,750
37213,SPP,FNME,medium_airport,Menongue Airport,-14.6576,17.7198,4469,AF,Angola,,Menongue,true,750
29176,MIG,ZUMY,medium_airport,Mianyang Nanjiao Airport,31.4281,104.741,7874,AS,China,,Mianyang (Fucheng),true,750
29231,MJZ,UERR,medium_airport,Mirny Airport,62.5347,114.039,1156,AS,Russia,,Mirny,true,750
29402,MOQ,FMMV,medium_airport,Morondava Airport,-20.2847,44.3176,30,AF,Madagascar,,Morondava,true,750
16293,CKL,UUMU,medium_airport,Chkalovskiy Air Base,55.8783,38.0617,499,EU,Russia,,Moscow,true,750
29217,MJL,FOGM,medium_airport,Mouilla Ville Airport,-1.8451,11.0567,295,AF,Gabon,,Mouila,true,750
29154,MHU,YHOT,medium_airport,Mount Hotham Airport,-37.0475,147.334,4260,OC,Australia,,Mount Hotham,true,750
29768,MYW,HTMT,medium_airport,Mtwara Airport,-10.3362,40.182,371,AF,Tanzania,,Mtwara,true,750
29602,MUA,AGGM,medium_airport,Munda Airport,-8.328,157.263,10,OC,Solomon Islands,,Munda,true,750
46650,ZZU,FWUU,medium_airport,Mzuzu Airport,-11.4447,34.0118,4115,AF,Malawi,,Mzuzu,true,750
31054,NYM,USMM,medium_airport,Nadym Airport,65.4809,72.6989,49,AS,Russia,,Nadym,true,750
35519,REN,UWOO,medium_airport,Orenburg Central Airport,51.7927,55.4572,387,AS,Russia,,Orenburg,true,750
13667,AJN,FMCV,medium_airport,Ouani Airport,-12.131,44.43,62,AF,Comoros,,Ouani,true,750
32342,OYE,FOGO,medium_airport,Oyem Airport,1.5431,11.5814,2158,AF,Gabon,,Oyem,true,750
32776,PAG,RPMP,medium_airport,Pagadian Airport,7.8256,123.4596,5,AS,Philippines,,Pagadian,true,750
32951,PFB,SBPF,medium_airport,Lauro Kurtz Airport,-28.244,-52.3278,2380,SA,Brazil,,Passo Fundo,true,750
33218,PMQ,SAWP,medium_airport,Perito Moreno Jalil Hamer Airport,-46.5379,-70.9787,1410,SA,Argentina,,Perito Moreno,true,750
32809,PBD,VAPR,medium_airport,Porbandar Airport,21.6495,69.6564,23,AS,India,,Porbandar,true,750
32878,PDA,SKPD,medium_airport,Obando Cesar Gaviria Trujillo Airport,3.8535,-67.9062,460,SA,Colombia,,Puerto Inírida,true,750
24286,IQM,ZWCM,medium_airport,Qiemo Yudu Airport,38.2345,85.4655,0,AS,China,,Qiemo,true,750
39539,UIB,SKUI,medium_airport,El Caraño Airport,5.6908,-76.6412,204,SA,Colombia,,Quibdó,true,750
35699,RJN,OIKR,medium_airport,Rafsanjan Airport,30.2983,56.049,5298,AS,Iran,,Rafsanjan,true,750
35693,RJH,VGRJ,medium_airport,Shah Makhdum Airport,24.4372,88.6165,64,AS,Bangladesh,,Rajshahi,true,750
35380,RAS,OIGG,medium_airport,Sardar-e-Jangal Airport,37.3233,49.6178,-40,AS,Iran,,Rasht,true,750
35668,RIS,RJER,medium_airport,Rishiri Airport,45.242,141.186,112,AS,Japan,,Rishiri,true,750
37201,SPD,VGSD,medium_airport,Saidpur Airport,25.7592,88.9089,125,AS,Bangladesh,,Saidpur,true,750
36986,SJE,SKSJ,medium_airport,Jorge E. Gonzalez Torres Airport,2.5797,-72.6394,605,SA,Colombia,,San José Del Guaviare,true,750
13510,AFA,SAMR,medium_airport,Suboficial Ay Santiago Germano Airport,-34.5883,-68.4039,2470,SA,Argentina,,San Rafael,true,750
36770,SDE,SANE,medium_airport,Vicecomodoro Angel D. La Paz Aragonés Airport,-27.7656,-64.31,656,SA,Argentina,,Santiago del Estero,true,750
38317,TKD,DGTK,medium_airport,Takoradi Airport,4.8961,-1.7748,21,AF,Ghana,,Sekondi-Takoradi,true,750
33152,PKW,FBSP,medium_airport,Selebi Phikwe Airport,-22.0583,27.8288,2925,AF,Botswana,,Selebi Phikwe,true,750
36838,SFA,DTTX,medium_airport,Sfax Thyna International Airport,34.718,10.691,85,AF,Tunisia,,Sfax,true,750
36932,SHW,OESH,medium_airport,Sharurah Domestic Airport,17.4669,47.1214,2363,AS,Saudi Arabia,,Sharurah,true,750
36922,SHM,RJBD,medium_airport,Nanki Shirahama Airport,33.6622,135.364,298,AS,Japan,,Shirahama,true,750
37497,SXL,EISG,medium_airport,Sligo Airport,54.2802,-8.5992,11,EU,Ireland,,Sligo,true,750
43788,XSC,MBSC,medium_airport,South Caicos Airport,21.5157,-71.5285,6,NA,Turks and Caicos Islands,,South Caicos,true,750
37248,SQO,ESUD,medium_airport,Storuman Airport,64.9609,17.6966,915,EU,Sweden,,Storuman,true,750
37999,TBJ,DTKA,medium_airport,Tabarka-Aïn Draham International Airport,36.98,8.8769,230,AF,Tunisia,,Tabarka,true,750
38829,TYL,SPYL,medium_airport,Captain Victor Montes Arias International Airport,-4.5766,-81.2541,282,SA,Peru,,Talara,true,750
38068,TDG,RPMW,medium_airport,Tandag Airport,9.072,126.1713,16,AS,Philippines,,Tandag,true,750
38278,TJA,SLTJ,medium_airport,Capitan Oriel Lea Plaza Airport,-21.5557,-64.7013,6079,SA,Bolivia,,Tarija,true,750
38644,TTG,SAST,medium_airport,General Enrique Mosconi Airport,-22.6169,-63.793,1472,SA,Argentina,,Tartagal,true,750
38395,TMJ,UZST,medium_airport,Termez Airport,37.2873,67.3119,1027,AS,Uzbekistan,,Termez,true,750
20514,FTU,FMSD,medium_airport,Tôlanaro Airport,-25.0381,46.9561,29,AF,Madagascar,,Tôlanaro,true,750
38354,TLE,FMST,medium_airport,Toliara Airport,-23.3834,43.7285,29,AF,Madagascar,,Toliara,true,750
38187,TGR,DAUK,medium_airport,Touggourt Sidi Madhi Airport,33.0678,6.0887,279,AF,Algeria,,Touggourt,true,750
38425,TND,MUTD,medium_airport,Alberto Delgado Airport,21.7883,-79.9972,125,NA,Cuba,,Trinidad,true,750
38611,TSJ,RJDT,medium_airport,Tsushima Airport,34.2849,129.331,213,AS,Japan,,Tsushima,true,750
38249,TIH,NTGC,medium_airport,Tikehau Airport,-15.1196,-148.231,6,OC,French Polynesia,,Tuherahera,true,750
38005,TBP,SPME,medium_airport,Captain Pedro Canga Rodríguez International Airport,-3.5521,-80.3811,115,SA,Peru,,Tumbes,true,750
26924,KRW,UTAK,medium_airport,Turkmenbaşy International Airport,40.0628,53.0051,279,AS,Turkmenistan,,Turkmenbaşy,true,750
39295,UBJ,RJDC,medium_airport,Yamaguchi Ube Airport,33.93,131.279,23,AS,Japan,,Ube,true,750
39803,UPN,MMPN,medium_airport,Uruapan - Licenciado y General Ignacio Lopez Rayon International Airport,19.3967,-102.039,5258,NA,Mexico,,Uruapan,true,750
42582,WUU,HSWW,medium_airport,Wau Airport,7.7258,27.975,1529,AF,South Sudan,,Wau,true,750
41993,WEH,ZSWH,medium_airport,Weihai Dashuibo Airport,37.1871,122.229,145,AS,China,,Weihai,true,750
42104,WHK,NZWK,medium_airport,Whakatāne Airport,-37.9222,176.917,20,OC,New Zealand,,Whakatāne,true,750
28145,LPT,VTCL,medium_airport,Lampang Airport,18.2709,99.5042,811,AS,Thailand,,,true,750
37140,SNO,VTUI,medium_airport,Sakon Nakhon Airport,17.1951,104.119,529,AS,Thailand,,,true,750
28094,LOE,VTUL,medium_airport,Loei Airport,17.4391,101.722,860,AS,Thailand,,,true,750
39661,ULP,YQLP,medium_airport,Quilpie Airport,-26.6092,144.2537,655,OC,Australia,,,true,750
42575,WUN,YWLU,medium_airport,Wiluna Airport,-26.6292,120.221,1649,OC,Australia,,,true,750
36099,RUR,NTAR,medium_airport,Rurutu Airport,-22.4341,-151.361,18,OC,French Polynesia,,,true,750
43577,XMH,NTGI,medium_airport,Manihi Airport,-14.4368,-146.07,14,OC,French Polynesia,,,true,750
38329,TKP,NTGT,medium_airport,Takapoto Airport,-14.7095,-145.246,12,OC,French Polynesia,,,true,750
14175,AXR,NTGU,medium_airport,Arutua Airport,-15.2483,-146.617,9,OC,French Polynesia,,,true,750
28902,MAU,NTTP,medium_airport,Maupiti Airport,-16.4265,-152.244,15,OC,French Polynesia,,,true,750
29752,MYG,MYMM,medium_airport,Mayaguana Airport,22.3795,-73.0135,11,NA,Bahamas,,Abraham Bay Settlement,true,750
13567,AGV,SVAC,medium_airport,Oswaldo Guevara Mujica Airport,9.5534,-69.2379,640,SA,Venezuela,,Acarigua,true,750
13662,AJI,LTCO,medium_airport,Ağrı Airport,39.6556,43.0257,5462,AS,Turkey,,Ağrı,true,750
13354,AAY,OYGD,medium_airport,Al Ghaydah International Airport,16.1933,52.1742,134,AS,Yemen,,Al Ghaydah,true,750
18845,EJH,OEWJ,medium_airport,Al Wajh Domestic Airport,26.1986,36.4764,66,AS,Saudi Arabia,,Al Wajh,true,750
42212,WKK,,medium_airport,Aleknagik / New Airport,59.2826,-158.618,66,NA,United States,,Aleknagik,true,750
38327,TKN,RJKN,medium_airport,Tokunoshima Airport,27.8364,128.8814,17,AS,Japan,,Amagi,true,750
14243,AZN,UZFA,medium_airport,Andijan International Airport,40.7277,72.294,1515,AS,Uzbekistan,,Andijan,true,750
14052,AUC,SKUC,medium_airport,Santiago Perez Airport,7.0689,-70.7369,420,SA,Colombia,,Arauca,true,750
13458,ADU,OITL,medium_airport,Ardabil Airport,38.3257,48.4244,4315,AS,Iran,,Ardabil,true,750
13992,ASO,HASO,medium_airport,Asosa Airport,10.0185,34.5863,5100,AF,Ethiopia,,Asosa,true,750
15276,BSC,SKBS,medium_airport,José Celestino Mutis Airport,6.2029,-77.3947,80,SA,Colombia,,Bahía Solano,true,750
40998,VMU,AYBA,medium_airport,Baimuru Airport,-7.497,144.8218,27,OC,Papua New Guinea,,Baimuru,true,750
32034,OPU,AYBM,medium_airport,Balimo Airport,-8.05,142.933,51,OC,Papua New Guinea,,Balimo,true,750
15471,BXR,OIKM,medium_airport,Bam Airport,29.0842,58.45,3231,AS,Iran,,Bam,true,750
14741,BDH,OIBL,medium_airport,Bandar Lengeh International Airport,26.5323,54.8248,67,AS,Iran,,Bandar Lengeh,true,750
15189,BPX,ZUBD,medium_airport,Qamdo Bangda Airport,30.5536,97.1083,14219,AS,China,,Bangda,true,750
18838,EJA,SKEJ,medium_airport,Yariguíes Airport,7.0243,-73.8068,412,SA,Colombia,,Barrancabermeja,true,750
15503,BYN,ZMBH,medium_airport,Bayankhongor Airport,46.1633,100.704,6085,AS,Mongolia,,Bayankhongor,true,750
31715,OGZ,URMO,medium_airport,Vladikavkaz Beslan International Airport,43.2051,44.6066,1673,EU,Russia,,Beslan,true,750
15359,BUN,SKBU,medium_airport,Gerardo Tobar López Airport,3.8196,-76.9898,48,SA,Colombia,,Buenaventura,true,750
15974,CBQ,DNCA,medium_airport,Margaret Ekpo International Airport,4.976,8.3472,210,AF,Nigeria,,Calabar,true,750
16657,CUP,SVCP,medium_airport,General Francisco Bermúdez Airport,10.66,-63.2617,33,SA,Venezuela,,Carúpano,true,750
16197,CHX,MPCH,medium_airport,Changuinola Captain Manuel Niño International Airport,9.459,-82.5151,19,NA,Panama,,Changuinola,true,750
16594,CSY,UWKS,medium_airport,Cheboksary Airport,56.0903,47.3473,558,AS,Russia,,Cheboksary,true,750
39670,ULY,UWLW,medium_airport,Ulyanovsk Vostochny Airport,54.401,48.8027,252,AS,Russia,,Cherdakly,true,750
16215,CIF,ZBCF,medium_airport,Chifeng Yulong Airport,42.1597,118.841,2018,AS,China,,Chifeng,true,750
16257,CJL,OPCH,medium_airport,Chitral Airport,35.8862,71.7999,4920,AS,Pakistan,,Chitral,true,750
16609,CTD,MPCE,medium_airport,Alonso Valderrama Airport,7.9878,-80.4098,33,NA,Panama,,Chitré,true,750
16219,CIJ,SLCO,medium_airport,Capitán Aníbal Arab Airport,-11.0391,-68.7828,889,SA,Bolivia,,Cobija,true,750
16842,CZU,SKCZ,medium_airport,Las Brujas Airport,9.3327,-75.2856,528,SA,Colombia,,Corozal,true,750
32175,OTR,MRCC,medium_airport,Coto 47 Airport,8.6016,-82.9688,26,NA,Costa Rica,,Corredores,true,750
16406,CNQ,SARC,medium_airport,Corrientes Airport,-27.4455,-58.7619,202,SA,Argentina,,Corrientes,true,750
27810,LGI,MYLD,medium_airport,Deadman's Cay Airport,23.179,-75.0936,9,NA,Bahamas,,Deadman's Cay,true,750
17387,DEZ,OSDZ,medium_airport,Deir ez-Zor Airport,35.2854,40.176,700,AS,Syria,,Deir ez-Zor,true,750
19179,ESR,SCES,medium_airport,Ricardo García Posada Airport,-26.3111,-69.7652,5240,SA,Chile,,El Salvador,true,750
19173,ESL,URWI,medium_airport,Elista Airport,46.3739,44.3309,501,EU,Russia,,Elista,true,750
18949,EMD,YEML,medium_airport,Emerald Airport,-23.5675,148.179,624,OC,Australia,,Emerald,true,750
42030,WFI,FMSF,medium_airport,Fianarantsoa Airport,-21.4416,47.1117,3658,AF,Madagascar,,Fianarantsoa,true,750
30970,NWA,FMCI,medium_airport,Mohéli Bandar Es Eslam Airport,-12.2981,43.7665,46,AF,Comoros,,Fomboni,true,750
33677,PZH,OPZB,medium_airport,Zhob Airport,31.3584,69.4636,4728,AS,Pakistan,,Fort Sandeman,true,750
21539,GMB,HAGM,medium_airport,Gambela Airport,8.1288,34.5631,1614,AF,Ethiopia,,Gambela,true,750
45966,ZGU,NVSQ,medium_airport,Gaua Island Airport,-14.2181,167.587,100,OC,Vanuatu,,Gaua Island,true,750
21538,GMA,FZFK,medium_airport,Gemena Airport,3.2354,19.7713,1378,AF,Democratic Republic of the Congo,,Gemena,true,750
28273,LTD,HLTD,medium_airport,Ghadames Airport,30.1455,9.7021,1122,AF,Libya,,Ghadames,true,750
21218,GDE,HAGO,medium_airport,Gode Airport,5.9351,43.5786,834,AF,Ethiopia,,Gode,true,750
21654,GPI,SKGP,medium_airport,Guapi Airport,2.5701,-77.898,164,SA,Colombia,,Guapi,true,750
23026,HRM,DAFH,medium_airport,Hassi R'Mel Airport,32.9304,3.3115,2540,AF,Algeria,,Hassi R'Mel,true,750
22556,HEK,ZYHE,medium_airport,Heihe Aihui Airport,50.1716,127.3089,1047,AS,China,,Heihe,true,750
22487,HCN,RCKW,medium_airport,Hengchun Airport,22.0411,120.73,46,AS,Taiwan,,Hengchun,true,750
21574,GNA,UMMG,medium_airport,Hrodna Airport,53.602,24.0538,443,EU,Belarus,,Hrodna,true,750
23061,HSL,PAHL,medium_airport,Huslia Airport,65.6979,-156.351,220,NA,United States,,Huslia,true,750
23698,IAA,UOII,medium_airport,Igarka Airport,67.4372,86.6219,82,AS,Russia,,Igarka,true,750
41327,VVZ,DAAP,medium_airport,Illizi Takhamalt Airport,26.7235,8.6227,1778,AF,Algeria,,Illizi,true,750
23710,IAM,DAUZ,medium_airport,Zarzaitine - In Aménas Airport,28.0515,9.6429,1847,AF,Algeria,,In Aménas,true,750
24246,IPI,SKIP,medium_airport,San Luis Airport,0.8619,-77.6718,9765,SA,Colombia,,Ipiales,true,750
24325,IRP,FZJH,medium_airport,Matari Airport,2.8276,27.5883,2438,AF,Democratic Republic of the Congo,,Isiro,true,750
25294,JIM,HAJM,medium_airport,Jimma Airport,7.6661,36.8166,5500,AF,Ethiopia,,Jimma,true,750
25786,JWA,FBJW,medium_airport,Jwaneng Airport,-24.6023,24.691,3900,AF,Botswana,,Jwaneng,true,750
26726,KME,HRZA,medium_airport,Kamembe Airport,-2.4622,28.9079,5192,AF,Rwanda,,Kamembe,true,750
26949,KSL,HSKA,medium_airport,Kassala Airport,15.3875,36.3288,1671,AF,Sudan,,Kassala,true,750
26312,KAW,VYKT,medium_airport,Kawthoung Airport,10.0493,98.538,180,AS,Myanmar,,Kawthoung,true,750
26453,KET,VYKG,medium_airport,Kengtung Airport,21.3016,99.636,2798,AS,Myanmar,,Kengtung,true,750
26560,KHS,OOKB,medium_airport,Khasab Airport,26.171,56.2406,100,AS,Oman,,Khasab,true,750
23092,HTG,UOHH,medium_airport,Khatanga Airport,71.9781,102.491,95,AS,Russia,,Khatanga,true,750
26672,KKW,FZCA,medium_airport,Kikwit Airport,-5.0358,18.7856,1572,AF,Democratic Republic of the Congo,,Kikwit,true,750
26724,KMC,OEKK,medium_airport,King Khaled Military City Airport,27.9009,45.5282,1352,AS,Saudi Arabia,,King Khaled Military City,true,750
26693,KLH,VAKP,medium_airport,Kolhapur Airport,16.6647,74.2894,1996,AS,India,,Kolhapur,true,750
26913,KRL,ZWKL,medium_airport,Korla Licheng Airport,41.615,86.1408,3041,AS,China,,Korla,true,750
26814,KOU,FOGK,medium_airport,Koulamoutou Mabimbi Airport,-1.1846,12.4413,1070,AF,Gabon,,Koulamoutou,true,750
27198,KZI,LGKZ,medium_airport,Kozani National Airport Filippos,40.2861,21.8408,2059,EU,Greece,,Kozani,true,750
13695,AKF,HLKF,medium_airport,Kufra Airport,24.1787,23.314,1367,AF,Libya,,Kufra,true,750
41250,VTU,MUVT,medium_airport,Hermanos Ameijeiras Airport,20.9876,-76.9358,328,NA,Cuba,,Las Tunas,true,750
28241,LSH,VYLS,medium_airport,Lashio Airport,22.9779,97.7522,2450,AS,Myanmar,,Lashio,true,750
29026,MEA,SBME,medium_airport,Macaé Benedito Lacerda Airport,-22.343,-41.766,8,SA,Brazil,,Macaé,true,750
29517,MRX,OIAM,medium_airport,Mahshahr Airport,30.5562,49.1519,8,AS,Iran,,Mahshahr,true,750
29257,MKP,NTGM,medium_airport,Makemo Airport,-16.5839,-143.658,3,OC,French Polynesia,,Makemo,true,750
29262,MKU,FOOK,medium_airport,Makokou Airport,0.5792,12.8909,1726,AF,Gabon,,Makokou,true,750
29032,MEG,FNMA,medium_airport,Malanje Airport,-9.5251,16.3124,3868,AF,Angola,,Malanje,true,750
29748,MYC,SVBS,medium_airport,Escuela Mariscal Sucre Airport,10.25,-67.6494,1338,SA,Venezuela,,Maracay,true,750
29030,MEE,NWWR,medium_airport,Maré Airport,-21.4824,168.0385,141,OC,New Caledonia,,Maré,true,750
19168,ESG,SGME,medium_airport,Dr. Luis María Argaña International Airport,-22.0465,-60.6217,553,SA,Paraguay,,Mariscal Estigarribia,true,750
29552,MSW,HHMS,medium_airport,Massawa International Airport,15.67,39.3701,194,AF,Eritrea,,Massawa,true,750
29000,MDK,FZEA,medium_airport,Mbandaka Airport,0.0226,18.2887,1040,AF,Democratic Republic of the Congo,,Mbandaka,true,750
21262,GEM,FGMY,medium_airport,President Obiang Nguema International Airport,1.6764,11.0249,2165,AF,Equatorial Guinea,,Mengomeyén,true,750
29722,MXM,FMSR,medium_airport,Morombe Airport,-21.7538,43.3748,16,AF,Madagascar,,Morombe,true,750
29474,MQQ,FTTD,medium_airport,Moundou Airport,8.6285,16.0742,1407,AF,Chad,,Moundou,true,750
30398,NGE,FKKN,medium_airport,N'Gaoundéré Airport,7.357,13.5592,3655,AF,Cameroon,,N'Gaoundéré,true,750
30845,NST,VTSF,medium_airport,Nakhon Si Thammarat Airport,8.5396,99.9447,13,AS,Thailand,,Nakhon Si Thammarat,true,750
30790,NRA,YNAR,medium_airport,Narrandera Airport,-34.7022,146.512,474,OC,Australia,,Narrandera,true,750
30942,NVI,UZSA,medium_airport,Navoi International Airport,40.1176,65.1727,1140,AS,Uzbekistan,,Navoi,true,750
30934,NVA,SKNV,medium_airport,Benito Salas Airport,2.9501,-75.294,1464,SA,Colombia,,Neiva,true,750
30250,NCA,MBNC,medium_airport,North Caicos Airport,21.9161,-71.943,10,NA,Turks and Caicos Islands,,North Caicos,true,750
30833,NSH,OINN,medium_airport,Nowshahr Airport,36.6643,51.4627,-61,AS,Iran,,Nowshahr,true,750
31740,OHO,UHOO,medium_airport,Okhotsk Airport,59.4101,143.0565,45,AS,Russia,,Okhotsk,true,750
31842,OKI,RJNO,medium_airport,Oki Global Geopark Airport,36.1784,133.3236,311,AS,Japan,,Okinoshima,true,750
22914,HOI,NTTO,medium_airport,Hao Airport,-18.0748,-140.946,10,OC,French Polynesia,,Otepa,true,750
40010,UVE,NWWV,medium_airport,Ouvéa Airport,-20.6409,166.573,23,OC,New Caledonia,,Ouvéa,true,750
33100,PJG,OPPG,medium_airport,Panjgur Airport,26.9545,64.1325,3289,AS,Pakistan,,Panjgur,true,750
33426,PSI,OPPI,medium_airport,Pasni Airport,25.2905,63.3451,33,AS,Pakistan,,Pasni,true,750
32932,PES,ULPB,medium_airport,Petrozavodsk Airport,61.8852,34.1547,151,EU,Russia,,Petrozavodsk,true,750
14709,BCL,MRBC,medium_airport,Barra del Colorado Airport,10.7687,-83.5856,3,NA,Costa Rica,,Pococi,true,750
33323,PPN,SKPP,medium_airport,Guillermo León Valencia Airport,2.4544,-76.6093,5687,SA,Colombia,,Popayán,true,750
37130,SNE,GVSN,medium_airport,Preguiça Airport,16.5889,-24.2841,669,AF,Cape Verde,,Preguiça,true,750
33510,PUU,SKAS,medium_airport,Tres De Mayo Airport,0.5052,-76.5008,815,SA,Colombia,,Puerto Asís,true,750
32859,PCR,SKPC,medium_airport,German Olano Airport,6.1847,-67.4932,177,SA,Colombia,,Puerto Carreño,true,750
33438,PSU,WIOP,medium_airport,Pangsuma Airport,0.8346,112.9402,297,AS,Indonesia,,Putussibau-Borneo Island,true,750
26292,KAC,OSKL,medium_airport,Qamishli International Airport,37.0206,41.1914,1480,AS,Syria,,Qamishli,true,750
36236,RYK,OPRK,medium_airport,Shaikh Zaid Airport,28.3839,70.2796,271,AS,Pakistan,,Rahim Yar Khan,true,750
26667,KKR,NTGK,medium_airport,Kaukura Airport,-15.6633,-146.885,11,OC,French Polynesia,,Raitahiti,true,750
39731,UNN,VTSR,medium_airport,Ranong Airport,9.7776,98.5855,57,AS,Thailand,,Ranong,true,750
35874,ROI,VTUV,medium_airport,Roi Et Airport,16.1168,103.774,451,AS,Thailand,,Roi Et,true,750
36785,SDT,OPSS,medium_airport,Saidu Sharif Airport,34.8136,72.3528,3183,AS,Pakistan,,Saidu Sharif,true,750
43552,XLS,GOSS,medium_airport,Saint Louis Airport,16.0498,-16.461,9,AF,Senegal,,Saint Louis,true,750
37078,SLY,USDD,medium_airport,Salekhard Airport,66.5908,66.611,218,AS,Russia,,Salekhard,true,750
37415,SVB,FMNS,medium_airport,Sambava Airport,-14.2786,50.1747,20,AF,Madagascar,,Sambava,true,750
19250,EUQ,RPVS,medium_airport,Evelio Javier Airport,10.7666,121.9325,23,AS,Philippines,,San Jose,true,750
28322,LUQ,SAOU,medium_airport,Brigadier Mayor D Cesar Raul Ojeda Airport,-33.2732,-66.3564,2328,SA,Argentina,,San Luis,true,750
37294,SRY,OINZ,medium_airport,Sari Dasht-e Naz International Airport,36.6444,53.1888,35,AS,Iran,,Sari,true,750
36921,SHL,VEBI,medium_airport,Shillong Airport,25.7036,91.9787,2910,AS,India,,Shillong,true,750
16794,CYI,RCKU,medium_airport,Chiayi Airport,23.4626,120.3905,85,AS,Taiwan,,Shuishang,true,750
37112,SMW,GMMA,medium_airport,Smara Airport,26.732,-11.6837,350,AF,Western Sahara (disputed territory),,Smara,true,750
37289,SRT,HUSO,medium_airport,Soroti Airport,1.7277,33.6228,3697,AF,Uganda,,Soroti,true,750
14173,AXP,MYAP,medium_airport,Spring Point Airport,22.4418,-73.9709,11,NA,Bahamas,,Spring Point,true,750
37962,TAI,OYTZ,medium_airport,Taiz International Airport,13.686,44.1391,4838,AS,Yemen,,Taiz,true,750
38677,TUD,GOTT,medium_airport,Tambacounda Airport,13.7368,-13.6531,161,AF,Senegal,,Tambacounda,true,750
38390,TME,SKTM,medium_airport,Gustavo Vargas Airport,6.4511,-71.7603,1050,SA,Colombia,,Tame,true,750
38189,TGT,HTTG,medium_airport,Tanga Airport,-5.0924,39.0712,129,AF,Tanzania,,Tanga,true,750
38102,TEE,DABS,medium_airport,Cheikh Larbi Tébessi Airport,35.4316,8.1207,2661,AF,Algeria,,Tébessi,true,750
43828,XTG,YTGM,medium_airport,Thargomindah Airport,-27.9864,143.8121,433,OC,Australia,,Thargomindah,true,750
38478,TOU,NWWU,medium_airport,Touho Airport,-20.7901,165.2595,10,OC,New Caledonia,,Touho,true,750
38482,TOY,RJNT,medium_airport,Toyama Kitokito Airport,36.6484,137.1874,95,AS,Japan,,Toyama,true,750
38040,TCO,SKCO,medium_airport,La Florida Airport,1.8144,-78.7492,8,SA,Colombia,,Tumaco,true,750
37991,TBB,VVTH,medium_airport,Dong Tac Airport,13.0496,109.334,20,AS,Vietnam,,Tuy Hoa,true,750
31913,OMH,OITR,medium_airport,Urmia Airport,37.6681,45.0687,4343,AS,Iran,,Urmia,true,750
40963,VLV,SVVL,medium_airport,Dr. Antonio Nicolás Briceño Airport,9.3405,-70.5841,2060,SA,Venezuela,,Valera,true,750
41281,VUP,SKVP,medium_airport,Alfonso López Pumarejo Airport,10.435,-73.2495,483,SA,Colombia,,Valledupar,true,750
29328,MMO,GVMA,medium_airport,Maio Airport,15.1559,-23.2137,36,AF,Cape Verde,,Vila do Maio,true,750
41160,VRC,RPUV,medium_airport,Virac Airport,13.5764,124.206,121,AS,Philippines,,Virac,true,750
37108,SMS,FMMS,medium_airport,Sainte Marie Airport,-17.0939,49.8158,7,AF,Madagascar,,Vohilava,true,750
42186,WJU,RKNW,medium_airport,Wonju Airport / Hoengseong Air Base (K-38/K-46),37.4371,127.9601,329,AS,South Korea,,Wonju,true,750
43437,XIL,ZBXH,medium_airport,Xilinhot Airport,43.9156,115.964,0,AS,China,,Xilinhot,true,750
44448,YAO,FKKY,medium_airport,Yaoundé Ville Airport,3.836,11.5235,2464,AF,Cameroon,,Yaoundé,true,750
44949,YOL,DNYO,medium_airport,Yola Airport,9.2576,12.4304,599,AF,Nigeria,,Yola,true,750
31703,OGN,ROYN,medium_airport,Yonaguni Airport,24.4673,122.9798,70,AS,Japan,,Yonaguni,true,750
19393,EYP,SKYP,medium_airport,El Alcaravan - Yopal Airport,5.3191,-72.384,1028,SA,Colombia,,Yopal,true,750
46024,ZIG,GOGG,medium_airport,Ziguinchor Airport,12.5556,-16.2833,75,AF,Senegal,,Ziguinchor,true,750
46201,ZND,DRZR,medium_airport,Zinder Airport,13.779,8.9838,1516,AF,Niger,,Zinder,true,750
15041,BLT,YBTR,medium_airport,Blackwater Airport,-23.6031,148.807,657,OC,Australia,,,true,750
38675,TUB,NTAT,medium_airport,Tubuai Airport,-23.3654,-149.524,7,OC,French Polynesia,,,true,750
19831,FAV,NTGF,medium_airport,Fakarava Airport,-16.0541,-145.657,13,OC,French Polynesia,,,true,750
26545,KHD,OICK,medium_airport,Khoram Abad Airport,33.4354,48.2829,3782,AS,Iran,,,true,750
36772,SDG,OICS,medium_airport,Sanandaj Airport,35.2459,47.0092,4522,AS,Iran,,,true,750
13443,ADF,LTCP,medium_airport,Adıyaman Airport,37.7314,38.4689,2216,AS,Turkey,,Adıyaman,true,750
13710,AKU,ZWAK,medium_airport,Aksu Hongqipo Airport,41.2625,80.2917,3816,AS,China,,Aksu (Onsu),true,750
13330,AAA,NTGA,medium_airport,Anaa Airport,-17.3526,-145.51,10,OC,French Polynesia,,Anaa,true,750
23158,HVA,FMNL,medium_airport,Analalava Airport,-14.6295,47.7636,345,AF,Madagascar,,Analalava,true,750
13810,ANM,FMNH,medium_airport,Antsirabe Airport,-14.9994,50.3202,20,AF,Madagascar,,Antsirabe,true,750
41850,WAI,FMNW,medium_airport,Ambalabe Airport,-14.8988,47.9939,92,AF,Madagascar,,Antsohihy,true,750
14999,BKN,UTAN,medium_airport,Balkanabat International Airport,39.6811,54.206,-26,AS,Turkmenistan,,Balkanabat,true,750
19938,FDU,FZBO,medium_airport,Bandundu Airport,-3.3113,17.3817,1063,AF,Democratic Republic of the Congo,,Bandundu,true,750
14674,BBM,VDBG,medium_airport,Battambang Airport,13.0956,103.224,59,AS,Cambodia,,Battambang,true,750
15502,BYM,MUBY,medium_airport,Carlos Manuel de Cespedes Airport,20.3964,-76.6214,203,NA,Cuba,,Bayamo,true,750
18744,EGO,UUOB,medium_airport,Belgorod International Airport,50.6438,36.5901,735,EU,Russia,,Belgorod,true,750
15190,BPY,FMNQ,medium_airport,Besalampy Airport,-16.7445,44.4825,125,AF,Madagascar,,Besalampy,true,750
14951,BJB,OIMN,medium_airport,Bojnord Airport,37.493,57.3082,3499,AS,Iran,,Bojnord,true,750
14827,BFV,VTUO,medium_airport,Buri Ram Airport,15.2295,103.253,590,AS,Thailand,,Buriram,true,750
16536,CRC,SKGO,medium_airport,Santa Ana Airport,4.7582,-75.9557,2979,SA,Colombia,,Cartago,true,750
16546,CRM,RPVF,medium_airport,Catarman National Airport,12.5016,124.6353,6,AS,Philippines,,Catarman,true,750
16186,CHM,SPEO,medium_airport,FAP Lieutenant Jaime Andres de Montreuil Morales Airport,-9.1496,-78.5238,69,SA,Peru,,Chimbote,true,750
17332,DDG,ZYDD,medium_airport,Dandong Langtou International Airport,40.0255,124.2867,30,AS,China,,Dandong (Zhenxing),true,750
17876,DSK,OPDI,medium_airport,Dera Ismael Khan Airport [IN-ACTIVE],31.9094,70.8966,594,AS,Pakistan,,Dera Ismael Khan,true,750
17670,DMU,VEMR,medium_airport,Dimapur Airport,25.8839,93.7711,487,AS,India,,Dimapur,true,750
18987,ENF,EFET,medium_airport,Enontekio Airport,68.3626,23.4243,1005,EU,Finland,,Enontekio,true,750
26381,KCT,VCCK,medium_airport,Koggala Airport,5.9937,80.3203,10,AS,Sri Lanka,,Galle,true,750
14753,BDT,FZFD,medium_airport,Gbadolite Airport,4.2527,20.9753,1509,AF,Democratic Republic of the Congo,,Gbadolite,true,750
21542,GME,UMGG,medium_airport,Gomel Airport,52.527,31.0167,472,EU,Belarus,,Gomel,true,750
21988,GYS,ZUGU,medium_airport,Guangyuan Panlong Airport,32.3903,105.6946,0,AS,China,,Guangyuan (Lizhou),true,750
18930,ELU,DAUO,medium_airport,Guemar Airport - مطار قمار بالوادي,33.5114,6.7768,203,AF,Algeria,,Guemar,true,750
39666,ULU,HUGU,medium_airport,Gulu Airport,2.8056,32.2718,3510,AF,Uganda,,Gulu,true,750
26410,KDM,VRMT,medium_airport,Kaadedhdhoo Airport,0.4881,72.9969,2,AS,Maldives,,Huvadhu Atoll,true,750
25446,JMU,ZYJM,medium_airport,Jiamusi Songjiang International Airport,46.8428,130.4643,262,AS,China,,Jiamusi,true,750
25509,JOL,RPMJ,medium_airport,Jolo Airport,6.0537,121.011,118,AS,Philippines,,Jolo,true,750
26412,KDO,VRMK,medium_airport,Kadhdhoo Airport,1.8592,73.5219,4,AS,Maldives,,Kadhdhoo,true,750
26374,KCM,LTCN,medium_airport,Kahramanmaraş Airport,37.5388,36.9535,1723,AS,Turkey,,Kahramanmaraş,true,750
27128,KXK,UHKK,medium_airport,Komsomolsk-on-Amur Airport,50.409,136.934,92,AS,Russia,,Komsomolsk-on-Amur,true,750
27088,KWG,UKDR,medium_airport,Kryvyi Rih International Airport,48.0433,33.21,408,EU,Ukraine,,Kryvyi Rih,true,750
39408,UEO,ROKJ,medium_airport,Kumejima Airport,26.3634,126.7138,23,AS,Japan,,Kumejima,true,750
27169,KYP,VYKP,medium_airport,Kyaukpyu Airport,19.4264,93.5348,20,AS,Myanmar,,Kyaukpyu,true,750
28215,LRR,OISL,medium_airport,Lar Airport,27.6747,54.3833,2641,AS,Iran,,Lar,true,750
28488,LZC,MMLC,medium_airport,Lázaro Cárdenas Airport,18.0017,-102.2203,39,NA,Mexico,,Lázaro Cárdenas,true,750
22942,HPA,NFTL,medium_airport,Lifuka Island Airport,-19.777,-174.341,31,OC,Tonga,,Lifuka,true,750
24534,IXI,VELR,medium_airport,Lilabari North Lakhimpur Airport,27.2957,94.0973,330,AS,India,,Lilabari,true,750
27896,LIW,VYLK,medium_airport,Loikaw Airport,19.6915,97.2148,2940,AS,Myanmar,,Loikaw,true,750
43588,XMS,SEMC,medium_airport,Coronel E Carvajal Airport,-2.2992,-78.1208,3452,SA,Ecuador,,Macas,true,750
42608,WVK,FMSK,medium_airport,Manakara Airport,-22.1197,48.0217,33,AF,Madagascar,,Manakara,true,750
42291,WMR,FMNC,medium_airport,Mananara Nord Airport,-16.1639,49.7738,9,AF,Madagascar,,Mananara Nord,true,750
29359,MNJ,FMSM,medium_airport,Mananjary Airport,-21.2018,48.3583,20,AF,Madagascar,,Mananjary,true,750
42287,WMN,FMNR,medium_airport,Maroantsetra Airport,-15.4377,49.6891,9,AF,Madagascar,,Maroantsetra,true,750
29619,MUR,WBGM,medium_airport,Marudi Airport,4.1787,114.3303,103,AS,Malaysia,,Marudi,true,750
37330,SSY,FNBC,medium_airport,Mbanza Congo Airport,-6.2699,14.247,1860,AF,Angola,,Mbanza Congo,true,750
46486,ZVA,FMMN,medium_airport,Miandrivazo Airport,-19.5628,45.4508,203,AF,Madagascar,,Miandrivazo,true,750
29750,MYE,RJTQ,medium_airport,Miyakejima Airport,34.0736,139.56,67,AS,Japan,,Miyakejima,true,750
29209,MJD,OPMJ,medium_airport,Moenjodaro Airport,27.3352,68.1431,154,AS,Pakistan,,Moenjodaro,true,750
29654,MVQ,UMOO,medium_airport,Mogilev Airport,53.9549,30.0951,637,EU,Belarus,,Mogilev,true,750
29392,MOG,VYMS,medium_airport,Mong Hsat Airport,20.5168,99.2568,1875,AS,Myanmar,,Mong Hsat,true,750
29407,MOV,YMRB,medium_airport,Moranbah Airport,-22.0578,148.077,770,OC,Australia,,Moranbah,true,750
29731,MXV,ZMMN,medium_airport,Mörön Airport,49.6637,100.1,4272,AS,Mongolia,,Mörön,true,750
28996,MDG,ZYMD,medium_airport,Mudanjiang Hailang International Airport,44.5252,129.5686,883,AS,China,,Mudanjiang,true,750
29765,MYT,VYMK,medium_airport,Myitkyina Airport,25.3836,97.3519,475,AS,Myanmar,,Myitkyina,true,750
42325,WNP,RPUN,medium_airport,Naga Airport,13.5849,123.27,142,AS,Philippines,,Naga,true,750
30189,NAL,URMN,medium_airport,Nalchik Airport,43.5129,43.6366,1461,EU,Russia,,Nalchik,true,750
30324,NEC,SAZO,medium_airport,Necochea Airport,-38.4907,-58.8163,72,SA,Argentina,,Necochea,true,750
21940,GXG,FNNG,medium_airport,Negage Airport,-7.7545,15.2877,4105,AF,Angola,,Negage,true,750
41090,VPE,FNGI,medium_airport,Ngjiva Pereira Airport,-17.0435,15.6838,3566,AF,Angola,,Ngiva,true,750
30683,NOB,MRNS,medium_airport,Nosara Airport,9.9765,-85.653,33,NA,Costa Rica,,Nicoya,true,750
30691,NOJ,USRO,medium_airport,Noyabrsk Airport,63.1833,75.27,446,AS,Russia,,Noyabrsk,true,750
31909,OMD,FYOG,medium_airport,Oranjemund Airport,-28.5853,16.4464,14,AF,Namibia,,Oranjemund,true,750
33227,PMZ,MRPM,medium_airport,Palmar Sur Airport,8.951,-83.4686,49,NA,Costa Rica,,Palmar Sur,true,750
33096,PJC,SGPJ,medium_airport,Aeropuerto Nacional Dr. Augusto Roberto Fuster,-22.6414,-55.83,1873,SA,Paraguay,,Pedro Juan Caballero,true,750
32823,PBR,MGPB,medium_airport,Puerto Barrios Airport,15.7309,-88.5838,33,NA,Guatemala,,Puerto Barrios,true,750
32826,PBU,VYPT,medium_airport,Putao Airport,27.3299,97.4263,1500,AS,Myanmar,,Putao,true,750
36279,RZR,OINR,medium_airport,Ramsar Airport,36.907,50.6873,-70,AS,Iran,,Ramsar,true,750
36167,RWN,UKLR,medium_airport,Rivne International Airport,50.6071,26.1416,755,EU,Ukraine,,Rivne,true,750
13535,AFZ,OIMS,medium_airport,Sabzevar National Airport,36.1681,57.5952,3010,AS,Iran,,Sabzevar,true,750
37039,SKV,HESC,medium_airport,Saint Catherine International Airport,28.6843,34.0644,4402,AS,Egypt,,Saint Catherine,true,750
37422,SVI,SKSV,medium_airport,Eduardo Falla Solano Airport,2.1522,-74.7663,920,SA,Colombia,,San Vicente Del Caguán,true,750
37387,SUJ,LRSM,medium_airport,Satu Mare International Airport,47.7033,22.8857,405,EU,Romania,,Satu Mare,true,750
37558,SZA,FNSO,medium_airport,Soyo Airport,-6.1411,12.3718,15,AF,Angola,,Soyo,true,750
37364,STW,URMT,medium_airport,Stavropol Shpakovskoye Airport,45.1092,42.1128,1486,EU,Russia,,Stavropol,true,750
38217,THL,VYTL,medium_airport,Tachileik Airport,20.4838,99.9354,1280,AS,Myanmar,,Tachileik,true,750
38184,TGO,ZBTL,medium_airport,Tongliao Airport,43.5567,122.2,2395,AS,China,,Tongliao,true,750
27158,KYE,OLKA,medium_airport,Rene Mouawad Air Base,34.5893,36.0113,75,AS,Lebanon,,Tripoli,true,750
38674,TUA,SETU,medium_airport,Lieutenant Colonel Luis A. Mantilla International Airport,0.8095,-77.7081,9649,SA,Ecuador,,Tulcán,true,750
41057,VOH,FMNV,medium_airport,Vohemar Airport,-13.3758,50.0028,19,AF,Madagascar,,Vohemar,true,750
44911,YNJ,ZYYJ,medium_airport,Yanji Chaoyangchuan Airport,42.8828,129.451,624,AS,China,,Yanji,true,750
44884,YMS,SPMS,medium_airport,Moises Benzaquen Rengifo Airport,-5.8938,-76.1182,587,SA,Peru,,Yurimaguas,true,750
40966,VLY,EGOV,medium_airport,Anglesey Airport,53.2481,-4.5353,37,EU,United Kingdom,,Angelsey,true,700
29244,MKC,KMKC,medium_airport,Charles B. Wheeler Downtown Airport,39.1232,-94.5928,759,NA,United States,,Kansas City,true,675
15209,BQH,EGKB,medium_airport,London Biggin Hill Airport,51.3308,0.0325,598,EU,United Kingdom,,London,true,675
13448,ADK,PADK,medium_airport,Adak Airport,51.8836,-176.6428,18,NA,United States,,Adak,true,675
13806,ANI,PANI,medium_airport,Aniak Airport,61.5816,-159.543,88,NA,United States,,Aniak,true,675
14882,BHE,NZWB,medium_airport,Woodbourne Airport,-41.5183,173.87,109,OC,New Zealand,,Blenheim,true,650
39341,UCT,UUYH,medium_airport,Ukhta Airport,63.5669,53.8047,482,AS,Russia,,Ukhta,true,650
30921,NUX,USMU,medium_airport,Novy Urengoy Airport,66.0694,76.5203,210,AS,Russia,,Novy Urengoy,true,650
16070,CEE,ULWC,medium_airport,Cherepovets Airport,59.2736,38.0158,377,EU,Russia,,Cherepovets,true,650
16809,CYX,UESS,medium_airport,Cherskiy Airport,68.7406,161.338,20,AS,Russia,,Cherskiy,true,650
30658,NNM,ULAM,medium_airport,Naryan Mar Airport,67.64,53.1219,36,EU,Russia,,Naryan Mar,true,650
24490,IWA,UUBI,medium_airport,Ivanovo South Airport,56.9394,40.9408,410,EU,Russia,,Ivanovo,true,650
39880,URS,UUOK,medium_airport,Kursk East Airport,51.7506,36.2956,686,EU,Russia,,Kursk,true,650
27179,KYZ,UNKY,medium_airport,Kyzyl Airport,51.6694,94.4006,2123,AS,Russia,,Kyzyl,true,650
32937,PEX,UUYP,medium_airport,Pechora Airport,65.1211,57.1308,98,EU,Russia,,Pechora,true,650
32939,PEZ,UWPP,medium_airport,Penza Airport,53.1106,45.0211,614,AS,Russia,,Penza,true,650
13783,AMV,ULDD,medium_airport,Amderma Airport,69.7633,61.5564,13,AS,Russia,,Amderma,true,650
26963,KSZ,ULKK,medium_airport,Kotlas Airport,61.2358,46.6975,184,EU,Russia,,Kotlas,true,650
30707,NOZ,UNWW,medium_airport,Spichenkovo Airport,53.8114,86.8772,1024,AS,Russia,,Novokuznetsk,true,650
26916,KRO,USUU,medium_airport,Kurgan Airport,55.4753,65.4156,240,AS,Russia,,Kurgan,true,650
39871,URJ,USHU,medium_airport,Uray Airport,60.1033,64.8267,190,AS,Russia,,Uray,true,650
40925,VKT,UUYW,medium_airport,Vorkuta Airport,67.4886,63.9931,604,AS,Russia,,Vorkuta,true,650
18806,EIE,UNII,medium_airport,Yeniseysk Airport,58.4742,92.1125,253,AS,Russia,,Yeniseysk,true,650
45233,YWH,CYWH,seaplane_base,Victoria Harbour Seaplane Base,48.4238,-123.372,0,NA,Canada,,Victoria,true,625
38620,TSS,,heliport,East 34th Street Heliport,40.7424,-73.9721,10,NA,United States,,New York,true,625
30827,NSB,,seaplane_base,Bimini North Seaplane Base,25.767,-79.25,0,NA,Bahamas,,Bimini,true,625
25086,JCU,GECE,heliport,Ceuta Heliport,35.8927,-5.3063,8,AF,Spain,,Ceuta,true,625
25073,JCH,BGCH,heliport,Qasigiannguit Heliport,68.8228,-51.1734,70,NA,Greenland,,Qasigiannguit,true,625
25224,JGO,,heliport,Qeqertarsuaq Heliport,69.2512,-53.5149,9,NA,Greenland,,Qeqertarsuaq,true,625
37307,SSB,,seaplane_base,Christiansted Harbor Seaplane Base,17.7479,-64.7079,0,NA,U.S. Virgin Islands,,Christiansted,true,625
22018,GZM,LMMG,heliport,Xewkija Heliport,36.0272,14.2728,322,EU,Malta,,Gozo,true,625
45244,YWS,,seaplane_base,Whistler/Green Lake Water Aerodrome,50.1436,-122.949,2100,NA,Canada,,Whistler,true,625
34158,QCU,,heliport,Akunnaaq Heliport,68.7443,-52.3404,59,NA,Greenland,,Akunnaaq,true,625
28002,LLU,,heliport,Alluitsup Paa Heliport,60.4644,-45.5692,54,NA,Greenland,,Alluitsup Paa,true,625
37199,SPB,,seaplane_base,Charlotte Amalie Harbor Seaplane Base,18.3382,-64.9397,0,NA,U.S. Virgin Islands,,Charlotte Amalie,true,625
22708,HIS,,seaplane_base,Hayman Island Resort Seaplane Base,-20.06,148.881,0,OC,Australia,,Hayman Island,true,625
34398,QJI,,heliport,Ikamiut Heliport,68.6343,-51.8323,49,NA,Greenland,,Ikamiut,true,625
34702,QRY,,heliport,Ikerassaarsuk Heliport,68.1409,-53.4415,165,NA,Greenland,,Ikerassaarsuk,true,625
43442,XIQ,,heliport,Ilimanaq Heliport,69.0809,-51.1143,52,NA,Greenland,,Ilimanaq,true,625
25516,JOS,DNJO,medium_airport,Yakubu Gowon Airport,9.6398,8.8691,4232,AF,Nigeria,,Jos,true,625
34628,QPW,,heliport,Kangaatsiaq Heliport,68.3127,-53.4602,17,NA,Greenland,,Kangaatsiaq,true,625
34394,QJE,,heliport,Kitsissuarsuit Heliport,68.8579,-53.1233,18,NA,Greenland,,Kitsissuarsuit,true,625
25480,JNS,,heliport,Narsaq Heliport,60.9173,-46.0599,83,NA,Greenland,,Narsaq,true,625
38547,TQR,LINI,heliport,San Domino Island Heliport,42.1178,15.4907,121,EU,Italy,,Tremiti Islands,true,625
41182,VRY,,heliport,Værøy Heliport,67.6546,12.7273,12,EU,Norway,,Værøy,true,625
38099,TEB,KTEB,medium_airport,Teterboro Airport,40.8501,-74.0608,9,NA,United States,,Teterboro,true,600
39251,UAB,LTAG,medium_airport,İncirlik Air Base,37.0021,35.4259,238,AS,Turkey,,Sarıçam,true,600
17381,DET,,medium_airport,Coleman A. Young Municipal Airport,42.4092,-83.0099,626,NA,United States,,Detroit,true,599
13548,AGC,KAGC,medium_airport,Allegheny County Airport,40.3544,-79.9302,1252,NA,United States,,Pittsburgh,true,599
44908,YNG,KYNG,medium_airport,Youngstown Warren Regional Airport,41.2607,-80.6791,1192,NA,United States,,Youngstown/Warren,true,599
37023,SKF,KSKF,medium_airport,Lackland Air Force Base,29.3842,-98.5811,691,NA,United States,,San Antonio,true,599
42462,WRI,KWRI,medium_airport,Mc Guire Air Force Base,40.0156,-74.5917,131,NA,United States,,Wrightstown,true,599
23699,IAB,KIAB,medium_airport,McConnell Air Force Base,37.6219,-97.2682,1371,NA,United States,,Wichita,true,599
29171,MIB,KMIB,medium_airport,Minot Air Force Base,48.4156,-101.358,1667,NA,United States,,Minot,true,599
35434,RCA,KRCA,medium_airport,Ellsworth Air Force Base,44.145,-103.104,3276,NA,United States,,Rapid City,true,599
29568,MTC,KMTC,medium_airport,Selfridge Air National Guard Base Airport,42.6135,-82.8369,580,NA,United States,,Mount Clemens,true,599
40858,VIY,,medium_airport,Vélizy-Villacoublay Air Base,48.7744,2.2031,584,EU,France,,"Vélizy-Villacoublay, Yvelines",true,599
44737,YIP,KYIP,medium_airport,Willow Run Airport,42.2379,-83.5304,716,NA,United States,,Detroit,true,575
19811,FAB,EGLF,medium_airport,Farnborough Airport,51.2758,-0.7763,238,EU,United Kingdom,,"Farnborough, Hampshire",true,575
37357,STP,KSTP,medium_airport,Saint Paul Downtown Holman Field,44.9348,-93.06,705,NA,United States,,Saint Paul,true,575
35726,RKE,EKRK,medium_airport,Copenhagen Roskilde Airport,55.5856,12.1314,146,EU,Denmark,,Roskilde,true,575
29109,MGL,EDLN,medium_airport,Mönchengladbach Airport,51.2303,6.5044,125,EU,Germany,,Mönchengladbach,true,575
38427,TNF,LFPN,medium_airport,Toussus-le-Noble Airport,48.7519,2.1062,538,EU,France,,"Toussus-le-Noble, Yvelines",true,575
17618,DLE,LFGJ,medium_airport,Dole Tavaux Airport,47.039,5.4276,645,EU,France,,Dole,true,575
43340,XFW,EDHI,medium_airport,Hamburg-Finkenwerder Airport,53.5353,9.8356,23,EU,Germany,,Hamburg,true,575
34612,QPG,WSAP,medium_airport,Paya Lebar Air Base,1.3604,103.91,65,AS,Singapore,,Paya Lebar,true,575
37143,SNR,LFRZ,medium_airport,Saint-Nazaire-Montoir Airport,47.3114,-2.1526,13,EU,France,,Saint-Nazaire/Montoir,true,575
31726,OHA,NZOH,medium_airport,RNZAF Base Ohakea,-40.206,175.388,164,OC,New Zealand,,,true,575
42350,WOE,EHWO,medium_airport,Woensdrecht Air Base,51.4491,4.342,63,EU,Netherlands,,Hoogerheide,true,575
36918,SHI,RORS,medium_airport,Shimojishima Airport,24.8267,125.145,54,AS,Japan,,Miyakojima,true,575
28974,MCU,LFBK,medium_airport,Montluçon-Guéret Airport,46.2226,2.364,1497,EU,France,,"Lépaud, Creuse",true,575
37250,SQQ,EYSA,medium_airport,Šiauliai International Airport,55.8939,23.395,443,EU,Lithuania,,Šiauliai,true,575
37541,SYT,LFLN,medium_airport,Saint-Yan Airport,46.414,4.0142,796,EU,France,,"L'Hôpital-le-Mercier, Saône-et-Loire",true,575
42328,WNS,OPNH,medium_airport,Shaheed Benazirabad Airport,26.2194,68.3901,95,AS,Pakistan,,Nawabashah,true,575
19293,EVX,LFOE,medium_airport,Évreux-Fauville (BA 105) Air Base,49.0287,1.2199,464,EU,France,,"Fauville, Eure",true,575
33643,PYJ,UERP,medium_airport,Polyarny Airport,66.4004,112.03,1660,AS,Russia,,Yakutia,true,575
44444,YAK,PAYA,medium_airport,Yakutat Airport,59.5087,-139.6604,33,NA,United States,,Yakutat,true,550
42297,WMX,WAVV,medium_airport,Wamena Airport,-4.0973,138.9524,5435,AS,Indonesia,,Wamena,true,550
36701,SBH,TFFJ,medium_airport,St. Jean Airport,17.9044,-62.8433,49,NA,Saint Barthélemy,,Gustavia,true,550
36844,SFG,TFFG,medium_airport,Grand Case-l'Espérance Airport,18.1001,-63.0474,7,NA,Saint Martin,,Grand Case,true,550
42183,WJR,HKWJ,medium_airport,Wajir Airport,1.7332,40.0916,770,AF,Kenya,,Wajir,true,550
16765,CXP,WAHL,medium_airport,Tunggul Wulung Airport,-7.6451,109.034,69,AS,Indonesia,,Cilacap,true,550
24032,IJK,USII,medium_airport,Izhevsk Airport,56.8345,53.4622,531,AS,Russia,,Izhevsk,true,550
21592,GNS,WIMB,medium_airport,Binaka Airport,1.1663,97.7052,20,AS,Indonesia,,Gunungsitoli,true,550
28282,LTM,SYLT,medium_airport,Lethem Airport,3.3728,-59.7894,351,SA,Guyana,,Lethem,true,550
34731,QSR,LIRI,medium_airport,Salerno Costa d'Amalfi Airport,40.6204,14.9113,123,EU,Italy,,Salerno,true,550
16289,CKH,UESO,medium_airport,Chokurdakh Airport,70.6231,147.902,151,AS,Russia,,Chokurdah,true,550
14066,AUQ,NTMN,medium_airport,Hiva Oa-Atuona Airport,-9.7688,-139.011,1481,OC,French Polynesia,,Hiva Oa Island,true,550
27069,KVX,USKK,medium_airport,Pobedilovo Airport,58.5039,49.3478,479,EU,Russia,,Kirov,true,550
28960,MCG,PAMC,medium_airport,McGrath Airport,62.9529,-155.606,341,NA,United States,,McGrath,true,550
30339,NER,UELL,medium_airport,Chulman Airport,56.9139,124.914,2812,AS,Russia,,Neryungri,true,550
30216,NBC,UWKE,medium_airport,Begishevo Airport,55.5647,52.0925,643,AS,Russia,,Nizhnekamsk,true,550
19074,EPU,EEPU,medium_airport,Pärnu Airport,58.419,24.4728,47,EU,Estonia,,Pärnu,true,550
30185,NAH,WAMH,medium_airport,Naha Airport,3.6848,125.5272,16,AS,Indonesia,,"Tabukan Utara, Sangihe Islands",true,550
16808,CYW,MMCY,medium_airport,Captain Rogelio Castillo National Airport,20.546,-100.8865,5709,NA,Mexico,,Celaya,true,550
17950,DUM,WIBD,medium_airport,Pinang Kampai Airport,1.609,101.4335,55,AS,Indonesia,,Dumai,true,550
39656,ULK,UERL,medium_airport,Lensk Airport,60.7206,114.826,801,AS,Russia,,Lensk,true,550
31895,OLZ,UEMO,medium_airport,Olyokminsk Airport,60.4018,120.4761,656,AS,Russia,,Olyokminsk,true,550
32248,OVS,USHS,medium_airport,Sovetskiy Airport,61.3266,63.6019,351,AS,Russia,,Sovetskiy,true,550
13707,AKR,DNAK,medium_airport,Akure Airport,7.2467,5.301,1100,AF,Nigeria,,Akure,true,550
15432,BWO,UWSB,medium_airport,Balakovo Airport,51.8583,47.7456,95,AS,Russia,,Balakovo,true,550
22491,HCR,PAHC,medium_airport,Holy Cross Airport,62.1883,-159.775,70,NA,United States,,Holy Cross,true,550
26447,KEN,GFKE,medium_airport,Kenema Airport,7.8964,-11.1741,485,AF,Sierra Leone,,Kenema,true,550
27856,LHS,SAVH,medium_airport,Las Heras Airport,-46.5385,-68.9653,1082,SA,Argentina,,Las Heras,true,550
32892,PDO,WIPQ,medium_airport,Pendopo Airport,-3.2861,103.88,184,AS,Indonesia,,Talang Gudang-Sumatra Island,true,550
26344,KBS,GFBO,medium_airport,Bo Airport,7.9444,-11.761,328,AF,Sierra Leone,,Bo,true,550
22834,HMA,USHH,medium_airport,Khanty Mansiysk Airport,61.0285,69.0861,76,AS,Russia,,Khanty-Mansiysk,true,550
30364,NFG,USRN,medium_airport,Nefteyugansk Airport,61.1083,72.65,115,AS,Russia,,Nefteyugansk,true,550
31042,NYA,USHN,medium_airport,Nyagan Airport,62.11,65.615,361,EU,Russia,,Nyagan,true,550
34592,QOW,DNIM,medium_airport,Sam Mbakwe International Cargo Airport,5.4271,7.206,373,AF,Nigeria,,Owerri,true,550
30885,NTX,,medium_airport,Ranai Airport,3.9087,108.388,7,AS,Indonesia,,Ranai-Natuna Besar Island,true,550
35387,RAZ,OPRT,medium_airport,Rawalakot Airport,33.8497,73.7981,5479,AS,Pakistan,,Rawalakot,true,550
36227,RYB,UUBK,medium_airport,Staroselye Airport,58.1042,38.9294,423,EU,Russia,,Rybinsk,true,550
37544,SYW,OPSN,medium_airport,Sehwan Sharif Airport,26.4731,67.7172,121,AS,Pakistan,,Sehwan Sharif,true,550
40704,VEO,,medium_airport,Severo-Yeniseysk Airport,60.3733,93.0117,1706,AS,Russia,,Severo-Yeniseysk,true,550
38729,TVT,UZTP,medium_airport,Tashkent-Khumo International Airport,41.3129,69.3955,1574,AS,Uzbekistan,,Tashkent,true,550
40562,VAQ,,medium_airport,Vanavara Airport,60.3562,102.3096,892,AS,Russia,,Vanavara,true,550
42710,WYE,GFYE,medium_airport,Yengema Airport,8.6105,-11.0454,1300,AF,Sierra Leone,,Yengema,true,550
25508,JOK,UWKJ,medium_airport,Yoshkar-Ola Airport,56.7006,47.9047,348,AS,Russia,,Yoshkar-Ola,true,550
46105,ZKP,UESU,medium_airport,Zyryanka Airport,65.7485,150.8889,140,AS,Russia,,Zyryanka,true,550
28286,LTQ,LFAT,medium_airport,Le Touquet-Côte d'Opale Airport,50.5183,1.6217,36,EU,France,,Le Touquet-Paris-Plage,true,525
33297,POX,LFPT,medium_airport,Pontoise-Cormeilles Aerodrome,49.0961,2.0355,325,EU,France,,"Cormeilles-en-Vexin, Val-d'Oise",true,525
32888,PDK,KPDK,medium_airport,DeKalb Peachtree Airport,33.8763,-84.3021,1003,NA,United States,,Atlanta,true,500
36663,SAF,KSAF,medium_airport,Santa Fe Municipal Airport,35.6171,-106.089,6348,NA,United States,,Santa Fe,true,500
16321,CLD,KCRQ,medium_airport,McClellan-Palomar Airport,33.1283,-117.28,331,NA,United States,,Carlsbad,true,500
43606,XNA,KXNA,medium_airport,Northwest Arkansas National Airport,36.2819,-94.3068,1287,NA,United States,,Fayetteville/Springdale/Rogers,true,500
37360,STS,KSTS,medium_airport,Charles M. Schulz Sonoma County Airport,38.509,-122.813,128,NA,United States,,Santa Rosa,true,500
45010,YQA,CYQA,medium_airport,Muskoka Airport,44.9754,-79.3065,925,NA,Canada,,Gravenhurst,true,500
13982,ASE,KASE,medium_airport,Aspen-Pitkin County Airport (Sardy Field),39.2232,-106.869,7820,NA,United States,,Aspen,true,500
28316,LUK,KLUK,medium_airport,Cincinnati Municipal Airport Lunken Field,39.1024,-84.4189,483,NA,United States,,Cincinnati,true,500
32019,OPF,KOPF,medium_airport,Miami-Opa Locka Executive Airport,25.907,-80.2784,8,NA,United States,,Miami,true,500
39917,UST,KSGJ,medium_airport,Northeast Florida Regional Airport,29.9592,-81.3398,10,NA,United States,,St Augustine,true,500
22661,HHH,KHXD,medium_airport,Hilton Head Airport,32.2244,-80.6975,19,NA,United States,,Hilton Head Island,true,500
16011,CCR,KCCR,medium_airport,Buchanan Field,37.9897,-122.057,26,NA,United States,,Concord,true,500
44990,YPQ,CYPQ,medium_airport,Peterborough Regional Airport,44.2323,-78.3621,628,NA,Canada,,Peterborough,true,500
44706,YHU,CYHU,medium_airport,Montréal / Saint-Hubert Metropolitan Airport,45.5175,-73.4169,90,NA,Canada,,Montréal,true,500
44518,YCM,CYSN,medium_airport,Niagara District Airport,43.1916,-79.1717,321,NA,Canada,,Niagara-on-the-Lake,true,500
37245,SQL,KSQL,medium_airport,San Carlos Airport,37.5131,-122.2508,5,NA,United States,,San Carlos,true,500
41159,VRB,KVRB,medium_airport,Vero Beach Regional Airport,27.6556,-80.4179,24,NA,United States,,Vero Beach,true,500
45060,YRO,CYRO,medium_airport,Ottawa / Rockcliffe Airport,45.4605,-75.644,188,NA,Canada,,Ottawa,true,500
14817,BFL,KBFL,medium_airport,Meadows Field,35.4336,-119.057,510,NA,United States,,Bakersfield,true,500
36894,SGU,KSGU,medium_airport,St George Regional Airport,37.0364,-113.5103,2941,NA,United States,,St George,true,500
33491,PUB,KPUB,medium_airport,Pueblo Memorial Airport,38.2891,-104.497,4726,NA,United States,,Pueblo,true,500
24389,ITH,KITH,medium_airport,Ithaca Tompkins Regional Airport,42.491,-76.4584,1099,NA,United States,,Ithaca,true,500
32989,PGD,KPGD,medium_airport,Punta Gorda Airport,26.9202,-81.9905,26,NA,United States,,Punta Gorda,true,500
32986,PGA,KPGA,medium_airport,Page Municipal Airport,36.9242,-111.4477,4316,NA,United States,,Page,true,500
14952,BJC,KBJC,medium_airport,Rocky Mountain Metropolitan Airport,39.9088,-105.117,5673,NA,United States,,Denver,true,500
22698,HII,KHII,medium_airport,Lake Havasu City Airport,34.5705,-114.3577,783,NA,United States,,Lake Havasu City,true,500
36734,SCE,KUNV,medium_airport,State College Regional Airport,40.8494,-77.8485,1239,NA,United States,,State College,true,500
45211,YVV,CYVV,medium_airport,Wiarton Airport,44.7458,-81.1072,729,NA,Canada,,Wiarton,true,500
20425,FRD,KFHR,medium_airport,Friday Harbor Airport,48.5237,-123.0246,113,NA,United States,,Friday Harbor,true,500
38319,TKF,KTRK,medium_airport,Truckee Tahoe Airport,39.3186,-120.1406,5900,NA,United States,,Truckee,true,500
44905,YND,CYND,medium_airport,Ottawa / Gatineau Airport,45.5217,-75.5636,211,NA,Canada,,Gatineau,true,500
36740,SCK,KSCK,medium_airport,Stockton Metropolitan Airport,37.8933,-121.2381,33,NA,United States,,Stockton,true,500
13374,ABI,KABI,medium_airport,Abilene Regional Airport,32.4113,-99.6819,1791,NA,United States,,Abilene,true,500
17874,DSI,KDTS,medium_airport,Destin Executive Airport,30.4001,-86.4715,23,NA,United States,,Destin,true,500
29151,MHR,KMHR,medium_airport,Sacramento Mather Airport,38.5547,-121.298,98,NA,United States,,Sacramento,true,500
31693,OGD,KOGD,medium_airport,Ogden Hinckley Airport,41.1959,-112.012,4473,NA,United States,,Ogden,true,500
44840,YLK,CYLS,medium_airport,Barrie-Lake Simcoe Regional Airport,44.4851,-79.5547,972,NA,Canada,,Barrie,true,500
17844,DRO,KDRO,medium_airport,Durango La Plata County Airport,37.1515,-107.754,6685,NA,United States,,Durango,true,500
15251,BRN,LSZB,medium_airport,Bern Airport,46.9127,7.4988,1671,EU,Switzerland,,Bern,true,500
33242,PNE,KPNE,medium_airport,Northeast Philadelphia Airport,40.0824,-75.0106,120,NA,United States,,Philadelphia,true,500
22671,HHR,KHHR,medium_airport,Jack Northrop Field Hawthorne Municipal Airport,33.9228,-118.335,66,NA,United States,,Hawthorne,true,500
27754,LEY,EHLE,medium_airport,Lelystad Airport,52.4532,5.5146,-13,EU,Netherlands,,Lelystad,true,500
14879,BHB,KBHB,medium_airport,Hancock County-Bar Harbor Airport,44.45,-68.3615,83,NA,United States,,Bar Harbor,true,500
16414,CNY,KCNY,medium_airport,Canyonlands Regional Airport,38.755,-109.755,4557,NA,United States,,Moab,true,500
44487,YBR,CYBR,medium_airport,Brandon Municipal Airport,49.91,-99.9519,1343,NA,Canada,,Brandon,true,500
39898,USA,KJQF,medium_airport,Concord-Padgett Regional Airport,35.3878,-80.7091,705,NA,United States,,Concord,true,500
29575,MTJ,KMTJ,medium_airport,Montrose Regional Airport,38.5098,-107.894,5759,NA,United States,,Montrose,true,500
15025,BLD,,medium_airport,Boulder City Municipal Airport,35.9472,-114.8588,2201,NA,United States,,Boulder City,true,500
24249,IPL,KIPL,medium_airport,Imperial County Airport,32.8354,-115.574,-54,NA,United States,,Imperial,true,500
36913,SHD,KSHD,medium_airport,Shenandoah Valley Regional Airport,38.2638,-78.8964,1201,NA,United States,,Weyers Cave,true,500
18063,DXR,KDXR,medium_airport,Danbury Municipal Airport,41.3717,-73.4822,458,NA,United States,,Danbury,true,500
15241,BRD,KBRD,medium_airport,Brainerd Lakes Regional Airport,46.4029,-94.1297,1232,NA,United States,,Brainerd,true,500
38264,TIW,KTIW,medium_airport,Tacoma Narrows Airport,47.2674,-122.5773,294,NA,United States,,Tacoma,true,500
22523,HDN,KHDN,medium_airport,Yampa Valley Airport,40.4812,-107.218,6606,NA,United States,,Hayden,true,500
31882,OLM,KOLM,medium_airport,Olympia Regional Airport,46.9694,-122.903,209,NA,United States,,Olympia,true,500
19165,ESD,KORS,medium_airport,Orcas Island Airport,48.7082,-122.91,31,NA,United States,,Eastsound,true,500
22635,HGR,KHGR,medium_airport,Hagerstown Regional Richard A Henson Field,39.7088,-77.728,703,NA,United States,,Hagerstown,true,500
28958,MCE,KMCE,medium_airport,Merced Regional Macready Field,37.2847,-120.514,155,NA,United States,,Merced,true,500
27591,LAF,KLAF,medium_airport,Purdue University Airport,40.4129,-86.9394,606,NA,United States,,West Lafayette,true,500
42724,WYS,KWYS,medium_airport,Yellowstone Airport,44.6884,-111.118,6649,NA,United States,,West Yellowstone,true,500
42509,WST,KWST,medium_airport,Westerly State Airport,41.3496,-71.8034,81,NA,United States,,Westerly,true,500
29502,MRI,PAMR,medium_airport,Merrill Field,61.2128,-149.844,137,NA,United States,,Anchorage,true,500
37391,SUN,KSUN,medium_airport,Friedman Memorial Airport,43.5044,-114.296,5318,NA,United States,,Hailey,true,500
23284,HYS,KHYS,medium_airport,Hays Regional Airport,38.8445,-99.2731,1999,NA,United States,,Hays,true,500
21664,GPS,SEGS,medium_airport,Seymour Galapagos Ecological Airport,-0.4538,-90.2659,207,SA,Ecuador,,Isla Baltra,true,500
28379,LWB,KLWB,medium_airport,Greenbrier Valley Airport,37.8579,-80.4004,2302,NA,United States,,Lewisburg,true,500
16714,CWA,KCWA,medium_airport,Central Wisconsin Airport,44.7774,-89.6702,1277,NA,United States,,Mosinee,true,500
38121,TEX,KTEX,medium_airport,Telluride Regional Airport,37.9538,-107.908,9070,NA,United States,,Telluride,true,500
33512,PUW,KPUW,medium_airport,Pullman-Moscow Regional Airport,46.7416,-117.1116,2556,NA,United States,,Pullman,true,500
37464,SWO,KSWO,medium_airport,Stillwater Regional Airport,36.1621,-97.0856,1000,NA,United States,,Stillwater,true,500
29579,MTN,KMTN,medium_airport,Martin State Airport,39.3257,-76.4138,21,NA,United States,,Baltimore,true,500
28396,LWS,KLWS,medium_airport,Lewiston Nez Perce County Airport,46.3745,-117.015,1442,NA,United States,,Lewiston,true,500
29321,MMH,KMMH,medium_airport,Mammoth Yosemite Airport,37.6254,-118.8431,7135,NA,United States,,Mammoth Lakes,true,500
44854,YLY,CYNJ,medium_airport,Langley Airport,49.1008,-122.631,34,NA,Canada,,Langley,true,500
28976,MCW,KMCW,medium_airport,Mason City Municipal Airport,43.1598,-93.3297,1213,NA,United States,,Mason City,true,500
37058,SLE,KSLE,medium_airport,Salem-Willamette Valley Airport/McNary Field,44.9095,-123.003,214,NA,United States,,Salem,true,500
45017,YQH,CYQH,medium_airport,Watson Lake Airport,60.1168,-128.822,2255,NA,Canada,,Watson Lake,true,500
29248,MKG,KMKG,medium_airport,Muskegon County Airport,43.1695,-86.2382,629,NA,United States,,Muskegon,true,500
14921,BIH,KBIH,medium_airport,Eastern Sierra Regional Airport,37.3731,-118.364,4124,NA,United States,,Bishop,true,500
21180,GCC,KGCC,medium_airport,Northeast Wyoming Regional Airport,44.3489,-105.539,4365,NA,United States,,Gillette,true,500
27959,LKN,ENLK,medium_airport,Leknes Airport,68.1525,13.6094,78,EU,Norway,,Leknes,true,500
30737,NPT,KUUU,medium_airport,Newport State Airport,41.5322,-71.281,172,NA,United States,,Newport,true,500
13744,ALS,KALS,medium_airport,San Luis Valley Regional Airport/Bergman Field,37.4349,-105.867,7539,NA,United States,,Alamosa,true,500
16429,COD,KCOD,medium_airport,Yellowstone Regional Airport,44.5202,-109.024,5102,NA,United States,,Cody,true,500
21841,GUP,KGUP,medium_airport,Gallup Municipal Airport,35.5117,-108.7882,6472,NA,United States,,Gallup,true,500
22907,HOB,KHOB,medium_airport,Lea County Regional Airport,32.6875,-103.217,3661,NA,United States,,Hobbs,true,500
31550,OCE,KOXB,medium_airport,Ocean City Municipal Airport,38.3104,-75.124,11,NA,United States,,Ocean City,true,500
43734,XQU,,medium_airport,Qualicum Beach Airport,49.3375,-124.3931,191,NA,Canada,,Qualicum Beach,true,500
31483,OAJ,KOAJ,medium_airport,Albert J Ellis Airport,34.8292,-77.6121,94,NA,United States,,Richlands,true,500
40701,VEL,KVEL,medium_airport,Vernal Regional Airport,40.4362,-109.5117,5278,NA,United States,,Vernal,true,500
33007,PGV,KPGV,medium_airport,Pitt-Greenville Airport,35.6355,-77.3843,26,NA,United States,,Greenville,true,500
27608,LAW,KLAW,medium_airport,Lawton Fort Sill Regional Airport,34.5677,-98.4166,1110,NA,United States,,Lawton,true,500
29757,MYL,KMYL,medium_airport,McCall Municipal Airport,44.8888,-116.1011,5024,NA,United States,,McCall,true,500
17733,DOL,LFRG,medium_airport,Deauville Normandie airport,49.3652,0.1545,479,EU,France,,Deauville,true,500
21828,GUC,KGUC,medium_airport,Gunnison Crested Butte Regional Airport,38.5347,-106.9346,7680,NA,United States,,Gunnison,true,500
22601,HFT,ENHF,medium_airport,Hammerfest Airport,70.6797,23.6686,266,EU,Norway,,Hammerfest,true,500
22918,HOM,PAHO,medium_airport,Homer Airport,59.6445,-151.4792,84,NA,United States,,Homer,true,500
29674,MWA,KMWA,medium_airport,Veterans Airport of Southern Illinois,37.7512,-89.0166,472,NA,United States,,Marion,true,500
28964,MCK,KMCK,medium_airport,McCook Ben Nelson Regional Airport,40.2078,-100.5928,2583,NA,United States,,McCook,true,500
33394,PRM,LPPM,medium_airport,Portimão Airport,37.1493,-8.584,5,EU,Portugal,,Portimão,true,500
37184,SOW,KSOW,medium_airport,Show Low Regional Airport,34.2641,-110.0071,6415,NA,United States,,Show Low,true,500
18533,EAT,KEAT,medium_airport,Pangborn Memorial Airport,47.3989,-120.207,1249,NA,United States,,Wenatchee,true,500
18531,EAR,KEAR,medium_airport,Kearney Regional Airport,40.727,-99.0068,2131,NA,United States,,Kearney,true,500
29685,MWL,KMWL,medium_airport,Mineral Wells Regional Airport,32.7816,-98.0602,974,NA,United States,,Mineral Wells,true,500
29027,MEB,YMEN,medium_airport,Melbourne Essendon Airport,-37.7281,144.902,282,OC,Australia,,Essendon Fields,true,500
30863,NTB,ENNO,medium_airport,Notodden Airport,59.5651,9.2132,63,EU,Norway,,Notodden,true,500
35725,RKD,KRKD,medium_airport,Knox County Regional Airport,44.0601,-69.0992,56,NA,United States,,Rockland,true,500
37215,SPR,,medium_airport,John Greif II Airport,17.9139,-87.9711,4,NA,Belize,,San Pedro,true,500
14132,AWK,PWAK,medium_airport,Wake Island Airfield,19.2824,166.6366,14,OC,United States Minor Outlying Islands,,Wake Island,true,500
22927,HOV,ENOV,medium_airport,"Ørsta-Volda Airport, Hovden",62.18,6.0741,243,EU,Norway,,Ørsta,true,500
14992,BKG,KBBG,medium_airport,Branson Airport,36.5321,-93.2005,1302,NA,United States,,Branson,true,500
17516,DIK,KDIK,medium_airport,Dickinson Theodore Roosevelt Regional Airport,46.7975,-102.8019,2592,NA,United States,,Dickinson,true,500
19164,ESC,KESC,medium_airport,Delta County Airport,45.7232,-87.0886,609,NA,United States,,Escanaba,true,500
28306,LUA,VNLK,medium_airport,Tenzing-Hillary Airport,27.6868,86.7295,9380,AS,Nepal,,Lukla,true,500
14056,AUG,KAUG,medium_airport,Augusta State Airport,44.3206,-69.7973,352,NA,United States,,Augusta,true,500
15941,CAT,LPCS,medium_airport,Cascais Airport,38.725,-9.3552,325,EU,Portugal,,Cascais,true,500
18982,ENA,PAEN,medium_airport,Kenai Municipal Airport,60.5709,-151.2452,99,NA,United States,,Kenai,true,500
35672,RIW,KRIW,medium_airport,Central Wyoming Regional Airport,43.0642,-108.46,5525,NA,United States,,Riverton,true,500
37031,SKN,ENSK,medium_airport,"Stokmarknes Airport, Skagen",68.5788,15.0334,11,EU,Norway,,Hadsel,true,500
45354,YZU,CYZU,medium_airport,Whitecourt Airport,54.1439,-115.787,2567,NA,Canada,,Whitecourt,true,500
44513,YCH,CYCH,medium_airport,Miramichi Airport,47.0078,-65.4492,108,NA,Canada,,Miramichi,true,500
29471,MQN,ENRA,medium_airport,"Mo i Rana Airport, Røssvoll",66.3639,14.3014,229,EU,Norway,,Mo i Rana,true,500
35983,RRJ,SBJR,medium_airport,Jacarepaguá - Roberto Marinho Airport,-22.9868,-43.3722,10,SA,Brazil,,Rio de Janeiro,true,500
38715,TVF,KTVF,medium_airport,Thief River Falls Regional Airport,48.0657,-96.185,1119,NA,United States,,Thief River Falls,true,500
15996,CCC,MUCC,medium_airport,Jardines Del Rey Airport,22.461,-78.3284,13,NA,Cuba,,Cayo Coco,true,500
16691,CVN,KCVN,medium_airport,Clovis Municipal Airport,34.4266,-103.0788,4216,NA,United States,,Clovis,true,500
16091,CEZ,KCEZ,medium_airport,Cortez Municipal Airport,37.303,-108.628,5918,NA,United States,,Cortez,true,500
22021,GZP,LTFG,medium_airport,Gazipaşa-Alanya Airport,36.2988,32.297,92,AS,Turkey,,Gazipaşa,true,500
31701,OGL,SYEC,medium_airport,Eugene F. Correia International Airport,6.8059,-58.1077,10,SA,Guyana,,Ogle,true,500
36659,SAB,TNCS,medium_airport,Juancho E. Yrausquin Airport,17.6453,-63.2205,60,NA,Caribbean Netherlands,,Zion's Hill,true,500
15510,BYU,EDQD,medium_airport,Bayreuth Airport,49.985,11.64,1601,EU,Germany,,Bindlach,true,500
16047,CDR,KCDR,medium_airport,Chadron Municipal Airport,42.8376,-103.095,3297,NA,United States,,Chadron,true,500
44517,YCL,CYCL,medium_airport,Charlo Airport,47.9908,-66.3303,132,NA,Canada,,Charlo,true,500
45130,YTM,CYFJ,medium_airport,Mont-Tremblant International Airport,46.4094,-74.78,827,NA,Canada,,La Macaza,true,500
31708,OGS,KOGS,medium_airport,Ogdensburg International Airport,44.6819,-75.4655,297,NA,United States,,Ogdensburg,true,500
32897,PDT,KPDT,medium_airport,Eastern Oregon Regional Airport at Pendleton,45.6951,-118.841,1497,NA,United States,,Pendleton,true,500
41140,VQS,TJVQ,medium_airport,Antonio Rivera Rodriguez Airport,18.1348,-65.4936,49,NA,Puerto Rico,,Vieques,true,500
44494,YBY,CYBF,medium_airport,Bonnyville Airport,54.3042,-110.744,1836,NA,Canada,,Bonnyville,true,500
16234,CIY,LICB,medium_airport,Comiso Airport,36.9958,14.6089,756,EU,Italy,,Comiso,true,500
24500,IWK,RJOI,medium_airport,Iwakuni Kintaikyo Airport,34.1463,132.2472,7,AS,Japan,,Iwakuni,true,500
26798,KOE,WATT,medium_airport,El Tari Airport,-10.1716,123.671,335,AS,Indonesia,,Kupang,true,500
32105,ORT,PAOR,medium_airport,Northway Airport,62.9613,-141.929,1715,NA,United States,,Northway,true,500
33081,PIX,LPPI,medium_airport,Pico Airport,38.5543,-28.4413,109,EU,Portugal,,Pico Island,true,500
32893,PDP,SULS,medium_airport,Capitan Corbeta CA Curbelo International Airport,-34.8551,-55.0943,95,SA,Uruguay,,Punta del Este,true,500
45272,YXK,CYXK,medium_airport,Rimouski Airport,48.4776,-68.4963,82,NA,Canada,,Rimouski,true,500
37416,SVC,KSVC,medium_airport,Grant County Airport,32.6367,-108.1547,5446,NA,United States,,Silver City,true,500
40679,VDZ,PAVD,medium_airport,Valdez Pioneer Field,61.1327,-146.2466,121,NA,United States,,Valdez,true,500
38854,TZA,,medium_airport,Sir Barry Bowen Municipal Airport,17.5172,-88.1958,8,NA,Belize,,Belize City,true,500
16476,CPO,SCAT,medium_airport,Desierto de Atacama Airport,-27.2612,-70.7792,670,SA,Chile,,Copiapo,true,500
16485,CPX,TJCP,medium_airport,Benjamin Rivera Noriega Airport,18.313,-65.3039,49,NA,Puerto Rico,,Culebra,true,500
17622,DLI,VVDL,medium_airport,Lien Khuong Airport,11.7506,108.367,3156,AS,Vietnam,,Da Lat,true,500
17985,DVL,KDVL,medium_airport,Devils Lake Regional Airport,48.1155,-98.9088,1456,NA,United States,,Devils Lake,true,500
15255,BRR,EGPR,medium_airport,Barra Airport,57.0228,-7.4431,5,EU,United Kingdom,,Eoligarry,true,500
36013,RSD,MYER,medium_airport,Rock Sound International Airport,24.8916,-76.1776,10,NA,Bahamas,,Rock Sound,true,500
40672,VDS,ENVD,medium_airport,Vadsø Airport,70.0653,29.8447,127,EU,Norway,,Vadsø,true,500
13618,AIA,KAIA,medium_airport,Alliance Municipal Airport,42.0525,-102.804,3931,NA,United States,,Alliance,true,500
13981,ASD,MYAF,medium_airport,Andros Town Airport,24.6979,-77.7956,5,NA,Bahamas,,Andros Town,true,500
25680,JTC,SBAE,medium_airport,Bauru/Arealva–Moussa Nakhal Tobias State Airport,-22.1608,-49.0703,1962,SA,Brazil,,Bauru,true,500
45885,ZEL,CBBC,medium_airport,Bella Bella (Campbell Island) Airport,52.185,-128.157,141,NA,Canada,,Bella Bella,true,500
34104,QBC,CYBD,medium_airport,Bella Coola Airport,52.3875,-126.596,117,NA,Canada,,Bella Coola,true,500
45191,YVB,CYVB,medium_airport,Bonaventure Airport,48.0711,-65.4603,123,NA,Canada,,Bonaventure,true,500
13986,ASI,FHAW,medium_airport,RAF Ascension Island,-7.9702,-14.3927,278,AF,"Saint Helena, Ascension and Tristan da Cunha",,Cat Hill,true,500
16652,CUK,,medium_airport,Caye Caulker Airport,17.735,-88.0329,2,NA,Belize,,Caye Caulker,true,500
30807,NRR,TJRV,medium_airport,José Aponte de la Torre Airport,18.2473,-65.6398,38,NA,Puerto Rico,,Ceiba,true,500
17453,DGT,RPVD,medium_airport,Sibulan Airport,9.3342,123.3019,15,AS,Philippines,,Dumaguete City,true,500
21235,GDV,KGDV,medium_airport,Dawson Community Airport,47.1377,-104.8069,2458,NA,United States,,Glendive,true,500
44671,YGV,CYGV,medium_airport,Havre-Saint-Pierre Airport,50.2819,-63.6114,124,NA,Canada,,Havre-Saint-Pierre,true,500
22595,HFN,BIHN,medium_airport,Hornafjörður Airport,64.2956,-15.2272,24,EU,Iceland,,Höfn,true,500
23164,HVG,ENHV,medium_airport,"Honningsvåg Airport, Valan",71.0097,25.9836,44,EU,Norway,,Honningsvåg,true,500
26298,KAI,SYKA,medium_airport,Kaieteur Airport,5.1773,-59.489,1520,SA,Guyana,,Kaieteur Falls,true,500
24149,IMT,KIMT,medium_airport,Ford Airport,45.8191,-88.1146,1182,NA,United States,,Kingsford,true,500
29284,MLG,WARA,medium_airport,Abdul Rachman Saleh Airport,-7.9291,112.7142,1726,AS,Indonesia,,Malang,true,500
29749,MYD,HKML,medium_airport,Malindi International Airport,-3.2293,40.1017,80,AF,Kenya,,Malindi,true,500
37568,SZK,FASZ,medium_airport,Skukuza Airport,-24.9609,31.5886,1020,AF,South Africa,,Skukuza,true,500
37178,SOQ,WASS,medium_airport,Domine Eduard Osok Airport,-0.894,131.287,10,AS,Indonesia,,Sorong,true,500
41198,VSE,LPVZ,medium_airport,Aerodromo Goncalves Lobato (Viseu Airport),40.7255,-7.889,2060,EU,Portugal,,Viseu,true,500
45123,YTF,CYTF,medium_airport,Alma Airport,48.5089,-71.6419,445,NA,Canada,,Alma,true,500
14844,BGC,LPBG,medium_airport,Bragança Airport,41.8578,-6.7071,2241,EU,Portugal,,Bragança,true,500
35596,RGS,LEBG,medium_airport,Burgos Airport,42.3576,-3.6208,2962,EU,Spain,,Burgos,true,500
17634,DLU,ZPDL,medium_airport,Dali Fengyi Airport,25.6494,100.319,7050,AS,China,,Dali (Xiaguan),true,500
17515,DIJ,LFSD,medium_airport,Dijon Longvic airport,47.2689,5.09,726,EU,France,,Dijon,true,500
23175,HVR,KHVR,medium_airport,Havre City County Airport,48.5414,-109.7629,2591,NA,United States,,Havre,true,500
22528,HDS,FAHS,medium_airport,Eastgate Airport / Air Force Base Hoedspruit,-24.3619,31.0529,1801,AF,South Africa,,Hoedspruit,true,500
24352,ISG,ROIG,medium_airport,New Ishigaki Airport,24.3964,124.245,102,AS,Japan,,Ishigaki,true,500
26291,KAB,FVKB,medium_airport,Kariba Airport,-16.5198,28.885,1706,AF,Zimbabwe,,Kariba,true,500
27028,KUS,BGKK,medium_airport,Kulusuk Airport,65.5736,-37.1236,117,NA,Greenland,,Kulusuk,true,500
27750,LEU,LESU,medium_airport,Pirineus - la Seu d'Urgel Airport,42.3386,1.4092,2625,EU,Spain,,La Seu d'Urgell Pyrenees and Andorra,true,500
32831,PBZ,FAPG,medium_airport,Plettenberg Bay Airport,-34.0882,23.3287,465,AF,South Africa,,Plettenberg Bay,true,500
33257,PNT,SCNT,medium_airport,Lieutenant Julio Gallardo Airport,-51.6707,-72.5291,217,SA,Chile,,Puerto Natales,true,500
35578,RGA,SAWE,medium_airport,Gobernador Ramón Trejo Noel International Airport,-53.7777,-67.7494,65,SA,Argentina,,Rio Grande,true,500
36790,SDY,KSDY,medium_airport,Sidney - Richland Regional Airport,47.7051,-104.1944,1985,NA,United States,,Sidney,true,500
38614,TSM,KSKX,medium_airport,Taos Regional Airport,36.4525,-105.6775,7095,NA,United States,,Taos,true,500
39726,UNI,TVSU,medium_airport,Union Island International Airport,12.6001,-61.4119,16,NA,Saint Vincent and the Grenadines,,Union Island,true,500
38320,TKG,WILL,medium_airport,Radin Inten II International Airport,-5.2468,105.1825,282,AS,Indonesia,,Bandar Lampung,true,500
15388,BVG,ENBV,medium_airport,Berlevåg Airport,70.8715,29.0341,42,EU,Norway,,Berlevåg,true,500
15386,BVE,LFSL,medium_airport,Brive Souillac airport,45.0397,1.4856,1016,EU,France,,Brive,true,500
44999,YPZ,CYPZ,medium_airport,Burns Lake Airport,54.3764,-125.951,2343,NA,Canada,,Burns Lake,true,500
45334,YZA,,medium_airport,Cache Creek-Ashcroft Regional Airport,50.7753,-121.3213,2034,NA,Canada,,Cache Creek,true,500
18915,ELF,HSFS,medium_airport,El Fasher Airport,13.6149,25.3246,2393,AF,Sudan,,El Fasher,true,500
21479,GKN,PAGK,medium_airport,Gulkana Airport,62.1559,-145.4547,1586,NA,United States,,Gulkana,true,500
28022,LME,LFRM,medium_airport,Le Mans-Arnage Airport,47.9486,0.2017,194,EU,France,,"Le Mans, Sarthe",true,500
29267,MKZ,WMKM,medium_airport,Malacca International Airport,2.2656,102.2528,35,AS,Malaysia,,Malacca,true,500
29033,MEH,ENMH,medium_airport,Mehamn Airport,71.0297,27.8267,39,EU,Norway,,Mehamn,true,500
29422,MPA,FYKM,medium_airport,Katima Mulilo Airport,-17.6343,24.1767,3144,AF,Namibia,,Mpacha,true,500
40125,UYL,HSNN,medium_airport,Nyala Airport,12.0535,24.9562,2106,AF,Sudan,,Nyala,true,500
32933,PET,SBPK,medium_airport,João Simões Lopes Neto International Airport,-31.7172,-52.3278,59,SA,Brazil,,Pelotas,true,500
33175,PLJ,MZPL,medium_airport,Placencia Airport,16.537,-88.3615,3,NA,Belize,,Placencia,true,500
33011,PGZ,SBPG,medium_airport,Ponta Grossa Airport - Comandante Antonio Amilton Beraldo,-25.1845,-50.1438,2588,SA,Brazil,,Ponta Grossa,true,500
37973,TAT,LZTT,medium_airport,Poprad-Tatry Airport,49.071,20.2414,2356,EU,Slovakia,,Poprad,true,500
35880,ROO,SBRD,medium_airport,Maestro Marinho Franco Airport,-16.5843,-54.7248,1467,SA,Brazil,,Rondonópolis,true,500
37103,SMN,KSMN,medium_airport,Lemhi County Airport,45.1222,-113.882,4043,NA,United States,,Salmon,true,500
36990,SJI,RPUH,medium_airport,San Jose Airport,12.3615,121.047,14,AS,Philippines,,San Jose,true,500
36964,SIS,FASS,medium_airport,Sishen Airport,-27.6486,22.9993,3848,AF,South Africa,,Sishen,true,500
25264,JHS,BGSS,medium_airport,Sisimiut Airport,66.9513,-53.7293,33,NA,Greenland,,Sisimiut,true,500
44729,YIH,ZHYC,medium_airport,Yichang Sanxia Airport,30.5541,111.4826,673,AS,China,,Yichang (Xiaoting),true,500
13563,AGR,VIAG,medium_airport,Agra Airport / Agra Air Force Station,27.158,77.961,551,AS,India,,Agra,true,500
13521,AFL,SBAT,medium_airport,Piloto Osvaldo Marques Dias Airport,-9.8664,-56.1063,948,SA,Brazil,,Alta Floresta,true,500
44434,YAA,,medium_airport,Anahim Lake Airport,52.4515,-125.3038,3635,NA,Canada,,Anahim Lake,true,500
13705,AKP,PAKP,medium_airport,Anaktuvuk Pass Airport,68.1336,-151.743,2102,NA,United States,,Anaktuvuk Pass,true,500
13353,AAX,SBAX,medium_airport,Romeu Zema Airport,-19.5632,-46.9604,3276,SA,Brazil,,Araxá,true,500
15318,BTI,PABA,medium_airport,Barter Island Long Range Radar Station Airport,70.134,-143.582,2,NA,United States,,Barter Island,true,500
27030,KUU,VIBR,medium_airport,Kullu Manali Airport,31.8767,77.1544,3573,AS,India,,Bhuntar,true,500
16049,CDT,LECH,medium_airport,Castellón-Costa Azahar Airport,40.2139,0.0733,1182,EU,Spain,,Castellón de la Plana,true,500
16258,CJM,VTSE,medium_airport,Chumphon Airport,10.7112,99.3617,18,AS,Thailand,,Chumphon,true,500
16829,CZH,,medium_airport,Corozal Airport,18.3822,-88.4119,40,NA,Belize,,Corozal,true,500
17507,DIB,VEMN,medium_airport,Dibrugarh Airport,27.4839,95.0169,362,AS,India,,Dibrugarh,true,500
19182,ESU,GMMI,medium_airport,Essaouira-Mogador Airport,31.3975,-9.6817,384,AF,Morocco,,Essaouira,true,500
21118,GAM,PAGM,medium_airport,Gambell Airport,63.7677,-171.7333,27,NA,United States,,Gambell,true,500
31052,NYK,HKNL,medium_airport,Nanyuki Civil Airport,-0.0624,37.0413,6250,AF,Kenya,,Gathiuru,true,500
23312,HZK,BIHU,medium_airport,Húsavík Airport,65.9523,-17.426,48,EU,Iceland,,Húsavík,true,500
22743,HJR,,medium_airport,Khajuraho Airport,24.8172,79.9186,728,AS,India,,Khajuraho,true,500
38085,TDX,VTBO,medium_airport,Trat Airport,12.2746,102.319,105,AS,Thailand,,Laem Ngop,true,500
27595,LAJ,SBLJ,medium_airport,Lages Airport,-27.7821,-50.2815,3065,SA,Brazil,,Lages,true,500
24097,ILD,LEDA,medium_airport,Lleida-Alguaire Airport,41.7282,0.535,1152,EU,Spain,,Lleida,true,500
27952,LKG,HKLK,medium_airport,Lokichogio Airport,4.2041,34.3482,2074,AF,Kenya,,Lokichogio,true,500
29100,MGC,KMGC,medium_airport,Michigan City Municipal Airport,41.7033,-86.8212,655,NA,United States,,Michigan City,true,500
29643,MVF,SBMS,medium_airport,Dix-Sept Rosado Airport,-5.2019,-37.3643,76,SA,Brazil,,Mossoró,true,500
25901,JZH,ZUJZ,medium_airport,Jiuzhai Huanglong Airport,32.8533,103.6822,11327,AS,China,,Ngawa (Songpan),true,500
33154,PKY,WAGG,medium_airport,Tjilik Riwut Airport,-2.2271,113.9434,82,AS,Indonesia,,Palangkaraya,true,500
37960,TAG,RPSP,medium_airport,Bohol-Panglao International Airport,9.573,123.7701,42,AS,Philippines,,Panglao,true,500
35484,RDO,EPRA,medium_airport,Warsaw Radom Airport,51.3894,21.2147,610,EU,Poland,,Radom,true,500
35919,RPR,,medium_airport,Swami Vivekananda Airport,21.1804,81.7388,1041,AS,India,,Raipur,true,500
45093,YSL,CYSL,medium_airport,Saint-Léonard Airport,47.1571,-67.8362,793,NA,Canada,,Saint-Léonard,true,500
44727,YIF,CYIF,medium_airport,St Augustin Airport,51.2117,-58.6583,20,NA,Canada,,St-Augustin,true,500
37978,TAY,EETU,medium_airport,Tartu Airport,58.3074,26.6865,220,EU,Estonia,,Tartu,true,500
41018,VNE,LFRV,medium_airport,Vannes-Meucon Airport,47.7233,-2.7186,446,EU,France,,Vannes/Meucon,true,500
25144,JEG,BGAA,medium_airport,Aasiaat Airport,68.7218,-52.7847,74,NA,Greenland,,Aasiaat,true,500
13377,ABL,PAFM,medium_airport,Ambler Airport,67.1055,-157.8553,334,NA,United States,,Ambler,true,500
13944,ARC,PARC,medium_airport,Arctic Village Airport,68.1147,-145.579,2092,NA,United States,,Arctic Village,true,500
16845,CZX,ZSCG,medium_airport,Changzhou Benniu International Airport,31.9205,119.7755,33,AS,China,,Changzhou,true,500
16031,CDB,PACD,medium_airport,Cold Bay Airport,55.2079,-162.725,96,NA,United States,,Cold Bay,true,500
16006,CCM,,medium_airport,Forquilhinha - Criciúma  Airport,-28.7257,-49.4245,92,SA,Brazil,,Criciúma,true,500
19960,FEG,UZFF,medium_airport,Fergana International Airport,40.3588,71.745,1980,AS,Uzbekistan,,Fergana,true,500
21117,GAL,PAGA,medium_airport,Edward G. Pitka Sr Airport,64.7362,-156.937,153,NA,United States,,Galena,true,500
21879,GVR,SBGV,medium_airport,Coronel Altino Machado Airport,-18.8959,-41.9829,561,SA,Brazil,,Governador Valadares,true,500
21742,GRY,BIGR,medium_airport,Grímsey Airport,66.5458,-18.0173,66,EU,Iceland,,Grímsey/Sandvík,true,500
25228,JGS,ZSGS,medium_airport,Jinggangshan Airport,26.8569,114.737,281,AS,China,,Ji'an,true,500
29798,MZQ,FAMU,medium_airport,Mkuze Airport,-27.6261,32.0443,400,AF,South Africa,,Mkuze,true,500
41061,VOL,LGBL,medium_airport,Nea Anchialos National Airport,39.2196,22.7943,83,EU,Greece,,Nea Anchialos,true,500
30906,NUI,PAQT,medium_airport,Nuiqsut Airport,70.21,-151.006,38,NA,United States,,Nuiqsut,true,500
34700,QRW,DNSU,medium_airport,Warri Airport,5.5982,5.8187,242,AF,Nigeria,,Okpe,true,500
31845,OKL,WAJO,medium_airport,Oksibil Airport,-4.9071,140.6277,4315,AS,Indonesia,,Oksibil,true,500
32130,OSI,LDOS,medium_airport,Osijek Airport,45.4624,18.8113,290,EU,Croatia,,Osijek(Klisa),true,500
32996,PGK,WIKK,medium_airport,Depati Amir Airport,-2.1622,106.139,109,AS,Indonesia,,Pangkal Pinang,true,500
44987,YPN,CYPN,medium_airport,Port-Menier Airport,49.8364,-64.2886,167,NA,Canada,,Port-Menier,true,500
44997,YPX,CYPX,medium_airport,Puvirnituq Airport,60.0506,-77.2869,74,NA,Canada,,Puvirnituq,true,500
30306,NDU,FYRU,medium_airport,Rundu Airport,-17.9565,19.7194,3627,AF,Namibia,,Rundu,true,500
14248,AZS,MDCY,medium_airport,Samaná El Catey International Airport,19.2693,-69.7374,30,NA,Dominican Republic,,Samana,true,500
36993,SJL,SBUA,medium_airport,São Gabriel da Cachoeira Airport,-0.1484,-66.9855,249,SA,Brazil,,São Gabriel da Cachoeira,true,500
37414,SVA,PASA,medium_airport,Savoonga Airport,63.6864,-170.493,53,NA,United States,,Savoonga,true,500
29498,MRE,HKMS,medium_airport,Mara Serena Lodge Airstrip,-1.4046,35.0083,5200,AF,Kenya,,Serena,true,500
38576,TRK,WAQQ,medium_airport,Juwata International Airport / Suharnoko Harbani AFB,3.3251,117.5642,23,AS,Indonesia,,Tarakan,true,500
38139,TFF,SBTF,medium_airport,Tefé Airport,-3.3829,-64.7241,186,SA,Brazil,,Tefé,true,500
38065,TDD,SLTR,medium_airport,Teniente Av. Jorge Henrich Arauz Airport,-14.8187,-64.918,509,SA,Bolivia,,Trinidad,true,500
41169,VRL,LPVR,medium_airport,Vila Real Airport,41.2743,-7.7205,1805,EU,Portugal,,Vila Real,true,500
15389,BVH,SBVH,medium_airport,Brigadeiro Camarão Airport,-12.6944,-60.0983,2018,SA,Brazil,,Vilhena,true,500
13569,AGX,VOAT,medium_airport,Agatti Airport,10.8237,72.176,14,AS,India,,Agatti,true,500
13665,AJL,VELP,medium_airport,Lengpui Airport,23.8406,92.6197,1398,AS,India,,Aizawl (Lengpui),true,500
24529,IXD,VEAB,medium_airport,Prayagraj Airport,25.4401,81.7339,322,AS,India,,Allahabad,true,500
15202,BQA,RPUR,medium_airport,Dr. Juan C. Angara Airport,15.7293,121.5,108,AS,Philippines,,Baler,true,500
16307,CKZ,LTBH,medium_airport,Çanakkale Airport,40.1377,26.4268,23,AS,Turkey,,Çanakkale,true,500
28323,LUR,PALU,medium_airport,Cape Lisburne LRRS Airport,68.8751,-166.11,16,NA,United States,,Cape Lisburne,true,500
17434,DGA,,medium_airport,Dangriga Airport,16.9825,-88.231,10,NA,Belize,,Dangriga,true,500
17271,DBR,VEDH,medium_airport,Darbhanga Airport,26.1928,85.9169,156,AS,India,,Darbhanga,true,500
17512,DIG,ZPDQ,medium_airport,Diqing Shangri-La Airport,27.7936,99.6772,10761,AS,China,,Diqing (Shangri-La),true,500
17746,DOY,ZSDY,medium_airport,Dongying Shengli Airport,37.5014,118.7899,15,AS,China,,Dongying (Kenli),true,500
19026,EOI,EGED,medium_airport,Eday Airport,59.1906,-2.7722,10,EU,United Kingdom,,Eday,true,500
18956,EMK,PAEM,medium_airport,Emmonak Airport,62.7861,-164.491,13,NA,United States,,Emmonak,true,500
20694,FYU,PFYU,medium_airport,Fort Yukon Airport,66.5717,-145.25,433,NA,United States,,Fort Yukon,true,500
21110,GAE,DTTG,medium_airport,Gabès Matmata International Airport,33.7337,9.9194,407,AF,Tunisia,,Gabès,true,500
21215,GDB,VAGD,medium_airport,Gondia Airport,21.5268,80.2903,987,AS,India,,Gondia,true,500
25015,JAV,BGJN,medium_airport,Ilulissat Airport,69.2432,-51.0571,95,NA,Greenland,,Ilulissat,true,500
24383,ITB,SBIH,medium_airport,Itaituba Airport,-4.2421,-56.0007,110,SA,Brazil,,Itaituba,true,500
25004,JAK,MTJA,medium_airport,Jacmel Airport,18.2411,-72.5185,167,NA,Haiti,,Jacmel,true,500
22802,HLE,FHSH,medium_airport,Saint Helena International Airport,-15.9589,-5.6461,1017,AF,"Saint Helena, Ascension and Tristan da Cunha",,Jamestown,true,500
26778,KNU,,medium_airport,Kanpur Airport,26.4043,80.4101,410,AS,India,,Kanpur,true,500
24536,IXK,VAKS,medium_airport,Keshod Airport,21.3171,70.2704,167,AS,India,,Keshod,true,500
28293,LTX,,medium_airport,Cotopaxi International Airport,-0.9068,-78.6158,9205,SA,Ecuador,,Latacunga,true,500
16786,CYA,MTCA,medium_airport,Antoine-Simon International Airport,18.2711,-73.7883,203,NA,Haiti,,Les Cayes,true,500
31085,NZH,ZBMZ,medium_airport,Manzhouli Xijiao Airport,49.5667,117.33,2231,AS,China,,Manzhouli,true,500
29470,MQM,LTCR,medium_airport,Mardin Airport,37.2233,40.6317,1729,AS,Turkey,,Mardin,true,500
29339,MMZ,OAMN,medium_airport,Maymana Zahiraddin Faryabi Airport,35.9308,64.7609,2743,AS,Afghanistan,,Maymana,true,500
29481,MQX,HAMK,medium_airport,Mekele Alula Aba Nega Airport,13.4674,39.5335,7396,AF,Ethiopia,,Mekele,true,500
37127,SNB,,medium_airport,Snake Bay Airport,-11.4177,130.6485,173,OC,Australia,,Milikapiti,true,500
31710,OGU,LTCB,medium_airport,Ordu–Giresun Airport,40.9669,38.086,11,AS,Turkey,,Ordu,true,500
38405,TMT,SBTB,medium_airport,Trombetas Airport,-1.4896,-56.3968,167,SA,Brazil,,Oriximiná,true,500
16300,CKS,SBCJ,medium_airport,Carajás Airport,-6.1178,-50.0034,2064,SA,Brazil,,Parauapebas,true,500
32791,PAV,SBUF,medium_airport,Paulo Afonso Airport,-9.4009,-38.2506,883,SA,Brazil,,Paulo Afonso,true,500
33083,PIZ,PPIZ,medium_airport,Point Lay LRRS Airport,69.7329,-163.005,22,NA,United States,,Point Lay,true,500
13345,AAP,WALS,medium_airport,Aji Pangeran Tumenggung Pranoto International Airport,-0.3745,117.2501,82,AS,Indonesia,,Samarinda,true,500
30697,NOP,LTCM,medium_airport,Sinop Airport,42.0183,35.0718,20,AS,Turkey,,Sinop,true,500
30557,NKT,LTCV,medium_airport,Şırnak Şerafettin Elçi Airport,37.3647,42.0582,2038,AS,Turkey,,Şırnak,true,500
38431,TNJ,WIDN,medium_airport,Raja Haji Fisabilillah International Airport,0.924,104.5334,52,AS,Indonesia,,Tanjung Pinang-Bintan Island,true,500
38580,TRO,YTRE,medium_airport,Taree Airport,-31.8886,152.514,38,OC,Australia,,Taree,true,500
38691,TUR,SBTU,medium_airport,Tucuruí Airport,-3.786,-49.7203,830,SA,Brazil,,Tucuruí,true,500
39362,UDE,EHVK,medium_airport,Volkel Air Base,51.6572,5.7078,72,EU,Netherlands,,Uden,true,500
39868,URG,SBUG,medium_airport,Rubem Berta Airport,-29.7822,-57.0382,256,SA,Brazil,,Uruguaiana,true,500
40549,VAD,KVAD,medium_airport,Moody Air Force Base,30.9678,-83.193,233,NA,United States,,Valdosta,true,500
41099,VPN,BIVO,medium_airport,Vopnafjörður Airport,65.7206,-14.8506,16,EU,Iceland,,Vopnafjörður,true,500
41991,WEF,ZSWF,medium_airport,Weifang Nanyuan Airport,36.6467,119.119,0,AS,China,,Weifang (Kuiwen),true,500
42515,WSZ,NZWS,medium_airport,Westport Airport,-41.7371,171.579,13,OC,New Zealand,,Westport,true,500
19895,FCN,ETMN,medium_airport,Sea-Airport Cuxhaven/Nordholz / Nordholz Naval Airbase,53.7677,8.6592,74,EU,Germany,,Wurster Nordseeküste,true,500
43331,XFN,ZHXF,medium_airport,Xiangyang Liuji Airport,32.1522,112.2917,234,AS,China,,Xiangyang (Xiangzhou),true,500
27022,KUM,RJFC,medium_airport,Yakushima Airport,30.3856,130.659,124,AS,Japan,,Yakushima,true,500
44586,YEI,LTBR,medium_airport,Bursa Yenişehir Airport,40.2552,29.5626,764,AS,Turkey,,Yenişehir,true,500
32219,OUZ,GQPZ,medium_airport,Tazadit Airport,22.7573,-12.4822,1119,AF,Mauritania,,Zouérate,true,500
42062,WGE,YWLG,medium_airport,Walgett Airport,-30.0328,148.126,439,OC,Australia,,,true,500
19388,EYK,USHQ,medium_airport,Beloyarskiy Airport,63.6869,66.6986,82,EU,Russia,,,true,500
37222,SPY,DISP,medium_airport,San Pedro Airport,4.7467,-6.6608,26,AF,Côte d'Ivoire,,,true,500
13494,AEU,OIBA,medium_airport,Abu Musa Island Airport,25.8757,55.033,23,AS,Iran,,Abu Musa,true,500
29046,MEU,SBMD,medium_airport,Monte Dourado - Serra do Areão Airport,-0.8898,-52.6022,677,SA,Brazil,,Almeirim,true,500
14026,ATM,SBHT,medium_airport,Altamira Interstate Airport,-3.2531,-52.2539,368,SA,Brazil,,Altamira,true,500
23110,HTY,LTDA,medium_airport,Hatay Airport,36.3608,36.2856,269,AS,Turkey,,Antakya,true,500
33566,PWE,UHMP,medium_airport,Pevek Airport,69.7833,170.597,11,AS,Russia,,Apapelgino,true,500
14675,BBN,WBGZ,medium_airport,Bario Airport,3.7346,115.4785,3350,AS,Malaysia,,Bario,true,500
14720,BCW,,medium_airport,Benguera Island Airport,-21.8533,35.4383,0,AF,Mozambique,,Benguera Island,true,500
15080,BMW,DATM,medium_airport,Bordj Badji Mokhtar Airport,21.3778,0.927,1303,AF,Algeria,,Bordj Badji Mokhtar,true,500
26622,KJI,ZWKN,medium_airport,Burqin Kanas Airport,48.2223,86.9959,3921,AS,China,,Burqin,true,500
25142,JEE,MTJE,medium_airport,Jérémie Airport,18.6631,-74.1703,147,NA,Haiti,,Carrefour Sanon,true,500
16788,CYC,,medium_airport,Caye Chapel Airport,17.6838,-88.045,3,NA,Belize,,Caye Chapel,true,500
38114,TEQ,LTBU,medium_airport,Tekirdağ Çorlu Airport,41.1382,27.9191,574,EU,Turkey,,Çorlu,true,500
25321,JJD,SBJE,medium_airport,Comandante Ariston Pessoa Airport,-2.9064,-40.3573,89,SA,Brazil,,Cruz,true,500
17725,DOD,HTDO,medium_airport,Dodoma Airport,-6.1706,35.756,3673,AF,Tanzania,,Dodoma,true,500
17524,DIS,FCPD,medium_airport,Ngot Nzoungou Airport,-4.2063,12.6599,1079,AF,Republic of the Congo,,Dolisie,true,500
40661,VDH,VVDH,medium_airport,Dong Hoi Airport,17.515,106.5906,59,AS,Vietnam,,Dong Hoi,true,500
35485,RDP,VEDG,medium_airport,Kazi Nazrul Islam Airport,23.6225,87.243,300,AS,India,,Durgapur,true,500
18753,EGX,PAII,medium_airport,Egegik Airport,58.1844,-157.3749,92,NA,United States,,Egegik,true,500
19137,ERL,ZBER,medium_airport,Erenhot Saiwusu International Airport,43.4241,112.0911,3301,AS,China,,Erenhot,true,500
19956,FEC,,medium_airport,João Durval Carneiro Airport,-12.2007,-38.9062,781,SA,Brazil,,Feira de Santana,true,500
20206,FLA,SKFL,medium_airport,Gustavo Artunduaga Paredes Airport,1.5892,-75.5644,803,SA,Colombia,,Florencia,true,500
21239,GDZ,URKG,medium_airport,Gelendzhik Airport,44.5821,38.0125,98,EU,Russia,,Gelendzhik,true,500
21552,GMO,DNGO,medium_airport,Gombe Lawanti International Airport,10.2989,10.9,1590,AF,Nigeria,,Gombe,true,500
22516,HDG,ZBHD,medium_airport,Handan Airport,36.5248,114.4241,229,AS,China,,Handan,true,500
35592,RGO,ZKHM,medium_airport,Orang (Chongjin) Airport,41.4285,129.6476,12,AS,North Korea,,Hoemun-ri,true,500
23917,IGD,LTCT,medium_airport,Iğdır Airport,39.9766,43.8766,3101,AS,Turkey,,Iğdır,true,500
24110,ILQ,SPLO,medium_airport,General Jorge Fernandez Maldon Airport,-17.695,-71.344,72,SA,Peru,,Ilo,true,500
24251,IPN,SBIP,medium_airport,Usiminas Airport,-19.4707,-42.4876,786,SA,Brazil,,Ipatinga,true,500
24617,IZT,MMIT,medium_airport,General Antonio Cárdenas Rodríguez National Airport / Ixtepec Air Base,16.446,-95.0937,164,NA,Mexico,,Ixtepec,true,500
25000,JAG,OPJA,medium_airport,Shahbaz Air Base,28.2842,68.4497,185,AS,Pakistan,,Jacobabad,true,500
25371,JKR,VNJP,medium_airport,Janakpur Airport,26.7088,85.9224,256,AS,Nepal,,Janakpur,true,500
25213,JGD,ZYJD,medium_airport,Daxing'anling Elunchun Airport,50.3714,124.1175,1205,AS,China,,Jiagedaqi,true,500
25487,JNZ,ZYJZ,medium_airport,Jinzhou Bay Airport,40.936,121.2771,0,AS,China,,Jinzhou (Linghai),true,500
24598,IZA,SBZM,medium_airport,Presidente Itamar Franco Airport,-21.5131,-43.1731,1348,SA,Brazil,,Juiz de Fora,true,500
24550,IXY,VAKE,medium_airport,Kandla Airport,23.1127,70.1003,96,AS,India,,Kandla,true,500
17578,DKA,DNKT,medium_airport,Umaru Musa Yar'adua Airport,13.0078,7.6604,1660,AF,Nigeria,,Katsina,true,500
26633,KJT,WICA,medium_airport,Kertajati International Airport,-6.6474,108.1656,134,AS,Indonesia,,Kertajati,true,500
29467,MQJ,UEMA,medium_airport,Moma Airport,66.4509,143.2616,656,AS,Russia,,Khonuu,true,500
23711,IAN,PAIK,medium_airport,Bob Baker Memorial Airport,66.9761,-160.439,166,NA,United States,,Kiana,true,500
26708,KLW,PAKW,medium_airport,Klawock Airport,55.5792,-133.076,80,NA,United States,,Klawock,true,500
22632,HGO,DIKO,medium_airport,Korhogo Airport,9.3872,-5.5567,1214,AF,Côte d'Ivoire,,Korhogo,true,500
27060,KVO,LYKV,medium_airport,Morava Airport,43.8175,20.5867,686,EU,Serbia,,Kraljevo,true,500
29042,MEQ,WITC,medium_airport,Cut Nyak Dhien Airport,4.041,96.2533,10,AS,Indonesia,,Kuala Pesisir,true,500
21252,GEC,LCGK,medium_airport,Lefkoniko Airport / Geçitkale Air Base,35.2359,33.7201,146,AS,Cyprus,,Lefkoniko (Geçitkale),true,500
28493,LZH,ZGZH,medium_airport,Liuzhou Bailian Airport / Bailian Air Base,24.2075,109.391,295,AS,China,,Liuzhou (Liujiang),true,500
28998,MDI,DNMK,medium_airport,Makurdi Airport,7.7039,8.6139,371,AF,Nigeria,,Makurdi,true,500
29373,MNX,SBMY,medium_airport,Manicoré Airport,-5.8114,-61.2783,174,SA,Brazil,,Manicoré,true,500
28926,MBI,HTGW,medium_airport,Songwe Airport,-8.9199,33.274,4412,AF,Tanzania,,Mbeya,true,500
29317,MMD,ROMD,medium_airport,Minamidaito Airport,25.8465,131.263,167,AS,Japan,,Minamidaito,true,500
29547,MSR,LTCK,medium_airport,Muş Airport,38.7478,41.6612,4157,AS,Turkey,,Muş,true,500
29762,MYQ,VOMY,medium_airport,Mysore Airport,12.2298,76.6537,2349,AS,India,,Mysore,true,500
30868,NTG,ZSNT,medium_airport,Nantong Xingdong International Airport,32.0736,120.9801,16,AS,China,,Nantong (Tongzhou),true,500
30582,NLI,UHNN,medium_airport,Nikolayevsk-na-Amure Airport,53.155,140.65,170,AS,Russia,,Nikolayevsk-na-Amure Airport,true,500
13999,ASV,HKAM,medium_airport,Amboseli Airport,-2.6448,37.2529,3755,AF,Kenya,,Ol Tukai,true,500
32376,OZC,RPMO,medium_airport,Labo Airport,8.1785,123.842,75,AS,Philippines,,Ozamiz,true,500
13480,AEG,WIME,medium_airport,Aek Godang Airport,1.4001,99.4305,922,AS,Indonesia,,Padang Sidempuan,true,500
33023,PHB,SBPB,medium_airport,Parnaíba - Prefeito Doutor João Silva Filho International Airport,-2.8937,-41.732,23,SA,Brazil,,Parnaíba,true,500
33461,PTH,PAPH,medium_airport,Port Heiden Airport,56.9579,-158.6302,95,NA,United States,,Port Heiden,true,500
30194,NAQ,BGQQ,medium_airport,Qaanaaq Airport,77.4886,-69.3887,51,NA,Greenland,,Qaanaaq,true,500
40912,VKG,VVRG,medium_airport,Rach Gia Airport,9.958,105.1324,7,AS,Vietnam,,Rach Gia,true,500
35523,RER,MGRT,medium_airport,Retalhuleu Airport,14.5214,-91.697,656,NA,Guatemala,,Retalhuleu,true,500
36142,RVY,SURV,medium_airport,Pres. Gral. Óscar D. Gestido Binational Airport,-30.9746,-55.4762,712,SA,Uruguay,,Rivera/Santana do Livramento,true,500
37147,SNV,SVSE,medium_airport,Santa Elena de Uairén Airport,4.5547,-61.1452,2938,SA,Venezuela,,Santa Elena de Uairén,true,500
30410,NGQ,ZUAL,medium_airport,Ngari Gunsa Airport,32.0979,80.054,14022,AS,China,,Shiquanhe,true,500
36812,SEK,UESK,medium_airport,Srednekolymsk Airport,67.4805,153.7364,60,AS,Russia,,Srednekolymsk,true,500
37582,SZY,EPSY,medium_airport,Olsztyn-Mazury Airport,53.4819,20.9377,463,EU,Poland,,Szymany,true,500
38009,TBT,SBTT,medium_airport,Tabatinga International Airport,-4.2557,-69.9358,263,SA,Brazil,,Tabatinga,true,500
38426,TNE,RJFG,medium_airport,New Tanegashima Airport,30.6051,130.991,768,AS,Japan,,Tanegashima,true,500
42587,WUZ,ZGWZ,medium_airport,Wuzhou Xijiang Airport,23.4032,111.0933,357,AS,China,,Tangbu,true,500
14779,BEJ,WAQT,medium_airport,Kalimarau Airport,2.1478,117.4307,59,AS,Indonesia,,Tanjung Redeb - Borneo Island,true,500
39728,UNK,PAUN,medium_airport,Unalakleet Airport,63.8884,-160.799,27,NA,United States,,Unalakleet,true,500
39633,UKX,UITT,medium_airport,Ust-Kut Airport,56.8567,105.73,2188,AS,Russia,,Ust-Kut,true,500
34800,QUO,DNAI,medium_airport,Akwa Ibom International Airport,4.8725,8.093,170,AF,Nigeria,,Uyo,true,500
41284,VUS,ULWU,medium_airport,Velikiy Ustyug Airport,60.7883,46.26,331,AS,Russia,,Velikiy Ustyug,true,500
13631,AIN,PAWI,medium_airport,Wainwright Airport,70.638,-159.995,41,NA,United States,,Wainwright,true,500
31875,OLF,KOLF,medium_airport,L M Clayton Airport,48.0945,-105.575,1986,NA,United States,,Wolf Point,true,500
42364,WOS,ZKWS,medium_airport,Wonsan Kalma Airport,39.1652,127.4879,7,AS,North Korea,,Wonsan,true,500
43883,XUZ,ZSXZ,medium_airport,Xuzhou Guanyin International Airport,34.0591,117.5553,108,AS,China,,Xuzhou,true,500
45142,YTY,ZSYA,medium_airport,Yangzhou Taizhou Airport,32.5634,119.7198,7,AS,China,,Yangzhou,true,500
44724,YIC,ZSYC,medium_airport,Yichun Mingyueshan Airport,27.8025,114.3062,430,AS,China,,Yichun,true,500
20536,FUG,ZSFY,medium_airport,Fuyang Xiguan Airport,32.8822,115.7344,104,AS,China,,"Yingzhou, Fuyang",true,500
46041,ZIX,UEVV,medium_airport,Zhigansk Airport,66.7965,123.361,292,AS,Russia,,Zhigansk,true,500
25642,JSA,VIJR,medium_airport,Jaisalmer Airport,26.8887,70.865,751,AS,India,,,true,500
33046,PHY,VTPB,medium_airport,Phetchabun Airport,16.676,101.195,450,AS,Thailand,,,true,500
20123,FIZ,YFTZ,medium_airport,Fitzroy Crossing Airport,-18.1836,125.5598,368,OC,Australia,,,true,500
16442,COQ,ZMCD,medium_airport,Choibalsan Airport,48.1354,114.6472,2457,AS,Mongolia,,,true,500
13586,AHE,NTHE,medium_airport,Ahe Airport,-14.4281,-146.257,11,OC,French Polynesia,,Ahe Atoll,true,500
26873,KQH,VIKG,medium_airport,Kishangarh Airport Ajmer,26.591,74.813,0,AS,India,,Ajmer (Kishangarh),true,500
28278,LTI,ZMAT,medium_airport,Altai Airport,46.3764,96.2211,7260,AS,Mongolia,,Altai,true,500
13349,AAT,ZWAT,medium_airport,Altay Xuedu Airport,47.7499,88.0858,2460,AS,China,,Altay,true,500
14167,AXJ,RJDA,medium_airport,Amakusa Airport,32.4825,130.159,340,AS,Japan,,Amakusa,true,500
13840,AOG,ZYAS,medium_airport,Anshan Teng'ao Airport / Anshan Air Base,41.1053,122.854,0,AS,China,,Anshan,true,500
14086,AVA,ZUAS,medium_airport,Anshun Huangguoshu Airport,26.2606,105.8733,4812,AS,China,,Anshun (Xixiu),true,500
13819,ANV,PANV,medium_airport,Anvik Airport,62.6467,-160.191,291,NA,United States,,Anvik,true,500
14073,AUX,SWGN,medium_airport,Araguaína Airport,-7.2279,-48.2405,771,SA,Brazil,,Araguaína,true,500
40927,VKV,,medium_airport,Vaskovo Airport,64.4417,40.4217,82,EU,Russia,,Arkhangelsk,true,500
36082,RUA,HUAR,medium_airport,Arua Airport,3.0492,30.9117,3951,AF,Uganda,,Arua,true,500
14024,ATK,PATQ,medium_airport,Atqasuk Edward Burnell Sr Memorial Airport,70.467,-157.436,96,NA,United States,,Atqasuk,true,500
13475,AEB,ZGBS,medium_airport,Baise (Bose) Bama Airport,23.7206,106.96,490,AS,China,,Baise (Tianyang),true,500
15534,BZI,LTBF,medium_airport,Balıkesir Airport,39.6193,27.926,340,AS,Turkey,,Balıkesir,true,500
15277,BSD,ZPBS,medium_airport,Baoshan Yunrui Airport,25.0533,99.1683,5453,AS,China,,Baoshan (Longyang),true,500
14163,AXF,ZBAL,medium_airport,Alxa Left Banner Bayanhot Airport,38.7483,105.5842,4560,AS,China,,Bayanhot,true,500
35768,RLK,ZBYZ,medium_airport,Bayannur Tianjitai Airport,40.9264,107.7409,3400,AS,China,,Bayannur,true,500
15549,BZX,ZUBZ,medium_airport,Bazhong Enyang Airport,31.7384,106.6449,1804,AS,China,,Bazhong,true,500
14902,BHY,ZGBH,medium_airport,Beihai Fucheng Airport,21.5387,109.2937,75,AS,China,,Beihai,true,500
32771,PAB,VEBU,medium_airport,Bilaspur Airport,21.9884,82.111,899,AS,India,,Bilaspur,true,500
15078,BMU,WADB,medium_airport,Sultan Muhammad Salahuddin Airport,-8.5372,118.685,3,AS,Indonesia,,Bima,true,500
15536,BZK,UUBP,medium_airport,Bryansk International Airport,53.2144,34.176,663,EU,Russia,,Bryansk,true,500
15929,CAH,VVCM,medium_airport,Cà Mau Airport,9.1777,105.1778,6,AS,Vietnam,,Ca Mau City,true,500
13884,APO,SKLC,medium_airport,Antonio Roldán Betancur Airport,7.812,-76.7164,46,SA,Colombia,,Carepa,true,500
16811,CYZ,RPUY,medium_airport,Cauayan Airport,16.9299,121.753,200,AS,Philippines,,Cauayan City,true,500
16181,CHH,SPPY,medium_airport,Chachapoyas Airport,-6.2019,-77.8562,8333,SA,Peru,,Chachapoyas,true,500
16141,CGD,ZGCD,medium_airport,Changde Taohuayuan Airport,28.9189,111.64,128,AS,China,,Changde (Dingcheng),true,500
22499,HCZ,ZGCZ,medium_airport,Chenzhou Beihu Airport,25.7534,112.8454,1071,AS,China,,Chenzhou,true,500
17942,DUE,FNDU,medium_airport,Dundo Airport,-7.4009,20.8185,2451,AF,Angola,,Chitato,true,500
18013,DWD,OEDM,medium_airport,Dawadmi Domestic Airport,24.4499,44.1212,3026,AS,Saudi Arabia,,Dawadmi,true,500
18125,DZH,ZUDA,medium_airport,Dazhou Jinya Airport,31.0488,107.4356,1342,AS,China,,Dazhou (Dachuan),true,500
17836,DRG,PADE,medium_airport,Deering Airport,66.0689,-162.7669,21,NA,United States,,Deering,true,500
28318,LUM,ZPMS,medium_airport,Dehong Mangshi International Airport,24.4011,98.5317,2890,AS,China,,Dehong (Mangshi),true,500
17367,DEF,OIAD,medium_airport,Dezful Airport,32.4344,48.3976,474,AS,Iran,,Dezful,true,500
18989,ENH,ZHES,medium_airport,Enshi Xujiaping Airport,30.3203,109.485,1605,AS,China,,Enshi (Enshi),true,500
20544,FUO,ZGFS,medium_airport,Foshan Shadi Airport,23.0825,113.0708,6,AS,China,,Foshan (Nanhai),true,500
21143,GBB,UBBQ,medium_airport,Gabala International Airport,40.8086,47.7254,935,AS,Azerbaijan,,Gabala,true,500
21941,GXH,ZLXH,medium_airport,Gannan Xiahe Airport,34.819,102.6223,10510,AS,China,,Gannan (Xiahe),true,500
17314,DCY,ZUDC,medium_airport,Daocheng Yading Airport,29.3163,100.0603,14472,AS,China,,Garzê (Daocheng),true,500
21626,GOQ,ZLGM,medium_airport,Golmud Airport,36.4006,94.7861,9334,AS,China,,Golmud,true,500
21554,GMQ,ZLGL,medium_airport,Golog Maqên Airport,34.4181,100.3011,12426,AS,China,,Golog (Maqên),true,500
21430,GJA,MHNJ,medium_airport,La Laguna Airport,16.4454,-85.9066,49,NA,Honduras,,Guanaja,true,500
21970,GYA,,medium_airport,Guayaramerín Airport,-10.8886,-65.381,456,SA,Bolivia,,Guayaramerín,true,500
44808,YKO,LTCW,medium_airport,Hakkari Yüksekova Airport,37.5497,44.2381,6400,AS,Turkey,,Hakkari,true,500
22522,HDM,OIHH,medium_airport,Hamadan Airport,34.8664,48.5607,5755,AS,Iran,,Hamadan,true,500
22842,HMI,ZWHM,medium_airport,Hami Airport,42.8414,93.6692,2703,AS,China,,Hami,true,500
23308,HZG,ZLHZ,medium_airport,Hanzhong Chenggu Airport,33.1335,107.2038,0,AS,China,,Hanzhong (Chenggu),true,500
39791,UPB,MUPB,medium_airport,Playa Baracoa Airport,23.0328,-82.5794,102,NA,Cuba,,Havana,true,500
22553,HEH,VYHH,medium_airport,Heho Airport,20.7471,96.792,3858,AS,Myanmar,,Heho,true,500
17922,DTU,ZYDU,medium_airport,Wudalianchi Dedu Airport,48.441,126.1284,984,AS,China,,Heihe,true,500
23136,HUO,ZBHZ,medium_airport,Holingol Huolinhe Airport,45.4872,119.4072,0,AS,China,,Holingol,true,500
23147,HUZ,ZGHZ,medium_airport,Huizhou Pingtan Airport,23.05,114.6,50,AS,China,,Huizhou (Pingtan),true,500
24066,IKI,RJDB,medium_airport,Iki Airport,33.749,129.785,41,AS,Japan,,Iki,true,500
24102,ILI,PAIL,medium_airport,Iliamna Airport,59.7544,-154.911,192,NA,United States,,Iliamna,true,500
24998,JAE,SPJE,medium_airport,Shumba Airport,-5.5925,-78.774,2477,SA,Peru,,Jaén,true,500
25014,JAU,SPJJ,medium_airport,Francisco Carle Airport,-11.7831,-75.4734,11034,SA,Peru,,Jauja,true,500
25284,JIC,ZLJC,medium_airport,Jinchang Jinchuan Airport,38.5422,102.3483,4740,AS,China,,Jinchang,true,500
36928,SHS,ZHJZ,medium_airport,Jingzhou Shashi Airport,30.2928,112.4485,95,AS,China,,Jingzhou (Shashi),true,500
25468,JNG,ZSJG,medium_airport,Jining Da'an Airport,35.6474,116.7433,171,AS,China,,Jining,true,500
16045,CDP,VOCP,medium_airport,Kadapa Airport,14.5132,78.7692,430,AS,India,,Kadapa,true,500
17482,DHM,VIGG,medium_airport,Kangra Airport,32.1649,76.263,2525,AS,India,,Kangra,true,500
13376,ABK,HAKD,medium_airport,Kebri Dahar Airport,6.7326,44.2413,1800,AF,Ethiopia,,Kebri Dahar,true,500
26852,KPW,UHMK,medium_airport,Keperveem Airport,67.845,166.14,623,AS,Russia,,Keperveem,true,500
33006,PGU,OIBP,medium_airport,Persian Gulf International Airport,27.3796,52.7377,27,AS,Iran,,Khiyaroo,true,500
26561,KHT,OAKS,medium_airport,Khost International Airport,33.2846,69.8073,4204,AS,Afghanistan,,Khost,true,500
26565,KHX,,medium_airport,Savannah Airstrip,-0.7165,29.6997,3600,AF,Uganda,,Kihihi,true,500
26673,KKX,RJKI,medium_airport,Kikai Airport,28.3213,129.928,21,AS,Japan,,Kikai,true,500
27119,KXB,WAWP,medium_airport,Sangia Nibandera Airport,-4.3382,121.524,40,AS,Indonesia,,Kolaka,true,500
26744,KMW,UUBA,medium_airport,Kostroma Sokerkino Airport,57.7969,41.0194,446,EU,Russia,,Kostroma,true,500
26386,KCY,,medium_airport,Krasnoyarsk Cheremshanka Airport,56.1776,92.5459,833,AS,Russia,,Krasnoyarsk,true,500
20327,FON,MRAN,medium_airport,La Fortuna Arenal Airport,10.4693,-84.5791,342,NA,Costa Rica,,La Fortuna,true,500
27984,LLC,RPLH,medium_airport,Cagayan North International Airport,18.1824,121.7462,148,AS,Philippines,,Lal-lo,true,500
27778,LFM,OISR,medium_airport,Lamerd Airport,27.3727,53.1888,1337,AS,Iran,,Lamerd,true,500
28327,LUV,WAPF,medium_airport,Karel Sadsuitubun Airport,-5.7603,132.7594,78,AS,Indonesia,,Langgur,true,500
28063,LNJ,ZPLC,medium_airport,Lincang Boshang Airport,23.7381,100.025,6230,AS,China,,Lincang,true,500
28458,LYI,ZSLY,medium_airport,Linyi Qiyang Airport,35.0529,118.4118,177,AS,China,,Linyi (Hedong),true,500
28003,LLV,ZBLL,medium_airport,Lüliang Dawu Airport,37.6833,111.1428,0,AS,China,,Lüliang,true,500
28500,LZO,ZULZ,medium_airport,Luzhou Yunlong Airport,29.0304,105.4684,0,AS,China,,Luzhou (Yunlong),true,500
40558,VAM,VRMV,medium_airport,Villa International Airport Maamigili,3.4718,72.8326,6,AS,Maldives,,Maamigili,true,500
29072,MFK,RCMT,medium_airport,Matsu Beigan Airport,26.2241,120.0027,41,AS,Taiwan,,Matsu (Beigan),true,500
28499,LZN,RCFG,medium_airport,Matsu Nangan Airport,26.1597,119.9584,232,AS,Taiwan,,Matsu (Nangan),true,500
29766,MYU,PAMY,medium_airport,Mekoryuk Airport,60.3723,-166.2698,48,NA,United States,,Mekoryuk,true,500
23105,HTT,ZLHX,medium_airport,Huatugou Airport,38.2016,90.8378,2945,AS,China,,Mengnai,true,500
31730,OHE,ZYMH,medium_airport,Mohe Gulian Airport,52.9169,122.4228,1836,AS,China,,Mohe,true,500
29800,MZS,,medium_airport,Moradabad Airport,28.8175,78.9219,637,AS,India,,Moradabad,true,500
29099,MGB,YMTG,medium_airport,Mount Gambier Airport,-37.7444,140.7806,0,OC,Australia,,Mount Gambier,true,500
29352,MNC,FQNC,medium_airport,Nacala International Airport,-14.4882,40.7122,410,AF,Mozambique,,Nacala,true,500
30190,NAM,WAPN,medium_airport,Namniwel Airport,-3.1432,126.9765,7,AS,Indonesia,,Namniwel,true,500
30732,NPO,WIOG,medium_airport,Nanga Pinoh Airport,-0.3486,111.7462,123,AS,Indonesia,,Nanga Pinoh-Borneo Island,true,500
16405,CNP,BGCO,medium_airport,Neerlerit Inaat Airport,70.7431,-22.6505,45,NA,Greenland,,Neerlerit Inaat,true,500
30581,NLH,ZPNL,medium_airport,Ninglang Luguhu Airport,27.5403,100.7593,10804,AS,China,,Ninglang,true,500
39652,ULG,ZMUL,medium_airport,Ölgii Mongolei International Airport,48.9933,89.9225,5732,AS,Mongolia,,Ölgii,true,500
27157,KYD,RCLY,medium_airport,Lanyu Airport,22.027,121.535,44,AS,Taiwan,,Orchid Island,true,500
33678,PZI,ZUZH,medium_airport,Panzhihua Bao'anying Airport,26.54,101.7985,1620,AS,China,,Panzhihua (Renhe),true,500
24541,IXP,VIPK,medium_airport,Pathankot Airport,32.2336,75.6344,1017,AS,India,,Pathankot,true,500
33474,PTU,PAPM,medium_airport,Platinum Airport,59.0177,-161.8279,15,NA,United States,,Platinum,true,500
33028,PHG,DNPM,medium_airport,Port Harcourt City Airport / Port Harcourt Air Force Base,4.8461,7.0214,57,AF,Nigeria,,Port Harcourt,true,500
24287,IQN,ZLQY,medium_airport,Qingyang Xifeng Airport,35.8026,107.5989,0,AS,China,,Qingyang (Xifeng),true,500
15170,BPE,ZBDH,medium_airport,Qinhuangdao Beidaihe Airport,39.6664,119.0614,46,AS,China,,Qinhuangdao (Changli),true,500
14643,BAR,ZJQH,medium_airport,Qionghai Bo'ao Airport,19.141,110.4528,30,AS,China,,Qionghai (Basuo),true,500
35528,REW,,medium_airport,"Rewa Airport, Chorhata, REWA",24.5034,81.2203,1000,AS,India,,Rewa,true,500
35651,RIB,SLRI,medium_airport,Capitán Av. Selin Zeitun Lopez Airport,-11.0094,-66.0755,462,SA,Bolivia,,Riberalta,true,500
35675,RIZ,ZSRZ,medium_airport,Rizhao Shanzihe Airport,35.405,119.3244,121,AS,China,,Rizhao (Donggang),true,500
35422,RBY,PARY,medium_airport,Ruby Airport,64.7272,-155.47,658,NA,United States,,Ruby,true,500
36713,SBT,USDA,medium_airport,Sabetta International Airport,71.2192,72.0522,46,AS,Russia,,Sabetta,true,500
36784,SDS,RJSD,medium_airport,Sado Airport,38.0602,138.414,88,AS,Japan,,Sado,true,500
37243,SQJ,ZSSM,medium_airport,Sanming Shaxian Airport,26.4263,117.8336,830,AS,China,,Sanming (Sha),true,500
19215,ETR,SERO,medium_airport,Santa Rosa - Artillery Colonel Victor Larrea International Airport,-3.442,-79.997,20,SA,Ecuador,,Santa Rosa,true,500
37540,SYS,UERS,medium_airport,Saskylakh Airport,71.9279,114.08,0,EU,Russia,,Saskylakh,true,500
34719,QSF,DAAS,medium_airport,Ain Arnat Airport,36.1785,5.3299,3360,AF,Algeria,,Sétif,true,500
23052,HSC,ZGSG,medium_airport,Shaoguan Danxia Airport,24.9786,113.421,280,AS,China,,Shaoguan,true,500
22948,HPG,ZHSN,medium_airport,Shennongjia Hongping Airport,31.626,110.34,8365,AS,China,,Shennongjia (Hongping),true,500
41968,WDS,ZHSY,medium_airport,Shiyan Wudangshan Airport,32.5929,110.9063,0,AS,China,,Shiyan (Maojian),true,500
16180,CHG,ZYCY,medium_airport,Chaoyang Airport,41.5381,120.435,568,AS,China,,"Shuangta, Chaoyang",true,500
20231,FLZ,WIMS,medium_airport,Dr. Ferdinand Lumban Tobing Airport,1.5571,98.8871,33,AS,Indonesia,,Sibolga (Pinangsori),true,500
37240,SQG,WIOS,medium_airport,Tebelian Airport,-0.0452,111.458,97,AS,Indonesia,,Sintang,true,500
25656,JSO,,medium_airport,Dr. Luciano de Arruda Coelho Regional Airport,-3.6145,-40.2314,299,SA,Brazil,,Sobral,true,500
17880,DSO,ZKSD,medium_airport,Sondok Airport,39.7452,127.474,12,AS,North Korea,,Sŏndŏng-ni,true,500
40843,VIJ,TUPW,medium_airport,Virgin Gorda Airport,18.4466,-64.4279,9,NA,British Virgin Islands,,Spanish Town,true,500
37348,STG,PAPB,medium_airport,St George Airport,56.5773,-169.6638,125,NA,United States,,St George,true,500
37141,SNP,PASN,medium_airport,St Paul Island Airport,57.1663,-170.2226,63,NA,United States,,St Paul Island,true,500
39258,UAI,WPDB,medium_airport,"Commander in Chief of FALINTIL, Kay Rala Xanana Gusmão, International Airport",-9.3019,125.2863,96,AS,Timor-Leste,,Suai,true,500
37389,SUL,OPSU,medium_airport,Sui Airport,28.6451,69.1769,763,AS,Pakistan,,Sui,true,500
37386,SUI,UGSS,medium_airport,Vladislav Ardzinba Sukhum International Airport,42.8582,41.1281,53,AS,Georgia,,Sukhumi,true,500
31050,NYI,DGSN,medium_airport,Sunyani Airport,7.3618,-2.3288,1014,AF,Ghana,,Sunyani,true,500
23933,IGT,URMS,medium_airport,Magas Airport,43.3233,45.0126,1165,AS,Russia,,Sunzha,true,500
38786,TXE,WITK,medium_airport,Rembele Airport,4.7211,96.8519,4648,AS,Indonesia,,Takengon,true,500
38072,TDK,UAAT,medium_airport,Taldykorgan Airport,45.1225,78.4428,1925,AS,Kazakhstan,,Taldykorgan,true,500
38393,TMH,WAKT,medium_airport,Tanah Merah Airport,-6.0967,140.3035,57,AS,Indonesia,,Tanah Merah,true,500
38284,TJG,WAON,medium_airport,Warukin Airport,-2.2166,115.436,197,AS,Indonesia,,Tanta-Tabalong,true,500
38503,TPJ,VNTJ,medium_airport,Taplejung Airport,27.3509,87.6953,7990,AS,Nepal,,Taplejung,true,500
38566,TRA,RORT,medium_airport,Tarama Airport,24.6538,124.6755,36,AS,Japan,,Tarama,true,500
35617,RHD,SANR,medium_airport,Termas de Río Hondo international Airport,-27.4966,-64.936,935,SA,Argentina,,Termas de Río Hondo,true,500
35819,RMZ,,medium_airport,Tobolsk Remezov Airport,58.0597,68.348,167,AS,Russia,,Tobolsk,true,500
15147,BOR,VLBK,medium_airport,Bokeo International Airport,20.324,100.1654,1175,AS,Laos,,Ton Phueng,true,500
38429,TNH,ZYTN,medium_airport,Tonghua Sanyuanpu Airport,42.0484,125.734,1347,AS,China,,Tonghua,true,500
38285,TJH,RJBT,medium_airport,Konotori Tajima Airport,35.5128,134.787,584,AS,Japan,,Toyooka,true,500
38583,TRR,VCCT,medium_airport,China Bay Airport,8.5392,81.1813,6,AS,Sri Lanka,,Trincomalee,true,500
39323,UCB,,medium_airport,Ulanqab Jining Airport,41.1303,113.1073,0,AS,China,,Ulanqab,true,500
39915,USR,UEMT,medium_airport,Ust-Nera Airport,64.55,143.115,1805,AS,Russia,,Ust-Nera,true,500
40668,VDO,VVVD,medium_airport,Van Don International Airport,21.1207,107.4154,24,AS,Vietnam,,Van Don,true,500
40656,VDC,SBVC,medium_airport,Glauber de Andrade Rocha Airport,-14.9079,-40.9148,2940,SA,Brazil,,Vitória da Conquista,true,500
31838,OKE,RJKB,medium_airport,Okinoerabu Airport,27.4316,128.7056,101,AS,Japan,,Wadomari,true,500
42318,WNI,WAWD,medium_airport,Matahora Airport,-5.2921,123.6362,88,AS,Indonesia,,Wangi-wangi Island,true,500
13425,ACX,ZUYI,medium_airport,Xingyi Wanfenglin Airport,25.0834,104.9608,4150,AS,China,,Xingyi,true,500
43146,XAI,ZHXY,medium_airport,Xinyang Minggang Airport,32.5408,114.0791,312,AS,China,,Xinyang,true,500
19006,ENY,ZLYA,medium_airport,Yan'an Nanniwan Airport,36.4794,109.4641,0,AS,China,,Yan'an (Baota),true,500
27712,LDS,ZYLD,medium_airport,Yichun Lindu Airport,47.7521,129.0191,791,AS,China,,Yichun,true,500
27987,LLF,ZGLG,medium_airport,Yongzhou Lingling Airport,26.3387,111.61,340,AS,China,,Yongzhou,true,500
35839,RNJ,RORY,medium_airport,Yoron Airport,27.0438,128.4016,52,AS,Japan,,Yoron,true,500
40127,UYN,ZLYL,medium_airport,Yulin Yuyang Airport,38.3597,109.5909,3891,AS,China,,Yulin,true,500
45172,YUS,ZLYS,medium_airport,Yushu Batang Airport,32.8364,97.0364,12816,AS,China,,Yushu (Batang),true,500
31089,NZL,ZBZL,medium_airport,Zhalantun Genghis Khan Airport,47.8659,122.7687,928,AS,China,,Zhalantun,true,500
46331,ZQZ,ZBZJ,medium_airport,Zhangjiakou Ningyuan Airport,40.7387,114.9334,2347,AS,China,,Zhangjiakou,true,500
46006,ZHY,ZLZW,medium_airport,Zhongwei Shapotou Airport,37.5731,105.1545,4088,AS,China,,Zhongwei (Shapotou),true,500
31958,ONQ,LTAS,medium_airport,Zonguldak Çaycuma Airport,41.5064,32.0886,44,AS,Turkey,,Zonguldak,true,500
46602,ZYI,ZUZY,medium_airport,Zunyi Xinzhou Airport,27.8107,107.2472,2723,AS,China,,Zunyi,true,500
13582,AHA,VEAP,medium_airport,Maa Mahamaya Airport,22.9875,83.1961,1930,AS,India,,Ambikapur,true,500
13912,AQG,ZSAQ,medium_airport,Anqing Tianzhushan Airport / Anqing North Air Base,30.5822,117.05,0,AS,China,,Anqing,true,500
14096,AVK,ZMAH,medium_airport,Arvaikheer Airport,46.2503,102.802,5932,AS,Mongolia,,Arvaikheer,true,500
44726,YIE,ZBES,medium_airport,Arxan Yi'ershi Airport,47.3106,119.9117,2925,AS,China,,Arxan,true,500
17256,DBC,ZYBA,medium_airport,Baicheng Chang'an Airport,45.5053,123.0197,480,AS,China,,Baicheng,true,500
30232,NBS,ZYBS,medium_airport,Changbaishan Airport,42.0669,127.6022,2874,AS,China,,Baishan,true,500
15461,BXH,UAAH,medium_airport,Balkhash Airport,46.8942,75.0045,1446,AS,Kazakhstan,,Balkhash,true,500
38051,TCZ,ZPTC,medium_airport,Tengchong Tuofeng Airport,24.9381,98.4858,6250,AS,China,,Baoshan (Tengchong),true,500
14780,BEK,VIBY,medium_airport,Bareilly Air Force Station,28.4221,79.4508,580,AS,India,,Bareilly,true,500
15312,BTC,VCCB,medium_airport,Batticaloa International Airport,7.7051,81.6772,20,AS,Sri Lanka,,Batticaloa,true,500
14830,BFY,ZSBA,medium_airport,Bengbu Tenghu Airport,33.1663,117.0583,0,AS,China,,Bengbu,true,500
39614,UKE,VEUK,medium_airport,Utkela Airport,20.0978,83.1833,685,AS,India,,Bhawanipatna,true,500
14815,BFJ,ZUBJ,medium_airport,Bijie Feixiong Airport,27.2671,105.4721,4751,AS,China,,Bijie,true,500
39486,UGU,,medium_airport,Bilorai Airport,-3.7395,137.0312,7348,AS,Indonesia,,Bilogai,true,500
15177,BPL,ZWBL,medium_airport,Bole Alashankou Airport,44.8955,82.3001,1253,AS,China,,Bole,true,500
15391,BVJ,USDB,medium_airport,Bovanenkovo Airport,70.3153,68.3336,24,AS,Russia,,Bovanenkovo,true,500
39466,UGA,ZMBN,medium_airport,Bulgan Airport,48.855,103.476,4311,AS,Mongolia,,Bulgan,true,500
15977,CBT,FNCT,medium_airport,Catumbela Airport,-12.4792,13.4869,23,AF,Angola,,Catumbela,true,500
16034,CDE,ZBCD,medium_airport,Chengde Puning Airport,41.1225,118.0739,0,AS,China,,Chengde,true,500
36788,SDW,VOSR,medium_airport,Sindhudurg Airport,16.0026,73.5298,203,AS,India,,Chipi,true,500
14678,BBQ,TAPB,medium_airport,Burton-Nibbs International Airport,17.6212,-61.7983,28,NA,Antigua and Barbuda,,Codrington,true,500
23233,HXD,ZLDL,medium_airport,Haixi Delingha Airport,37.1253,97.2687,9843,AS,China,,Delingha,true,500
14203,AYJ,VEAY,medium_airport,Maharshi Valmiki International Airport,26.7477,82.1637,335,AS,India,,Faizabad,true,500
20046,FGU,NTGB,medium_airport,Fangatau Airport,-15.82,-140.8881,9,OC,French Polynesia,,Fangatau,true,500
20683,FYJ,ZYFY,medium_airport,Fuyuan Dongji Airport,48.1972,134.363,0,AS,China,,Fuyuan,true,500
20687,FYN,ZWFY,medium_airport,Fuyun Koktokay Airport,46.8042,89.512,3081,AS,China,,Fuyun,true,500
21185,GCH,OIAH,medium_airport,Gachsaran Airport,30.3339,50.8338,2414,AS,Iran,,Gachsaran,true,500
21111,GAF,DTTF,medium_airport,Gafsa Ksar International Airport,34.422,8.8225,1060,AF,Tunisia,,Gafsa,true,500
26525,KGT,ZUKD,medium_airport,Kangding Airport,30.1425,101.7387,14042,AS,China,,Garzê (Kangding),true,500
21397,GID,HBBE,medium_airport,Gitega Airport,-3.4172,29.9113,5741,AF,Burundi,,Gitega,true,500
21625,GOP,VEGK,medium_airport,Gorakhpur Airport,26.7397,83.4497,259,AS,India,,Gorakhpur,true,500
21990,GYU,ZLGY,medium_airport,Guyuan Liupanshan Airport,36.0789,106.2169,5727,AS,China,,Guyuan (Yuanzhou),true,500
22483,HCJ,ZGHC,medium_airport,Hechi Jinchengjiang Airport,24.8043,107.7108,2221,AS,China,,Hechi (Jinchengjiang),true,500
23302,HZA,ZSHZ,medium_airport,Heze Mudan Airport,35.213,115.7367,0,AS,China,,Heze (Dingtao),true,500
22626,HGI,,medium_airport,Itanagar Donyi Polo Hollongi Airport,26.9668,93.6388,328,AS,India,,Hollongi,true,500
22735,HJJ,ZGCJ,medium_airport,Huaihua Zhijiang Airport,27.4431,109.7047,882,AS,China,,Huaihua,true,500
22461,HBX,VOHB,medium_airport,Hubballi Airport,15.3611,75.0821,2171,AS,India,,Hubballi,true,500
44735,YIN,ZWYN,medium_airport,Ili Yining International Airport,43.9558,81.3303,0,AS,China,,Ili (Yining / Ghulja),true,500
25651,JSJ,ZYJS,medium_airport,Jiansanjiang Shidi Airport,47.1082,132.6579,0,AS,China,,Jiansanjiang,true,500
25127,JDZ,ZSJD,medium_airport,Jingdezhen Luojia Airport,29.3386,117.176,112,AS,China,,Jingdezhen,true,500
14712,BCO,HABC,medium_airport,Jinka Airport,5.7497,36.5602,4475,AF,Ethiopia,,Jinka,true,500
25822,JXA,ZYJX,medium_airport,Jixi Xingkaihu Airport,45.293,131.193,760,AS,China,,Jixi,true,500
26621,KJH,ZUKJ,medium_airport,Kaili Huangping Airport,26.972,107.988,3115,AS,China,,Kaili  (Huangping),true,500
24064,IKG,UCFK,medium_airport,Karakol International Airport,42.5081,78.4078,5590,AS,Kyrgyzstan,,Karakol,true,500
26668,KKS,OIFK,medium_airport,Kashan Airport,33.8953,51.577,3465,AS,Iran,,Kashan,true,500
26552,KHK,OIBQ,medium_airport,Khark Airport,29.2605,50.3222,17,AS,Iran,,Khark,true,500
26546,KHE,UKOH,medium_airport,Kherson International Airport,46.6758,32.5064,148,EU,Ukraine,,Kherson,true,500
26977,KTD,RORK,medium_airport,Kitadaito Airport,25.9447,131.327,80,AS,Japan,,Kitadaitōjima,true,500
27106,KWY,HKWY,medium_airport,Kiwayu Airport,-1.9606,41.2972,21,AF,Kenya,,Kiwayu,true,500
45783,ZBR,OIZC,medium_airport,Chabahar Konarak International Airport,25.4432,60.3822,13,AS,Iran,,Konarak,true,500
28251,LSR,,medium_airport,Alas Leuser Airport,3.3915,97.8637,419,AS,Indonesia,,Kutacane,true,500
27849,LHL,UBLC,medium_airport,Lachin International Airport,39.8838,46.3631,5577,AS,Azerbaijan,,Lachin,true,500
28290,LTU,VALT,medium_airport,Murod Kond Airport,18.4115,76.4647,2136,AS,India,,Latur,true,500
16723,CWJ,ZPCW,medium_airport,Cangyuan Washan Airport,23.2763,99.3732,0,AS,China,,Lincang (Cangyuan),true,500
27782,LFQ,ZBLF,medium_airport,Linfen Yaodu Airport,36.1326,111.6412,1483,AS,China,,Linfen (Yaodu),true,500
23309,HZH,ZUNP,medium_airport,Liping Airport,26.3222,109.1499,1620,AS,China,,Liping,true,500
28131,LPF,ZUPS,medium_airport,Liupanshui Yuezhao Airport,26.6094,104.979,0,AS,China,,Liupanshui (Zhongshan),true,500
28065,LNL,ZLLN,medium_airport,Longnan Chengzhou Airport,33.7899,105.79,3707,AS,China,,Longnan (Cheng),true,500
27681,LCX,ZSLO,medium_airport,Liancheng Guanzhishan Airport,25.6759,116.7459,1225,AS,China,,Longyan (Liancheng),true,500
29446,MPY,SOOA,medium_airport,Maripasoula Airport,3.6559,-54.0394,406,SA,French Guiana,,Maripasoula,true,500
29444,MPW,UKCM,medium_airport,Mariupol International Airport,47.0761,37.4496,251,EU,Ukraine,,Mariupol,true,500
29254,MKM,WBGK,medium_airport,Mukah Airport,2.8819,112.0433,20,AS,Malaysia,,Mukah,true,500
28492,LZG,ZULA,medium_airport,Langzhong Gucheng Airport,31.5019,106.0344,1444,AS,China,,Nanchong (Langzhong),true,500
30288,NDC,,medium_airport,Nanded Airport,19.1833,77.3167,1250,AS,India,,Nanded,true,500
31779,OIR,RJEO,medium_airport,Okushiri Airport,42.0717,139.433,161,AS,Japan,,Okushiri Island,true,500
26615,KJB,VOKU,medium_airport,Kurnool Airport,15.7163,78.1692,920,AS,India,,Orvakal,true,500
28905,MAX,GOSM,medium_airport,Ouro Sogui Airport,15.5936,-13.3228,85,AF,Senegal,,Ouro Sogui,true,500
32993,PGH,VIPT,medium_airport,Pantnagar Airport,29.0334,79.4737,769,AS,India,,Pantnagar,true,500
25435,JMJ,ZPJM,medium_airport,Lancang Jingmai Airport,22.4177,99.784,0,AS,China,,Pu'er (Lancang),true,500
33262,PNY,VOPC,medium_airport,Pondicherry Airport,11.968,79.812,134,AS,India,,Puducherry (Pondicherry),true,500
33443,PSZ,SLPS,medium_airport,Capitán Av. Salvador Ogaya G. airport,-18.9753,-57.8206,440,SA,Bolivia,,Puerto Suárez,true,500
25338,JJU,BGQO,medium_airport,Qaqortoq Airport,60.7638,-46.065,505,NA,Greenland,,Qaqortoq,true,500
45098,YSQ,ZYSQ,medium_airport,Songyuan Chaganhu Airport,44.9311,124.5521,459,AS,China,,Qian Gorlos Mongol Autonomous County,true,500
25298,JIQ,ZUQJ,medium_airport,Qianjiang Wulingshan Airport,29.5133,108.8311,2075,AS,China,,Qianjiang,true,500
25739,JUZ,ZSJU,medium_airport,Quzhou Airport,28.9661,118.8988,213,AS,China,,Quzhou (Kezheng),true,500
35938,RQA,ZWRQ,medium_airport,Ruoqiang Loulan Airport,38.9747,88.0083,2916,AS,China,,Ruoqiang Town,true,500
27717,LDX,SOOM,medium_airport,Saint-Laurent-du-Maroni Airport,5.4819,-54.035,16,SA,French Guiana,,Saint-Laurent-du-Maroni,true,500
36781,SDP,PASD,medium_airport,Sand Point Airport,55.3139,-160.5221,21,NA,United States,,Sand Point,true,500
37005,SJX,,medium_airport,Sartaneja Airport,18.3561,-88.1308,3,NA,Belize,,Sartaneja,true,500
34739,QSZ,ZWSC,medium_airport,Shache Airport,38.2454,77.0561,4232,AS,China,,Shache,true,500
37237,SQD,ZSSR,medium_airport,Shangrao Sanqingshan Airport,28.3797,117.9643,340,AS,China,,Shangrao (Hengfeng),true,500
42071,WGN,ZGSY,medium_airport,Shaoyang Wugang Airport,26.8061,110.641,1444,AS,China,,Shaoyang (Wugang),true,500
37565,SZH,ZBSG,medium_airport,Shuozhou Zirun Airport,39.2732,112.6916,0,AS,China,,Shuozhou,true,500
33615,PXR,VTUJ,medium_airport,Surin Airport,14.8683,103.498,478,AS,Thailand,,Surin,true,500
37997,TBH,RPVU,medium_airport,Tugdan Airport,12.311,122.085,10,AS,Philippines,,Tablas Island,true,500
38180,TGK,URRT,medium_airport,Taganrog Yuzhny Airport,47.1983,38.8492,117,EU,Russia,,Taganrog,true,500
22989,HQL,ZWTK,medium_airport,Tashikuergan Hongqilafu Airport,37.6613,75.2889,10499,AS,China,,Tashikuergan,true,500
38222,THQ,ZLTS,medium_airport,Tianshui Maijishan Airport,34.5601,105.8603,3590,AS,China,,Tianshui (Maiji),true,500
38179,TGJ,NWWA,medium_airport,Tiga Airport,-21.0964,167.8038,128,OC,New Caledonia,,Tiga,true,500
38288,TJK,LTAW,medium_airport,Tokat Airport,40.3247,36.3906,1859,AS,Turkey,,Tokat,true,500
38111,TEN,ZUTR,medium_airport,Tongren Fenghuang Airport,27.8833,109.3089,0,AS,China,,Tongren (Daxing),true,500
38585,TRT,WAFB,medium_airport,Toraja Airport,-3.1858,119.9177,2884,AS,Indonesia,,Toraja,true,500
38366,TLQ,ZWTL,medium_airport,Turpan Jiaohe Airport,43.0308,89.0987,934,AS,China,,Turpan,true,500
39660,ULO,ZMUG,medium_airport,Ulaangom Airport,50.0666,91.9383,5676,AS,Mongolia,,Ulaangom,true,500
39948,UTO,PAIM,medium_airport,Indian Mountain LRRS Airport,65.9928,-153.704,1273,NA,United States,,Utopia Creek,true,500
41418,VYI,UENW,medium_airport,Vilyuisk Airport,63.7567,121.6933,361,AS,Russia,,Vilyuisk,true,500
42562,WUA,ZBUH,medium_airport,Wuhai Airport,39.7934,106.7993,3650,AS,China,,Wuhai,true,500
42094,WHA,ZSWA,medium_airport,Wuhu Xuanzhou Airport,31.1045,118.6669,80,AS,China,,Wuhu,true,500
16520,CQW,ZUWL,medium_airport,Chongqing Xiannüshan Airport,29.4657,107.6937,1747,AS,China,,Wulong,true,500
42580,WUS,ZSWY,medium_airport,Nanping Wuyishan Airport,27.7019,118.001,614,AS,China,,Wuyishan,true,500
17343,DDR,ZUDR,medium_airport,Shigatse Tingri Airport,28.6046,86.798,14108,AS,China,,Xigazê (Dingri),true,500
30593,NLT,ZWNL,medium_airport,Xinyuan Nalati Airport,43.4318,83.3786,3050,AS,China,,Xinyuan,true,500
25469,JNH,ZSJX,medium_airport,Jiaxing Nanhu Airport,30.6981,120.6631,15,AS,China,,"Xiuzhou, Hangzhou",true,500
18812,EIK,,medium_airport,Yeysk Airport,46.68,38.21,60,EU,Russia,,Yeysk,true,500
44485,YBP,ZUYB,medium_airport,Yibin Wuliangye Airport,28.8584,104.5262,1378,AS,China,,Yibin (Cuiping),true,500
44801,YKH,ZYYK,medium_airport,Yingkou Lanqi Airport,40.5425,122.3586,0,AS,China,,Yingkou (Laobian),true,500
45298,YYA,ZGYY,medium_airport,Yueyang Sanhe Airport,29.3117,113.2816,230,AS,China,,Yueyang (Yueyanglou),true,500
44853,YLX,ZGYL,medium_airport,Yulin Fumian Airport,22.433,110.12,328,AS,China,,Yulin,true,500
45358,YZY,ZLZY,medium_airport,Zhangye Ganzhou Airport,38.8019,100.675,5280,AS,China,,Zhangye (Ganzhou),true,500
31919,OMN,UZTZ,medium_airport,Zomin Airport,40.014,68.411,1760,AS,Uzbekistan,,Zomin,true,500
42293,WMT,ZUMT,medium_airport,Zunyi Maotai Airport,27.9618,106.4354,4068,AS,China,,Zunyi,true,500
21623,GON,KGON,medium_airport,Groton New London Airport,41.3301,-72.0451,9,NA,United States,,Groton,true,475
33294,POU,KPOU,medium_airport,Dutchess County Airport,41.6266,-73.8842,165,NA,United States,,Poughkeepsie,true,475
21520,GLS,KGLS,medium_airport,Scholes International At Galveston Airport,29.2653,-94.8604,6,NA,United States,,Galveston,true,475
38037,TCL,KTCL,medium_airport,Tuscaloosa National Airport,33.2206,-87.6114,170,NA,United States,,Tuscaloosa,true,475
20318,FOE,KFOE,medium_airport,Topeka Regional Airport,38.9509,-95.6636,1078,NA,United States,,Topeka,true,475
24185,INT,KINT,medium_airport,Smith Reynolds Airport,36.1337,-80.222,969,NA,United States,,Winston Salem,true,475
15064,BMG,KBMG,medium_airport,Monroe County Airport,39.146,-86.6167,846,NA,United States,,Bloomington,true,475
28463,LYN,LFLY,medium_airport,Lyon Bron Airport,45.7279,4.944,659,EU,France,,"Chassieu, Lyon",true,475
22786,HKY,KHKY,medium_airport,Hickory Regional Airport,35.7411,-81.3895,1190,NA,United States,,Hickory,true,475
23127,HUF,,medium_airport,"Terre Haute Regional Airport, Hulman Field",39.4515,-87.3076,589,NA,United States,,Terre Haute,true,475
45135,YTR,CYTR,medium_airport,CFB Trenton,44.1189,-77.5281,283,NA,Canada,,Trenton,true,475
39262,UAM,PGUA,medium_airport,Andersen Air Force Base,13.584,144.93,627,OC,Guam,,Yigo,true,475
13799,ANB,KANB,medium_airport,Anniston Regional Airport,33.5882,-85.8581,612,NA,United States,,Anniston,true,475
17231,DAN,KDAN,medium_airport,Danville Regional Airport,36.5729,-79.3361,571,NA,United States,,Danville,true,475
30449,NHT,EGWU,medium_airport,RAF Northolt,51.553,-0.4182,124,EU,United Kingdom,,"Northolt, Greater London",true,475
36162,RWI,KRWI,medium_airport,Rocky Mount Wilson Regional Airport,35.8563,-77.8919,159,NA,United States,,Rocky Mount,true,475
32170,OTM,KOTM,medium_airport,Ottumwa Regional Airport,41.1064,-92.4498,845,NA,United States,,Ottumwa,true,475
15178,BPM,VOHY,medium_airport,Begumpet Airport,17.4531,78.4676,1742,AS,India,,Hyderabad,true,475
38467,TOJ,LETO,medium_airport,Madrid–Torrejón Airport / Torrejón Air Base,40.4879,-3.4568,2026,EU,Spain,,Madrid,true,475
13709,AKT,LCRA,medium_airport,RAF Akrotiri,34.5904,32.9879,76,AS,Cyprus,,Akrotiri,true,475
30560,NKW,,medium_airport,Naval Support Facility Diego Garcia,-7.3133,72.4111,9,AS,British Indian Ocean Territory,,Diego Garcia,true,475
42539,WTN,EGXW,medium_airport,RAF Waddington,53.1662,-0.5238,231,EU,United Kingdom,,"Lincoln, Lincolnshire",true,475
16191,CHR,LFLX,medium_airport,Châteauroux Déols airport,46.8602,1.7283,529,EU,France,,Châteauroux,true,475
28032,LMO,EGQS,medium_airport,RAF Lossiemouth,57.7052,-3.3392,42,EU,United Kingdom,,"Lossiemouth, Moray",true,475
18984,ENC,LFSN,medium_airport,Nancy-Essey Airport,48.6921,6.2305,751,EU,France,,"Tomblaine, Meurthe-et-Moselle",true,475
18132,DZO,SUDU,medium_airport,Santa Bernardina International Airport,-33.3589,-56.4992,305,SA,Uruguay,,Durazno,true,475
26763,KNF,EGYM,medium_airport,RAF Marham,52.6484,0.5507,75,EU,United Kingdom,,"King's Lynn, Norfolk",true,475
13461,ADX,EGQL,medium_airport,Leuchars Station Airfield,56.374,-2.8689,38,EU,United Kingdom,,"Leuchars, Fife",true,475
26745,KMX,OEKM,medium_airport,King Khalid Air Base,18.2973,42.8035,6778,AS,Saudi Arabia,,Khamis Mushait,true,475
23893,IFP,KIFP,medium_airport,Laughlin Bullhead International Airport,35.1547,-114.5593,701,NA,United States,,Bullhead City,true,450
23926,IGM,KIGM,medium_airport,Kingman Airport,35.2595,-113.938,3449,NA,United States,,Kingman,true,450
35697,RJL,,medium_airport,Logroño-Agoncillo Airport,42.461,-2.3222,1161,EU,Spain,,Logroño,true,450
13697,AKH,OEPS,medium_airport,Prince Sultan Air Base,24.0627,47.5805,1651,AS,Saudi Arabia,,Al Kharj,true,450
32793,PAX,MTPX,medium_airport,Port-de-Paix Airport,19.934,-72.848,9,NA,Haiti,,Port-de-Paix,true,450
36660,SAC,KSAC,medium_airport,Sacramento Executive Airport,38.5125,-121.493,24,NA,United States,,Sacramento,true,400
20518,FTY,KFTY,medium_airport,Fulton County Airport Brown Field,33.7791,-84.5214,841,NA,United States,,Atlanta,true,400
21297,GFL,KGFL,medium_airport,Floyd Bennett Memorial Airport,43.3412,-73.6103,328,NA,United States,,Glens Falls,true,400
14631,BAF,KBAF,medium_airport,Westfield-Barnes Regional Airport,42.1578,-72.7156,271,NA,United States,,Westfield,true,400
15424,BWG,KBWG,medium_airport,Bowling Green Warren County Regional Airport,36.9645,-86.4197,547,NA,United States,,Bowling Green,true,400
37144,SNS,KSNS,medium_airport,Salinas Municipal Airport,36.6628,-121.606,85,NA,United States,,Salinas,true,400
23141,HUT,KHUT,medium_airport,Hutchinson Municipal Airport,38.0655,-97.8606,1543,NA,United States,,Hutchinson,true,400
37351,STJ,KSTJ,medium_airport,Rosecrans Memorial Airport,39.7719,-94.9097,826,NA,United States,,St Joseph,true,400
16764,CXO,KCXO,medium_airport,Conroe-North Houston Regional Airport,30.3518,-95.4145,245,NA,United States,,Houston,true,400
29065,MFD,KMFD,medium_airport,Mansfield Lahm Regional Airport,40.8214,-82.5166,1297,NA,United States,,Mansfield,true,400
36843,SFF,KSFF,medium_airport,Felts Field,47.6829,-117.3219,1953,NA,United States,,Spokane,true,400
25835,JXN,KJXN,medium_airport,Jackson County Airport/Reynolds Field,42.2605,-84.463,1001,NA,United States,,Jackson,true,400
35671,RIV,KRIV,medium_airport,March Air Reserve Base,33.8807,-117.259,1536,NA,United States,,Riverside,true,400
15321,BTL,KBTL,medium_airport,Battle Creek Executive Airport at Kellogg Field,42.3073,-85.2515,952,NA,United States,,Battle Creek,true,400
22990,HQM,KHQM,medium_airport,Bowerman Airport,46.9712,-123.937,18,NA,United States,,Hoquiam,true,400
46651,ZZV,KZZV,medium_airport,Zanesville Municipal Airport,39.9444,-81.8921,900,NA,United States,,Zanesville,true,400
28115,LOZ,KLOZ,medium_airport,London-Corbin Airport/Magee Field,37.0822,-84.0849,1212,NA,United States,,London,true,400
30561,NKX,KNKX,medium_airport,Miramar Marine Corps Air Station - Mitscher Field,32.8684,-117.143,477,NA,United States,,San Diego,true,400
29495,MRB,KMRB,medium_airport,Eastern WV Regional Airport/Shepherd Field,39.4019,-77.9846,565,NA,United States,,Martinsburg,true,400
29191,MIV,KMIV,medium_airport,Millville Municipal Airport,39.3678,-75.0722,85,NA,United States,,Millville,true,400
28255,LSV,KLSV,medium_airport,Nellis Air Force Base,36.2362,-115.034,1870,NA,United States,,Las Vegas,true,400
30914,NUQ,KNUQ,medium_airport,Moffett Federal Airfield,37.4161,-122.049,32,NA,United States,,Mountain View,true,400
35891,ROZ,LERT,medium_airport,Rota Naval Station Airport,36.6452,-6.3495,86,EU,Spain,,Rota,true,400
14171,AXN,KAXN,medium_airport,Chandler Field,45.8663,-95.3947,1425,NA,United States,,Alexandria,true,400
30718,NPA,KNPA,medium_airport,Naval Air Station Pensacola Forrest Sherman Field,30.3527,-87.3186,28,NA,United States,,Pensacola,true,400
17650,DMA,KDMA,medium_airport,Davis Monthan Air Force Base,32.1665,-110.883,2704,NA,United States,,Tucson,true,400
44875,YMJ,CYMJ,medium_airport,Moose Jaw Air Vice Marshal C. M. McEwen Airport,50.3303,-105.559,1892,NA,Canada,,Moose Jaw,true,400
30409,NGP,KNGP,medium_airport,Naval Air Station Corpus Christi Truax Field,27.6926,-97.2911,18,NA,United States,,Corpus Christi,true,400
21912,GWO,KGWO,medium_airport,Greenwood–Leflore Airport,33.495,-90.0882,162,NA,United States,,Greenwood,true,400
28239,LSF,KLSF,medium_airport,Lawson Army Air Field,32.3325,-84.988,232,NA,United States,,Fort Benning,true,400
28203,LRF,KLRF,medium_airport,Little Rock Air Force Base,34.9169,-92.1497,311,NA,United States,,Jacksonville,true,400
31659,OFF,KOFF,medium_airport,Offutt Air Force Base,41.1193,-95.9085,1052,NA,United States,,Omaha,true,400
16591,CSV,KCSV,medium_airport,Crossville Memorial Airport Whitson Field,35.9513,-85.085,1881,NA,United States,,Crossville,true,400
14937,BIX,KBIX,medium_airport,Keesler Air Force Base,30.4104,-88.9244,33,NA,United States,,Biloxi,true,400
15499,BYJ,LPBJ,medium_airport,Beja Airport / Airbase,38.0789,-7.9324,636,EU,Portugal,,Beja,true,400
33275,POB,KPOB,medium_airport,Pope Field,35.1709,-79.0145,217,NA,United States,,Fort Bragg,true,400
30220,NBG,KNBG,medium_airport,New Orleans NAS JRB/Alvin Callender Field,29.8253,-90.035,2,NA,United States,,New Orleans,true,400
22695,HIF,KHIF,medium_airport,Hill Air Force Base,41.124,-111.9731,4789,NA,United States,,Ogden,true,400
30865,NTD,KNTD,medium_airport,Point Mugu Naval Air Station (Naval Base Ventura Co),34.1203,-119.121,13,NA,United States,,Point Mugu,true,400
37427,SVN,KSVN,medium_airport,Hunter Army Air Field,32.01,-81.1457,41,NA,United States,,Savannah,true,400
30762,NQI,KNQI,medium_airport,Kingsville Naval Air Station,27.5072,-97.8097,50,NA,United States,,Kingsville,true,400
30502,NJA,RJTA,medium_airport,JMSDF Atsugi Air Base / Naval Air Facility Atsugi,35.4546,139.45,205,AS,Japan,,Ayase / Yamato,true,400
32391,OZR,KOZR,medium_airport,Cairns AAF (Fort Rucker) Air Field,31.2757,-85.7134,301,NA,United States,,Fort Rucker/Ozark,true,400
29715,MXF,KMXF,medium_airport,Maxwell Air Force Base,32.3829,-86.3658,171,NA,United States,,Montgomery,true,400
32389,OZP,LEMO,medium_airport,Moron Air Base,37.1749,-5.6159,285,EU,Spain,,Morón,true,400
42134,WIE,ETOU,medium_airport,Wiesbaden Army Airfield,50.0498,8.3254,461,EU,Germany,,Wiesbaden,true,400
14816,BFK,KBKF,medium_airport,Buckley Space Force Base,39.7017,-104.752,5662,NA,United States,,Aurora,true,400
28955,MCB,KMCB,medium_airport,McComb-Pike County Airport / John E Lewis Field,31.1785,-90.4719,413,NA,United States,,McComb,true,400
17218,DAA,KDAA,medium_airport,Davison Army Air Field,38.715,-77.181,73,NA,United States,,Fort Belvoir,true,400
22921,HOP,KHOP,medium_airport,Campbell Army Airfield (Fort Campbell),36.6742,-87.4897,573,NA,United States,,Fort Campbell,true,400
21723,GRF,KGRF,medium_airport,Gray Army Air Field,47.0792,-122.581,300,NA,United States,,Fort Lewis/Tacoma,true,400
30188,NAK,VTUQ,medium_airport,Nakhon Ratchasima Airport,14.9495,102.313,765,AS,Thailand,,Chaloem Phra Kiat,true,400
20279,FNB,EDBN,medium_airport,Neubrandenburg Trollenhagen Airport,53.6022,13.306,228,EU,Germany,,Trollenhagen,true,400
37319,SSN,,medium_airport,Seoul Air Base (K-16),37.4447,127.1127,92,AS,South Korea,,Seongnam,true,400
13808,ANK,LTAD,medium_airport,Etimesgut Air Base,39.9498,32.6886,2653,AS,Turkey,,Ankara,true,400
32129,OSH,KOSH,medium_airport,Wittman Regional Airport,43.9844,-88.557,808,NA,United States,,Oshkosh,true,375
14997,BKL,KBKL,medium_airport,Burke Lakefront Airport,41.5175,-81.6833,583,NA,United States,,Cleveland,true,375
38721,TVL,KTVL,medium_airport,Lake Tahoe Airport,38.8939,-119.995,6264,NA,United States,,South Lake Tahoe,true,375
29334,MMU,KMMU,medium_airport,Morristown Municipal Airport,40.7991,-74.4149,187,NA,United States,,Morristown,true,375
33581,PWT,KPWT,medium_airport,Bremerton National Airport,47.4902,-122.765,444,NA,United States,,Bremerton,true,375
29174,MIE,KMIE,medium_airport,Delaware County Johnson Field,40.2423,-85.3959,937,NA,United States,,Muncie,true,375
13547,AGB,EDMA,medium_airport,Augsburg Airport,48.4253,10.9317,1516,EU,Germany,,Augsburg,true,375
38505,TPL,KTPL,medium_airport,Draughon Miller Central Texas Regional Airport,31.1525,-97.4078,682,NA,United States,,Temple,true,375
15964,CBG,EGSC,medium_airport,Cambridge City Airport,52.205,0.175,47,EU,United Kingdom,,"Cambridge, Cambridgeshire",true,375
20695,FYV,KFYV,medium_airport,Drake Field,36.0051,-94.1701,1251,NA,United States,,Fayetteville,true,375
28997,MDH,KMDH,medium_airport,Southern Illinois Airport,37.7781,-89.252,411,NA,United States,,Murphysboro,true,375
36878,SGE,EDGS,medium_airport,Siegerland Airport,50.7077,8.083,1966,EU,Germany,,Burbach,true,375
23932,IGS,ETSI,medium_airport,Ingolstadt Manching Airport,48.7157,11.534,1202,EU,Germany,,Manching,true,375
42207,WKF,FAWK,medium_airport,Waterkloof Air Force Base,-25.83,28.2225,4940,AF,South Africa,,Pretoria,true,375
26310,KAU,EFKA,medium_airport,Kauhava Airfield,63.1271,23.0514,151,EU,Finland,,Kauhava,true,375
34162,QCY,EGXC,medium_airport,RAF Coningsby,53.093,-0.166,25,EU,United Kingdom,,"Lincoln, Lincolnshire",true,375
37036,SKS,EKSP,medium_airport,Skrydstrup Air Base,55.221,9.267,141,EU,Denmark,,Vojens,true,375
21885,GVX,ESSK,medium_airport,Gävle Sandviken Airport,60.5933,16.9514,224,EU,Sweden,,Gävle / Sandviken,true,375
40822,VHY,LFLV,medium_airport,Vichy-Charmeil Airport,46.1697,3.4036,817,EU,France,,"Charmeil, Allier",true,375
33403,PRV,LKPO,medium_airport,Přerov Air Base,49.4258,17.4047,676,EU,Czech Republic,,Přerov,true,375
38101,TED,EKTS,medium_airport,Thisted Airport,57.0688,8.7052,23,EU,Denmark,,Thisted,true,375
18634,EDM,LFRI,medium_airport,La Roche-sur-Yon Les Ajoncs Airport,46.7019,-1.3786,299,EU,France,,La Roche-sur-Yon,true,375
27047,KVB,ESGR,medium_airport,Skövde Airport,58.4564,13.9727,324,EU,Sweden,,Skövde,true,375
26455,KEV,EFHA,medium_airport,Halli Airport,61.856,24.7867,479,EU,Finland,,Jämsä,true,375
27715,LDV,LFRJ,medium_airport,Landivisiau Air Base,48.5303,-4.1516,348,EU,France,,Landivisiau,true,375
21527,GLZ,EHGR,medium_airport,Gilze Rijen Air Base,51.5674,4.9318,49,EU,Netherlands,,Rijen,true,375
40982,VME,SAOR,medium_airport,Villa Reynolds Airport,-33.7299,-65.3874,1591,SA,Argentina,,Villa Mercedes,true,375
16396,CNG,LFBG,medium_airport,Cognac-Châteaubernard (BA 709) Air Base,45.6583,-0.3175,102,EU,France,,Cognac/Châteaubernard,true,375
29180,MIK,EFMI,medium_airport,Mikkeli Airport,61.6866,27.2018,329,EU,Finland,,Mikkeli,true,375
35454,RCU,SAOC,medium_airport,Area De Material Airport,-33.0851,-64.2613,1380,SA,Argentina,,Rio Cuarto,true,375
37176,SOO,ESNY,medium_airport,Söderhamn Airport,61.2615,17.0991,88,EU,Sweden,,Söderhamn,true,375
16575,CSF,LFPC,medium_airport,Creil Air Base,49.2535,2.5191,291,EU,France,,Creil,true,375
28966,MCM,LNMC,heliport,Monaco Heliport,43.7258,7.4197,20,EU,Monaco,,Fontvieille,true,350
16757,CXH,CYHC,seaplane_base,Vancouver Harbour Water Aerodrome,49.2913,-123.1172,0,NA,Canada,,Vancouver,true,325
16503,CQF,LFAC,medium_airport,Calais Marck Airport,50.9621,1.9548,12,EU,France,,Calais,true,325
16371,CMR,LFGA,medium_airport,Colmar Houssen airport,48.1099,7.359,628,EU,France,,Colmar,true,325
14055,AUF,LFLA,medium_airport,Auxerre Branches airport,47.8502,3.4971,523,EU,France,,Auxerre,true,325
40551,VAF,LFLU,medium_airport,Valence-Chabeuil Airport,44.9216,4.9699,525,EU,France,,"Chabeuil, Drôme",true,325
21470,GKE,ETNG,medium_airport,Geilenkirchen Air Base,50.9608,6.0424,296,EU,Germany,,Geilenkirchen,true,325
18893,EKT,ESSU,medium_airport,Eskilstuna Airport,59.3511,16.7084,139,EU,Sweden,,Eskilstuna,true,325
23303,HZB,LFQT,medium_airport,Merville-Calonne Airport,50.6184,2.6422,61,EU,France,,"Merville, Nord",true,325
38645,TTH,OOTH,medium_airport,Thumrait Air Base,17.666,54.0246,1570,AS,Oman,,Thumrait,true,325
29537,MSH,OOMA,medium_airport,RAFO Masirah,20.6754,58.8905,64,AS,Oman,,Masirah,true,325
44838,YLI,EFYL,medium_airport,Ylivieska Airfield,64.0547,24.7253,252,EU,Finland,,Ylivieska,true,325
27630,LBI,LFCI,medium_airport,Albi Le Sequestre airport,43.9139,2.1131,564,EU,France,,Albi,true,325
29719,MXJ,DNMN,medium_airport,Minna Airport,9.6522,6.4623,834,AF,Nigeria,,Minna,true,325
33009,PGX,LFBX,medium_airport,Périgueux-Bassillac Airport,45.1981,0.8156,328,EU,France,,Périgueux/Bassillac,true,325
35448,RCO,LFDN,medium_airport,Rochefort-Saint-Agnant (BA 721) Airport,45.8878,-0.9831,60,EU,France,,Rochefort/Saint-Agnant,true,325
38321,TKH,VTPI,medium_airport,Takhli Royal Thai Air Force Base,15.2773,100.296,107,AS,Thailand,,Takhli,true,325
38073,TDL,SAZT,medium_airport,Héroes de Malvinas Airport,-37.2346,-59.2286,574,SA,Argentina,,Tandil,true,325
13878,API,SKAP,medium_airport,Gomez Nino Apiay Air Base,4.0761,-73.5627,1207,SA,Colombia,,Apiay,true,325
26978,KTE,WMKE,medium_airport,Kerteh Airport,4.5372,103.427,18,AS,Malaysia,,Kerteh,true,325
28963,MCJ,SKLM,medium_airport,Jorge Isaac Airport,11.2325,-72.4901,281,SA,Colombia,,La Mina-Maicao,true,325
25475,JNN,,heliport,Nanortalik Heliport,60.1419,-45.233,17,NA,Greenland,,Nanortalik,true,325
26758,KNA,SCVM,medium_airport,Viña del Mar Airport,-32.9496,-71.4786,461,SA,Chile,,Viña del Mar,true,325
30344,NEW,KNEW,medium_airport,Lakefront Airport,30.0424,-90.0283,8,NA,United States,,New Orleans,true,300
32142,OSU,KOSU,medium_airport,The Ohio State University Airport - Don Scott Field,40.0798,-83.073,905,NA,United States,,Columbus,true,300
20428,FRG,KFRG,medium_airport,Republic Airport,40.7286,-73.4143,82,NA,United States,,East Farmingdale,true,300
38265,TIX,KTIX,medium_airport,Space Coast Regional Airport,28.5148,-80.7992,34,NA,United States,,Titusville,true,300
33464,PTK,KPTK,medium_airport,Oakland County International Airport,42.6655,-83.4201,980,NA,United States,,Pontiac,true,300
29043,MER,KMER,medium_airport,Castle Airport,37.3805,-120.568,191,NA,United States,,Merced,true,300
28956,MCC,KMCC,medium_airport,McClellan Airfield,38.6676,-121.401,77,NA,United States,,Sacramento,true,300
35373,RAL,KRAL,medium_airport,Riverside Municipal Airport,33.9519,-117.445,819,NA,United States,,Riverside,true,300
39618,UKI,KUKI,medium_airport,Ukiah Municipal Airport,39.126,-123.201,614,NA,United States,,Ukiah,true,300
36963,SIR,LSGS,medium_airport,Sion Airport,46.2192,7.3269,1582,EU,Switzerland,,Sion,true,300
28390,LWM,KLWM,medium_airport,Lawrence Municipal Airport,42.7172,-71.1234,148,NA,United States,,Lawrence,true,300
36881,SGH,KSGH,medium_airport,Springfield-Beckley Municipal Airport,39.8403,-83.8402,1051,NA,United States,,Springfield,true,300
29482,MQY,KMQY,medium_airport,Smyrna Airport,36.009,-86.5201,543,NA,United States,,Smyrna,true,300
14818,BFM,KBFM,medium_airport,Mobile Downtown Airport,30.6268,-88.0681,26,NA,United States,,Mobile,true,300
16692,CVO,KCVO,medium_airport,Corvallis Municipal Airport,44.4972,-123.29,250,NA,United States,,Corvallis,true,300
13739,ALN,KALN,medium_airport,St Louis Regional Airport,38.8903,-90.046,544,NA,United States,,Alton/St Louis,true,300
16338,CLU,KBAK,medium_airport,Columbus Municipal Airport,39.2624,-85.8956,656,NA,United States,,Columbus,true,300
29767,MYV,KMYV,medium_airport,Yuba County Airport,39.0978,-121.57,64,NA,United States,,Marysville,true,300
36737,SCH,KSCH,medium_airport,Schenectady County Airport,42.8525,-73.9289,378,NA,United States,,Schenectady,true,300
41111,VPZ,KVPZ,medium_airport,Porter County Municipal Airport,41.454,-87.0071,770,NA,United States,,Valparaiso,true,300
16143,CGF,KCGF,medium_airport,Cuyahoga County Airport,41.5651,-81.4864,879,NA,United States,,Cleveland,true,300
16088,CEW,KCEW,medium_airport,Bob Sikes Airport,30.7788,-86.5221,213,NA,United States,,Crestview,true,300
30264,NCO,KOQU,medium_airport,Quonset State Airport,41.5971,-71.4121,18,NA,United States,,North Kingstown,true,300
30754,NQA,KNQA,medium_airport,Millington-Memphis Airport,35.3567,-89.8703,320,NA,United States,,Millington,true,300
29280,MLC,KMLC,medium_airport,Mc Alester Regional Airport,34.8824,-95.7835,770,NA,United States,,Mc Alester,true,300
27838,LHA,EDTL,medium_airport,Lahr Airport,48.3693,7.8277,511,EU,Germany,,Lahr/Schwarzwald,true,300
31515,OBF,EDMO,medium_airport,Oberpfaffenhofen Airport,48.0814,11.2831,1947,EU,Germany,,Weßling,true,300
13734,ALI,KALI,medium_airport,Alice International Airport,27.7409,-98.0269,178,NA,United States,,Alice,true,300
18887,EKN,KEKN,medium_airport,Elkins-Randolph County Regional Airport,38.8898,-79.8577,1987,NA,United States,,Elkins,true,300
44807,YKN,KYKN,medium_airport,Chan Gurney Municipal Airport,42.9167,-97.3859,1306,NA,United States,,Yankton,true,300
26991,KTR,YPTN,medium_airport,Tindal Airport,-14.5211,132.378,443,OC,Australia,,,true,300
43757,XRH,YSRI,medium_airport,RAAF Base Richmond,-33.6047,150.7831,67,OC,Australia,,Richmond,true,300
36704,SBK,LFRT,medium_airport,Saint-Brieuc-Armor Airport,48.5386,-2.8535,453,EU,France,,"Trémuson, Côtes-d'Armor",true,300
17487,DHR,EHKD,medium_airport,De Kooy Airfield / Den Helder Naval Air Station,52.9234,4.7806,3,EU,Netherlands,,Den Helder,true,300
19054,EPA,SADP,medium_airport,El Palomar Airport,-34.6099,-58.6126,59,SA,Argentina,,El Palomar,true,300
14793,BEX,EGUB,medium_airport,RAF Benson,51.6144,-1.096,226,EU,United Kingdom,,"Wallingford, Oxfordshire",true,300
19167,ESF,KESF,medium_airport,Esler Army Airfield / Esler Regional Airport,31.3943,-92.2941,112,NA,United States,,Alexandria,true,300
15497,BYH,KBYH,medium_airport,Arkansas International Airport,35.9643,-89.944,254,NA,United States,,Blytheville,true,300
33694,PZY,LZPP,medium_airport,Piešťany Airport,48.6252,17.8284,545,EU,Slovakia,,Piešťany,true,300
41060,VOK,KVOK,medium_airport,Volk Field,43.939,-90.2534,912,NA,United States,,Camp Douglas,true,300
44580,YEC,RKTY,medium_airport,Yecheon Airbase,36.6304,128.3497,354,AS,South Korea,,Yecheon-ri,true,300
16178,CHE,EECL,heliport,Tallinn Linnahall Heliport,59.448,24.7533,23,EU,Estonia,,Tallinn,true,300
13850,AOQ,,heliport,Aappilattoq Heliport,72.887,-55.5963,42,NA,Greenland,,Aappilattoq,true,300
39685,UMD,BGUM,heliport,Uummannaq Heliport,70.6804,-52.1116,50,NA,Greenland,,Uummannaq,true,300
26296,KAG,RKNN,medium_airport,Gangneung Airport (K-18),37.7536,128.9439,35,AS,South Korea,,Gangneung,true,300
25800,JWO,RKTI,medium_airport,Jungwon Air Base/Chungju Airport,37.0302,127.8864,281,AS,South Korea,,Gimseang-ro,true,300
22658,HHE,RJSH,medium_airport,JMSDF Hachinohe Air Base / Hachinohe Airport,40.5512,141.4654,152,AS,Japan,,Hachinohe,true,300
24062,IKE,,heliport,Ikerasak Heliport,70.4981,-51.3031,66,NA,Greenland,,Ikerasak,true,300
45084,YSC,CYSC,medium_airport,Sherbrooke Airport,45.4386,-71.6914,792,NA,Canada,,Sherbrooke,true,275
45338,YZE,CYZE,medium_airport,Gore Bay Manitoulin Airport,45.8853,-82.5678,623,NA,Canada,,Gore Bay,true,275
18627,EDF,PAED,medium_airport,Elmendorf Air Force Base,61.2517,-149.8071,212,NA,United States,,Anchorage,true,275
44980,YPG,CYPG,medium_airport,Portage-la-Prairie / Southport Airport,49.9031,-98.2738,885,NA,Canada,,Portage la Prairie,true,275
45031,YQV,CYQV,medium_airport,Yorkton Municipal Airport,51.2647,-102.462,1635,NA,Canada,,Yorkton,true,275
45357,YZX,CYZX,medium_airport,CFB Greenwood,44.9844,-64.9169,92,NA,Canada,,Greenwood,true,275
25611,JRF,PHJR,medium_airport,Kalaeloa Airport,21.3074,-158.07,30,OC,United States,,Kapolei,true,275
18813,EIL,PAEI,medium_airport,Eielson Air Force Base,64.6657,-147.102,547,NA,United States,,Fairbanks,true,275
32786,PAQ,PAAQ,medium_airport,"Warren ""Bud"" Woods Palmer Municipal Airport",61.5949,-149.089,242,NA,United States,,Palmer,true,275
44833,YLD,CYLD,medium_airport,Chapleau Airport,47.82,-83.3467,1470,NA,Canada,,Chapleau,true,275
29014,MDY,PMDY,medium_airport,Henderson Field,28.2017,-177.381,13,OC,United States Minor Outlying Islands,,Sand Island,true,275
17298,DCI,LIED,medium_airport,Decimomannu Air Base,39.3542,8.9725,100,EU,Italy,,Decimomannu,true,275
30236,NBW,MUGM,medium_airport,Leeward Point Field,19.9065,-75.2071,56,NA,Cuba,,Guantanamo Bay Naval Station,true,275
31589,ODH,EGVO,medium_airport,RAF Odiham,51.2341,-0.9428,405,EU,United Kingdom,,"Hook, Hampshire",true,275
37522,SYA,PASY,medium_airport,Eareckson Air Station,52.7123,174.114,95,NA,United States,,Shemya,true,275
33177,PLL,SBMN,medium_airport,Ponta Pelada Airport / Manaus Air Base,-3.146,-59.9863,267,SA,Brazil,,Manaus,true,275
45226,YWA,CYWA,heliport,Petawawa Heliport,45.9522,-77.3192,427,NA,Canada,,Petawawa,true,275
14820,BFO,FVCZ,medium_airport,Buffalo Range Airport,-21.0081,31.5786,1421,AF,Zimbabwe,,Chiredzi,true,275
14920,BIG,PABI,medium_airport,Allen Army Airfield,63.9945,-145.722,1291,NA,United States,,Delta Junction Ft Greely,true,275
21902,GWE,FVTL,medium_airport,Josiah Tungamirai Air Force Base,-19.4367,29.8619,4680,AF,Zimbabwe,,Gweru,true,275
34552,QNS,,medium_airport,Canoas Air Force Base,-29.9459,-51.1444,26,SA,Brazil,,Porto Alegre,true,275
37366,STY,SUSO,medium_airport,Nueva Hesperides International Airport,-31.4385,-57.9853,187,SA,Uruguay,,Salto,true,275
16550,CRQ,,medium_airport,Caravelas Airport,-17.6523,-39.2531,36,SA,Brazil,,Caravelas,true,275
19856,FBK,PAFB,medium_airport,Ladd Army Airfield,64.8375,-147.614,454,NA,United States,,Fairbanks,true,275
26689,KLD,UUEM,medium_airport,Migalovo Air Base,56.8247,35.7577,469,EU,Russia,,Tver,true,275
38333,TKT,VTPT,medium_airport,Tak Airport,16.896,99.2533,478,AS,Thailand,,,true,275
33651,PYR,LGAD,medium_airport,Andravida Air Base,37.9207,21.2926,55,EU,Greece,,Andravida,true,275
14865,BGX,SBBG,medium_airport,Comandante Gustavo Kraemer Airport,-31.3905,-54.1122,600,SA,Brazil,,Bagé,true,275
18778,EHM,PAEH,medium_airport,Cape Newenham LRRS Airport,58.6464,-162.063,541,NA,United States,,Cape Newenham,true,275
27660,LCC,LIBN,medium_airport,Lecce Galatina Air Base / Galatina Fortunato Cesari Airport,40.2392,18.1333,156,EU,Italy,,Galatina (LE),true,275
22712,HIW,RJBH,heliport,Hiroshima Heliport,34.3715,132.4177,15,AS,Japan,,Hiroshima,true,275
37494,SXI,OIBS,medium_airport,Siri Airport,25.9089,54.5394,43,AS,Iran,,Siri,true,275
37342,STA,EKVJ,medium_airport,Stauning Vestjylland  Airport,55.9901,8.3539,17,EU,Denmark,,Skjern,true,275
37436,SVW,PASV,medium_airport,Sparrevohn LRRS Airport,61.0974,-155.574,1585,NA,United States,,Sparrevohn,true,275
33389,PRH,VTCP,medium_airport,Phrae Airport,18.1322,100.165,538,AS,Thailand,,,true,275
32783,PAN,VTSK,medium_airport,Pattani Airport,6.7855,101.154,8,AS,Thailand,,,true,275
16827,CZF,PACZ,medium_airport,Cape Romanzof LRRS Airport,61.7803,-166.039,464,NA,United States,,Cape Romanzof,true,275
18562,EBM,DTTR,medium_airport,El Borma Airport,31.7043,9.2546,827,AF,Tunisia,,El Borma,true,275
29624,MUW,DAOV,medium_airport,Ghriss Airport,35.2077,0.1471,1686,AF,Algeria,,Ghriss,true,275
25326,JJI,SPJI,medium_airport,Juanjui Airport,-7.1691,-76.7286,1148,SA,Peru,,Juanjuí,true,275
38359,TLJ,PATL,medium_airport,Tatalina LRRS Airport,62.8944,-155.977,964,NA,United States,,Takotna,true,275
41231,VTB,UMII,medium_airport,Vitebsk Vostochny Airport,55.1265,30.3496,682,EU,Belarus,,Vitebsk,true,275
15492,BYC,SLYA,medium_airport,Yacuiba Airport,-21.9609,-63.6517,2112,SA,Bolivia,,Yacuíba,true,275
20642,FXE,KFXE,medium_airport,Fort Lauderdale Executive Airport,26.1973,-80.1707,13,NA,United States,,Fort Lauderdale,true,250
24358,ISM,KISM,medium_airport,Kissimmee Gateway Airport,28.2898,-81.4371,82,NA,United States,,Orlando,true,250
13870,APA,KAPA,medium_airport,Centennial Airport,39.5701,-104.849,5885,NA,United States,,Denver,true,250
32097,ORL,KORL,medium_airport,Orlando Executive Airport,28.5455,-81.3329,113,NA,United States,,Orlando,true,250
37104,SMO,KSMO,medium_airport,Santa Monica Municipal Airport,34.0158,-118.451,170,NA,United States,,Santa Monica,true,250
13875,APF,KAPF,medium_airport,Naples Municipal Airport,26.1526,-81.7753,8,NA,United States,,Naples,true,250
44952,YOO,CYOO,medium_airport,Oshawa Executive Airport,43.9228,-78.895,460,NA,Canada,,Oshawa,true,250
32784,PAO,KPAO,medium_airport,Palo Alto Airport,37.4611,-122.115,4,NA,United States,,Palo Alto,true,250
33383,PRB,KPRB,medium_airport,Paso Robles Municipal Airport,35.6729,-120.627,840,NA,United States,,Paso Robles,true,250
38387,TMB,KTMB,medium_airport,Miami Executive Airport,25.6479,-80.4328,8,NA,United States,,Miami,true,250
29573,MTH,KMTH,medium_airport,Florida Keys Marathon International Airport,24.726,-81.0514,5,NA,United States,,Marathon,true,250
16540,CRG,KCRG,medium_airport,Jacksonville Executive at Craig Airport,30.3363,-81.5144,41,NA,United States,,Jacksonville,true,250
33572,PWK,,medium_airport,Chicago Executive Airport,42.1142,-87.9015,647,NA,United States,,Chicago/Prospect Heights/Wheeling,true,250
20367,FPR,KFPR,medium_airport,Treasure Coast International Airport,27.4951,-80.3683,24,NA,United States,,Fort Pierce,true,250
44561,YDT,CZBB,medium_airport,Boundary Bay Airport,49.0743,-123.0069,6,NA,Canada,,Delta,true,250
22585,HFD,KHFD,medium_airport,Hartford Brainard Airport,41.7367,-72.6494,18,NA,United States,,Hartford,true,250
22704,HIO,KHIO,medium_airport,Portland Hillsboro Airport,45.5404,-122.95,208,NA,United States,,Portland,true,250
20266,FMY,KFMY,medium_airport,Page Field,26.5866,-81.8633,17,NA,United States,,Fort Myers,true,250
17758,DPA,KDPA,medium_airport,Dupage Airport,41.9078,-88.2486,759,NA,United States,,Chicago/West Chicago,true,250
29375,MNZ,KHEF,medium_airport,Manassas Regional Airport/Harry P. Davis Field,38.7214,-77.5154,192,NA,United States,,Manassas,true,250
32319,OXR,KOXR,medium_airport,Oxnard Airport,34.2008,-119.207,45,NA,United States,,Oxnard,true,250
38578,TRM,KTRM,medium_airport,Jacqueline Cochran Regional Airport,33.6267,-116.16,-115,NA,United States,,Palm Springs,true,250
37314,SSI,KSSI,medium_airport,St Simons Island Airport,31.1518,-81.3913,19,NA,United States,,St Simons Island,true,250
18671,EEN,KEEN,medium_airport,Dillant Hopkins Airport,42.8984,-72.2708,488,NA,United States,,Keene,true,250
36778,SDM,KSDM,medium_airport,Brown Field Municipal Airport,32.5726,-116.98,526,NA,United States,,San Diego,true,250
44508,YCC,CYCC,medium_airport,Cornwall Regional Airport,45.0926,-74.5677,175,NA,Canada,,Cornwall,true,250
36136,RVS,KRVS,medium_airport,Tulsa Riverside Airport,36.0396,-95.9846,638,NA,United States,,Tulsa,true,250
15029,BLH,KBLH,medium_airport,Blythe Airport,33.6192,-114.717,399,NA,United States,,Blythe,true,250
36891,SGR,KSGR,medium_airport,Sugar Land Regional Airport,29.6223,-95.6565,82,NA,United States,,Houston,true,250
28110,LOU,KLOU,medium_airport,Bowman Field,38.228,-85.6637,546,NA,United States,,Louisville,true,250
14717,BCT,KBCT,medium_airport,Boca Raton Airport,26.3785,-80.1077,13,NA,United States,,Boca Raton,true,250
20289,FNL,KFNL,medium_airport,Northern Colorado Regional Airport,40.4497,-105.0113,5016,NA,United States,,Loveland,true,250
32269,OWD,KOWD,medium_airport,Norwood Memorial Airport,42.1905,-71.1729,49,NA,United States,,Norwood,true,250
35409,RBL,KRBL,medium_airport,Red Bluff Municipal Airport,40.1507,-122.252,352,NA,United States,,Red Bluff,true,250
45028,YQS,CYQS,medium_airport,St Thomas Municipal Airport,42.77,-81.1108,778,NA,Canada,,St Thomas,true,250
21558,GMU,KGMU,medium_airport,Greenville Downtown Airport,34.8479,-82.3502,1048,NA,United States,,Greenville,true,250
27734,LEE,KLEE,medium_airport,Leesburg International Airport,28.8231,-81.8087,76,NA,United States,,Leesburg,true,250
45015,YQF,CYQF,medium_airport,Red Deer Regional Airport,52.1822,-113.894,2968,NA,Canada,,Springbrook,true,250
38473,TOP,KTOP,medium_airport,Philip Billard Municipal Airport,39.0699,-95.6226,881,NA,United States,,Topeka,true,250
42637,WWD,KWWD,medium_airport,Cape May County Airport,39.0085,-74.9083,23,NA,United States,,Wildwood,true,250
42171,WJF,KWJF,medium_airport,General William J Fox Airfield,34.7411,-118.219,2351,NA,United States,,Lancaster,true,250
45089,YSH,CYSH,medium_airport,Smiths Falls-Montague (Russ Beach) Airport,44.9458,-75.9406,416,NA,Canada,,Smiths Falls,true,250
16430,COE,KCOE,medium_airport,Coeur D'Alene Airport - Pappy Boyington Field,47.7743,-116.82,2320,NA,United States,,Coeur d'Alene,true,250
16538,CRE,KCRE,medium_airport,Grand Strand Airport,33.8117,-78.7239,32,NA,United States,,North Myrtle Beach,true,250
37311,SSF,KSSF,medium_airport,Stinson Municipal Airport,29.337,-98.4711,577,NA,United States,,San Antonio,true,250
19942,FDY,KFDY,medium_airport,Findlay Airport,41.0135,-83.6687,813,NA,United States,,Findlay,true,250
31559,OCN,KOKB,medium_airport,Oceanside Municipal Airport,33.2179,-117.3517,28,NA,United States,,Oceanside,true,250
40852,VIS,KVIS,medium_airport,Visalia Municipal Airport,36.3187,-119.393,295,NA,United States,,Visalia,true,250
15406,BVY,KBVY,medium_airport,Beverly Regional Airport,42.5842,-70.9165,107,NA,United States,,Beverly / Danvers,true,250
16439,CON,KCON,medium_airport,Concord Municipal Airport,43.2027,-71.5023,342,NA,United States,,Concord,true,250
17224,DAG,KDAG,medium_airport,Barstow Daggett Airport,34.8537,-116.787,1930,NA,United States,,Daggett,true,250
29155,MHV,KMHV,medium_airport,Mojave Air &  Space Port,35.0564,-118.1453,2801,NA,United States,,Mojave,true,250
45118,YTA,CYTA,medium_airport,Pembroke Airport,45.8644,-77.2517,529,NA,Canada,,Pembroke,true,250
24188,INW,KINW,medium_airport,Winslow Lindbergh Regional Airport,35.0219,-110.723,4941,NA,United States,,Winslow,true,250
32307,OXF,EGTK,medium_airport,London Oxford Airport,51.8369,-1.32,270,EU,United Kingdom,,"Kidlington, Oxfordshire",true,250
45062,YRQ,CYRQ,medium_airport,Trois-Rivières Airport,46.3528,-72.6794,199,NA,Canada,,Trois-Rivières,true,250
19003,ENV,KENV,medium_airport,Wendover Airport,40.7187,-114.031,4237,NA,United States,,Wendover,true,250
13997,AST,KAST,medium_airport,Astoria Regional Airport,46.158,-123.879,15,NA,United States,,Astoria,true,250
18697,EFD,KEFD,medium_airport,Ellington Airport,29.6073,-95.1588,32,NA,United States,,Houston,true,250
44956,YOS,CYOS,medium_airport,Owen Sound / Billy Bishop Regional Airport,44.5903,-80.8375,1007,NA,Canada,,Owen Sound,true,250
45778,ZBM,CZBM,medium_airport,Bromont (Roland Désourdy) Airport,45.2908,-72.7414,375,NA,Canada,,Bromont,true,250
38641,TTD,KTTD,medium_airport,Portland Troutdale Airport,45.5494,-122.401,39,NA,United States,,Portland,true,250
45287,YXZ,CYXZ,medium_airport,Wawa Airport,47.9667,-84.7867,942,NA,Canada,,Wawa,true,250
16583,CSN,KCXP,medium_airport,Carson Airport,39.1943,-119.7343,4697,NA,United States,,Carson City,true,250
23208,HWO,KHWO,medium_airport,North Perry Airport,26.0012,-80.2407,8,NA,United States,,Hollywood,true,250
44510,YCE,CYCE,medium_airport,Centralia / James T. Field Memorial Aerodrome,43.2856,-81.5083,824,NA,Canada,,Huron Park,true,250
15438,BWU,YSBK,medium_airport,Sydney Bankstown Airport,-33.9236,150.9908,29,OC,Australia,,Sydney,true,250
19169,ESH,EGKA,medium_airport,Brighton City Airport,50.8356,-0.2972,7,EU,United Kingdom,,"Brighton, East Sussex",true,250
14702,BCE,KBCE,medium_airport,Bryce Canyon Airport,37.7064,-112.145,7590,NA,United States,,Bryce Canyon,true,250
20255,FMN,KFMN,medium_airport,Four Corners Regional Airport,36.7412,-108.23,5506,NA,United States,,Farmington,true,250
19004,ENW,KENW,medium_airport,Kenosha Regional Airport,42.5957,-87.9278,742,NA,United States,,Kenosha,true,250
31888,OLS,KOLS,medium_airport,Nogales International Airport,31.4177,-110.848,3955,NA,United States,,Nogales,true,250
13692,AKC,KAKR,medium_airport,Akron Fulton International Airport,41.0374,-81.4678,1067,NA,United States,,Akron,true,250
13801,AND,KAND,medium_airport,Anderson Regional Airport,34.4946,-82.7094,782,NA,United States,,Anderson,true,250
18661,EED,KEED,medium_airport,Needles Airport,34.7663,-114.623,983,NA,United States,,Needles,true,250
33240,PNC,KPNC,medium_airport,Ponca City Regional Airport,36.732,-97.0998,1008,NA,United States,,Ponca City,true,250
35798,RME,KRME,medium_airport,Griffiss International Airport,43.2338,-75.407,504,NA,United States,,Rome,true,250
21505,GLD,KGLD,medium_airport,Goodland Municipal Airport,39.3707,-101.6998,3656,NA,United States,,Goodland,true,250
24068,IKK,KIKK,medium_airport,Greater Kankakee Airport,41.0714,-87.8463,630,NA,United States,,Kankakee,true,250
24360,ISO,KISO,medium_airport,Kinston Regional Jetport At Stallings Field,35.3314,-77.6088,93,NA,United States,,Kinston,true,250
27822,LGU,KLGU,medium_airport,Logan-Cache Airport,41.7912,-111.852,4457,NA,United States,,Logan,true,250
35800,RMG,KRMG,medium_airport,Richard B Russell Airport,34.3506,-85.158,644,NA,United States,,Rome,true,250
37111,SMV,LSZS,medium_airport,Engadin Airport,46.5341,9.8841,5600,EU,Switzerland,,Samedan,true,250
17849,DRT,KDRT,medium_airport,Del Rio International Airport,29.3742,-100.927,1002,NA,United States,,Del Rio,true,250
44797,YKD,CYKM,medium_airport,Kincardine Municipal Airport,44.2014,-81.6067,772,NA,Canada,,Kincardine,true,250
33405,PRX,KPRX,medium_airport,Cox Field,33.6366,-95.4508,547,NA,United States,,Paris,true,250
44771,YJN,CYJN,medium_airport,St Jean Airport,45.2944,-73.2811,136,NA,Canada,,St Jean,true,250
21516,GLO,EGBJ,medium_airport,Gloucestershire Airport,51.8942,-2.1672,101,EU,United Kingdom,,"Staverton, Gloucestershire",true,250
38501,TPH,KTPH,medium_airport,Tonopah Airport,38.0602,-117.087,5430,NA,United States,,Tonopah,true,250
26624,KJK,EBKT,medium_airport,Kortrijk-Wevelgem International Airport,50.8189,3.2096,55,EU,Belgium,,Wevelgem,true,250
41138,VQQ,KVQQ,medium_airport,Cecil Airport,30.2187,-81.8767,81,NA,United States,,Jacksonville,true,250
27776,LFK,KLFK,medium_airport,Angelina County Airport,31.234,-94.75,296,NA,United States,,Lufkin,true,250
31957,ONP,KONP,medium_airport,Newport Municipal Airport,44.5804,-124.058,160,NA,United States,,Newport,true,250
45067,YRV,CYRV,medium_airport,Revelstoke Airport,50.9622,-118.1843,1459,NA,Canada,,Revelstoke,true,250
17632,DLS,KDLS,medium_airport,Columbia Gorge Regional Airport,45.621,-121.1708,247,NA,United States,,Dallesport / The Dalles,true,250
44589,YEL,CYEL,medium_airport,Elliot Lake Municipal Airport,46.3514,-82.5614,1087,NA,Canada,,Elliot Lake,true,250
20246,FME,KFME,medium_airport,Fort Meade Executive Airport,39.0854,-76.7594,150,NA,United States,,Fort Meade(Odenton),true,250
23107,HTV,KUTS,medium_airport,Huntsville Regional Airport,30.7469,-95.5872,363,NA,United States,,Huntsville,true,250
27586,LAA,KLAA,medium_airport,Southeast Colorado Regional Airport,38.0664,-102.6914,3706,NA,United States,,Lamar,true,250
13457,ADT,KADH,medium_airport,Ada Regional Airport,34.8052,-96.672,1016,NA,United States,,Ada,true,250
17663,DMN,KDMN,medium_airport,Deming Municipal Airport,32.2623,-107.721,4314,NA,United States,,Deming,true,250
18874,EKA,KEKA,medium_airport,Murray Field,40.8034,-124.113,7,NA,United States,,Eureka,true,250
31102,NZY,KNZY,medium_airport,North Island Naval Air Station-Halsey Field,32.6992,-117.215,26,NA,United States,,San Diego,true,250
45102,YSU,CYSU,medium_airport,Summerside Airport,46.4406,-63.8336,56,NA,Canada,,Slemon Park,true,250
22804,HLG,KHLG,medium_airport,Wheeling Ohio County Airport,40.175,-80.6463,1195,NA,United States,,Wheeling,true,250
14958,BJI,KBJI,medium_airport,Bemidji Regional Airport,47.5094,-94.9337,1391,NA,United States,,Bemidji,true,250
14680,BBS,EGLK,medium_airport,Blackbushe Airport,51.3239,-0.8475,325,EU,United Kingdom,,"Camberley, Surrey",true,250
26704,KLS,KKLS,medium_airport,Southwest Washington Regional Airport,46.118,-122.898,20,NA,United States,,Kelso,true,250
29069,MFH,,medium_airport,Mesquite Airport,36.8331,-114.0559,1978,NA,United States,,Mesquite,true,250
38314,TKA,PATK,medium_airport,Talkeetna Airport,62.3205,-150.094,358,NA,United States,,Talkeetna,true,250
45194,YVE,CYVK,medium_airport,Vernon Regional Airport,50.2462,-119.331,1140,NA,Canada,,Vernon,true,250
42276,WMC,KWMC,medium_airport,Winnemucca Municipal Airport,40.8966,-117.806,4308,NA,United States,,Winnemucca,true,250
44941,YOD,CYOD,medium_airport,CFB Cold Lake,54.405,-110.279,1775,NA,Canada,,Cold Lake,true,250
33261,PNX,KGYI,medium_airport,North Texas Regional Airport Perrin Field,33.7141,-96.6737,749,NA,United States,,Denison,true,250
18592,ECG,KECG,medium_airport,Elizabeth City Regional Airport & Coast Guard Air Station,36.2606,-76.1746,11,NA,United States,,Elizabeth City,true,250
19292,EVW,KEVW,medium_airport,Evanston-Uinta County Airport-Burns Field,41.2748,-111.035,7143,NA,United States,,Evanston,true,250
20477,FST,KFST,medium_airport,Fort Stockton Pecos County Airport,30.9157,-102.916,3011,NA,United States,,Fort Stockton,true,250
24997,JAD,YPJT,medium_airport,Perth Jandakot Airport,-32.0975,115.881,99,OC,Australia,,Perth,true,250
33406,PRY,FAWB,medium_airport,Wonderboom Airport,-25.6539,28.2242,4095,AF,South Africa,,Pretoria,true,250
35661,RIL,KRIL,medium_airport,Garfield County Regional Airport,39.5263,-107.727,5548,NA,United States,,Rifle,true,250
45341,YZH,CYZH,medium_airport,Slave Lake Airport,55.2929,-114.7773,1912,NA,Canada,,Slave Lake,true,250
31482,OAI,OAIX,medium_airport,Bagram Airfield,34.9461,69.265,4895,AS,Afghanistan,,Bagram,true,250
29443,MPV,KMPV,medium_airport,Edward F Knapp State Airport,44.2035,-72.5623,1166,NA,United States,,Barre/Montpelier,true,250
30455,NHZ,KBXM,medium_airport,Brunswick Executive Airport,43.8922,-69.9386,72,NA,United States,,Brunswick,true,250
17938,DUA,KDUA,medium_airport,Durant Regional Airport - Eaker Field,33.9397,-96.3951,699,NA,United States,,Durant,true,250
45279,YXR,CYXR,medium_airport,Earlton (Timiskaming Regional) Airport,47.6974,-79.8473,800,NA,Canada,,Earlton,true,250
19000,ENS,EHTW,medium_airport,Twente Airport,52.2758,6.8892,114,EU,Netherlands,,Enschede,true,250
20181,FKL,KFKL,medium_airport,Venango Regional Airport,41.3779,-79.8604,1540,NA,United States,,Franklin,true,250
45097,YSP,CYSP,medium_airport,Marathon Airport,48.7553,-86.3444,1035,NA,Canada,,Marathon,true,250
29681,MWH,KMWH,medium_airport,Grant County International Airport,47.2077,-119.32,1189,NA,United States,,Moses Lake,true,250
42384,WPC,CZPC,medium_airport,Pincher Creek Airport,49.5204,-113.997,3903,NA,Canada,,Pincher Creek,true,250
27923,LJN,KLBX,medium_airport,Texas Gulf Coast Regional Airport,29.1086,-95.4621,25,NA,United States,,Angleton,true,250
17697,DNL,KDNL,medium_airport,Daniel Field,33.4665,-82.0394,423,NA,United States,,Augusta,true,250
15498,BYI,KBYI,medium_airport,Burley Municipal Airport,42.5426,-113.772,4150,NA,United States,,Burley,true,250
17489,DHT,KDHT,medium_airport,Dalhart Municipal Airport,36.0226,-102.547,3991,NA,United States,,Dalhart,true,250
25085,JCT,KJCT,medium_airport,Kimble County Airport,30.5113,-99.7635,1749,NA,United States,,Junction,true,250
28360,LVS,KLVS,medium_airport,Las Vegas Municipal Airport,35.6542,-105.142,6877,NA,United States,,Las Vegas,true,250
21187,GCJ,FAGC,medium_airport,Grand Central Airport,-25.9863,28.1401,5325,AF,South Africa,,Midrand,true,250
42281,WMH,KBPK,medium_airport,Ozark Regional Airport,36.3689,-92.4705,928,NA,United States,,Mountain Home,true,250
44992,YPS,CYPD,medium_airport,Port Hawkesbury Airport,45.6567,-61.3681,377,NA,Canada,,Port Hawkesbury,true,250
45095,YSN,CZAM,medium_airport,Shuswap Regional Airport,50.6828,-119.229,1751,NA,Canada,,Salmon Arm,true,250
44590,YEM,CYEM,medium_airport,Manitoulin East Municipal Airport,45.8424,-81.8576,869,NA,Canada,,Sheguiandah,true,250
45311,YYN,CYYN,medium_airport,Swift Current Airport,50.2919,-107.691,2680,NA,Canada,,Swift Current,true,250
43465,XJD,OTBH,medium_airport,Al Udeid Air Base,25.1173,51.315,130,AS,Qatar,,Ar Rayyan,true,250
25187,JFN,KHZY,medium_airport,Northeast Ohio Regional Airport,41.778,-80.6955,924,NA,United States,,Ashtabula,true,250
14821,BFP,KBVI,medium_airport,Beaver County Airport,40.7725,-80.3914,1253,NA,United States,,Beaver Falls,true,250
14813,BFH,SBBI,medium_airport,Bacacheri Airport,-25.4051,-49.232,3057,SA,Brazil,,Curitiba,true,250
44597,YET,CYET,medium_airport,Edson Airport,53.5789,-116.465,3043,NA,Canada,,Edson,true,250
44666,YGQ,CYGQ,medium_airport,Geraldton Greenstone Regional Airport,49.7783,-86.9394,1144,NA,Canada,,Geraldton,true,250
44662,YGM,CYGM,medium_airport,Gimli Industrial Park Airport,50.6281,-97.0433,753,NA,Canada,,Gimli,true,250
22444,HBG,KHBG,medium_airport,Hattiesburg Bobby L Chain Municipal Airport,31.2648,-89.2528,151,NA,United States,,Hattiesburg,true,250
30481,NIP,KNIP,medium_airport,Jacksonville Naval Air Station (Towers Field),30.2358,-81.6806,21,NA,United States,,Jacksonville,true,250
39777,UOX,KUOX,medium_airport,University Oxford Airport,34.3843,-89.5368,452,NA,United States,,Oxford,true,250
45018,YQI,CYQI,medium_airport,Yarmouth Airport,43.8269,-66.0881,141,NA,Canada,,Yarmouth,true,250
15108,BNO,KBNO,medium_airport,Burns Municipal Airport,43.5905,-118.9552,4148,NA,United States,,Burns,true,250
16050,CDU,YSCN,medium_airport,Camden Airport,-34.0383,150.6864,230,OC,Australia,,Cobbitty,true,250
18934,ELY,KELY,medium_airport,Ely Airport Yelland Field,39.2997,-114.842,6259,NA,United States,,Ely,true,250
27641,LBT,KLBT,medium_airport,Lumberton Regional Airport,34.6108,-79.0594,126,NA,United States,,Lumberton,true,250
31664,OFK,KOFK,medium_airport,Karl Stefan Memorial Airport,41.9855,-97.4351,1573,NA,United States,,Norfolk,true,250
45032,YQW,CYQW,medium_airport,North Battleford Airport,52.7694,-108.2437,1799,NA,Canada,,North Battleford,true,250
36165,RWL,KRWL,medium_airport,Rawlins Municipal Airport/Harvey Field,41.8056,-107.2,6813,NA,United States,,Rawlins,true,250
45054,YRI,CYRI,medium_airport,Rivière-du-Loup Airport,47.7644,-69.5847,427,NA,Canada,,Rivière-du-Loup,true,250
36050,RTE,,medium_airport,Campo de Marte Airport,-23.5091,-46.6378,2371,SA,Brazil,,São Paulo,true,250
37150,SNY,KSNY,medium_airport,Sidney Municipal Airport Lloyd W Carr Field,41.1013,-102.985,4313,NA,United States,,Sidney,true,250
38830,TYM,MYES,medium_airport,Staniel Cay Airport,24.1691,-76.4391,5,NA,Bahamas,,Staniel Cay,true,250
44849,YLT,CYLT,medium_airport,Alert Airport,82.5173,-62.283,100,NA,Canada,,Alert,true,250
16410,CNU,KCNU,medium_airport,Chanute Martin Johnson Airport,37.6682,-95.4867,1002,NA,United States,,Chanute,true,250
19166,ESE,MMES,medium_airport,Ensenada International Airport / El Ciprés Air Base,31.7945,-116.6024,66,NA,Mexico,,Ensenada,true,250
23283,HYR,KHYR,medium_airport,Sawyer County Airport,46.0252,-91.4443,1216,NA,United States,,Hayward,true,250
14993,BKH,PHBK,medium_airport,Barking Sands Airport,22.0228,-159.785,23,OC,United States,,Kekaha,true,250
28354,LVM,KLVM,medium_airport,Mission Field,45.6994,-110.448,4660,NA,United States,,Livingston,true,250
35837,RNH,KRNH,medium_airport,New Richmond Regional Airport,45.1483,-92.5381,998,NA,United States,,New Richmond,true,250
32811,PBF,KPBF,medium_airport,"Pine Bluff Regional Airport, Grider Field",34.1741,-91.9356,206,NA,United States,,Pine Bluff,true,250
24176,INK,KINK,medium_airport,Winkler County Airport,31.7796,-103.201,2822,NA,United States,,Wink,true,250
25268,JHW,KJHW,medium_airport,Chautauqua County-Jamestown Airport,42.1542,-79.254,1723,NA,United States,,Jamestown,true,250
16625,CTT,LFMQ,medium_airport,Le Castellet Airport,43.2525,5.7852,1391,EU,France,,"Le Castellet, Var",true,250
28101,LOL,KLOL,medium_airport,Derby Field,40.0664,-118.565,3904,NA,United States,,Lovelock,true,250
37094,SME,KSME,medium_airport,Lake Cumberland Regional Airport,37.0534,-84.6159,927,NA,United States,,Somerset,true,250
42634,WWA,PAWS,medium_airport,Wasilla Airport,61.5717,-149.54,354,NA,United States,,Wasilla,true,250
36929,SHT,YSHT,medium_airport,Shepparton Airport,-36.4283,145.3915,374,OC,Australia,,,true,250
37457,SWH,YSWH,medium_airport,Swan Hill Airport,-35.3758,143.533,234,OC,Australia,,,true,250
16643,CUB,KCUB,medium_airport,Jim Hamilton L.B. Owens Airport,33.9705,-80.9952,193,NA,United States,,Columbia,true,250
16607,CTB,KCTB,medium_airport,Cut Bank International Airport,48.6087,-112.3782,3854,NA,United States,,Cut Bank,true,250
17944,DUG,KDUG,medium_airport,Bisbee Douglas International Airport,31.4641,-109.6046,4154,NA,United States,,Douglas Bisbee,true,250
30512,NJK,KNJK,medium_airport,El Centro NAF Airport (Vraciu Field),32.8292,-115.672,-42,NA,United States,,El Centro,true,250
44591,YEN,CYEN,medium_airport,Estevan Airport,49.2103,-102.966,1905,NA,Canada,,Estevan,true,250
44691,YHF,CYHF,medium_airport,Hearst René Fontaine Municipal Airport,49.7142,-83.6861,827,NA,Canada,,Hearst,true,250
30879,NTR,MMAN,medium_airport,Del Norte International Airport,25.8656,-100.237,1476,NA,Mexico,,Monterrey,true,250
38183,TGN,YLTV,medium_airport,Latrobe Valley Airport,-38.211,146.4708,180,OC,Australia,,Morwell,true,250
30414,NGU,KNGU,medium_airport,Norfolk Naval Station (Chambers Field),36.9376,-76.2893,17,NA,United States,,Norfolk,true,250
30920,NUW,KNUW,medium_airport,Whidbey Island Naval Air Station (Ault Field),48.3518,-122.656,47,NA,United States,,Oak Harbor,true,250
31956,ONO,KONO,medium_airport,Ontario Municipal Airport,44.0198,-117.0133,2193,NA,United States,,Oregon,true,250
36159,RWF,KRWF,medium_airport,Redwood Falls Municipal Airport,44.5472,-95.0823,1024,NA,United States,,Redwood Falls,true,250
38028,TCC,KTCC,medium_airport,Tucumcari Municipal Airport,35.1828,-103.603,4065,NA,United States,,Tucumcari,true,250
39506,UHE,LKKU,medium_airport,Kunovice Airport,49.0294,17.4397,581,EU,Czech Republic,,Uherské Hradiště,true,250
41243,VTN,KVTN,medium_airport,Miller Field,42.8562,-100.5492,2596,NA,United States,,Valentine,true,250
40714,VEY,BIVM,medium_airport,Vestmannaeyjar Airport,63.4243,-20.2789,326,EU,Iceland,,Vestmannaeyjar,true,250
18593,ECH,YECH,medium_airport,Echuca Airport,-36.1572,144.762,323,OC,Australia,,,true,250
36090,RUI,KSRR,medium_airport,Sierra Blanca Regional Airport,33.4628,-105.535,6814,NA,United States,,Alto,true,250
14990,BKE,KBKE,medium_airport,Baker City Municipal Airport,44.8373,-117.809,3373,NA,United States,,Baker City,true,250
15945,CAX,EGNC,medium_airport,Carlisle Lake District Airport,54.9375,-2.8092,190,EU,United Kingdom,,"Carlisle, Cumbria",true,250
44877,YML,CYML,medium_airport,Charlevoix Airport,47.5975,-70.2239,977,NA,Canada,,Charlevoix,true,250
21850,GUY,KGUY,medium_airport,Guymon Municipal Airport,36.6851,-101.508,3123,NA,United States,,Guymon,true,250
31546,OCA,,medium_airport,Ocean Reef Club Airport,25.3254,-80.2748,8,NA,United States,,Key Largo,true,250
30777,NQX,KNQX,medium_airport,Naval Air Station Key West/Boca Chica Field,24.5758,-81.6889,6,NA,United States,,Key West,true,250
44839,YLJ,CYLJ,medium_airport,Meadow Lake Airport,54.1253,-108.523,1576,NA,Canada,,Meadow Lake,true,250
17438,DGE,YMDG,medium_airport,Mudgee Airport,-32.5648,149.6095,1545,OC,Australia,,Mudgee,true,250
13942,ARA,KARA,medium_airport,Acadiana Regional Airport,30.0378,-91.8839,24,NA,United States,,New Iberia,true,250
31480,OAG,YORG,medium_airport,Orange Airport,-33.382,149.1313,3115,OC,Australia,,Orange,true,250
30886,NTY,FAPN,medium_airport,Pilanesberg International Airport,-25.3338,27.1734,3412,AF,South Africa,,Pilanesberg,true,250
33586,PWY,KPNA,medium_airport,Ralph Wenz Field,42.7955,-109.807,7102,NA,United States,,Pinedale,true,250
32847,PCF,FAPS,medium_airport,Potchefstroom Airport,-26.671,27.0819,4520,AF,South Africa,,Potchefstroom,true,250
36021,RSL,KRSL,medium_airport,Russell Municipal Airport,38.8721,-98.8118,1862,NA,United States,,Russell,true,250
14738,BDE,KBDE,medium_airport,Baudette International Airport,48.7284,-94.6122,1086,NA,United States,,Baudette,true,250
14665,BBD,KBBD,medium_airport,Curtis Field,31.1789,-99.3247,1827,NA,United States,,Brady,true,250
16048,CDS,KCDS,medium_airport,Childress Municipal Airport,34.4338,-100.288,1954,NA,United States,,Childress,true,250
40851,VIR,FAVG,medium_airport,Virginia Airport,-29.7706,31.0584,20,AF,South Africa,,Durban,true,250
14919,BIF,KBIF,medium_airport,Biggs Army Air Field (Fort Bliss),31.8495,-106.38,3946,NA,United States,,Fort Bliss/El Paso,true,250
20609,FWH,KNFW,medium_airport,NAS Fort Worth JRB / Carswell Field,32.7692,-97.4415,650,NA,United States,,Fort Worth,true,250
21803,GTN,NZGT,medium_airport,Glentanner Airport,-43.9067,170.128,1824,OC,New Zealand,,Glentanner Station,true,250
44818,YKY,CYKY,medium_airport,Kindersley Airport,51.5175,-109.181,2277,NA,Canada,,Kindersley,true,250
44817,YKX,CYKX,medium_airport,Kirkland Lake Airport,48.2103,-79.9814,1157,NA,Canada,,Kirkland Lake,true,250
42077,WGT,YWGT,medium_airport,Wangaratta Airport,-36.4179,146.3069,504,OC,Australia,,Laceby,true,250
30952,NVS,LFQG,medium_airport,Nevers-Fourchambault Airport,47.0029,3.1131,602,EU,France,,"Marzy, Nièvre",true,250
30612,NMC,MYEN,medium_airport,Normans Cay Airport,24.5943,-76.8202,8,NA,Bahamas,,Normans Cay,true,250
31691,OGB,KOGB,medium_airport,Orangeburg Municipal Airport,33.4568,-80.8595,195,NA,United States,,Orangeburg,true,250
37502,SXQ,PASX,medium_airport,Soldotna Airport,60.4749,-151.0385,113,NA,United States,,Soldotna,true,250
14072,AUW,KAUW,medium_airport,Wausau Downtown Airport,44.9262,-89.6266,1201,NA,United States,,Wausau,true,250
33326,PPQ,NZPP,medium_airport,Paraparaumu Airport,-40.9047,174.989,22,OC,New Zealand,,,true,250
14810,BFE,EDLI,medium_airport,Bielefeld Airport,51.9647,8.5444,454,EU,Germany,,Bielefeld,true,250
15174,BPI,KBPI,medium_airport,Miley Memorial Field,42.5851,-110.111,6990,NA,United States,,Big Piney,true,250
31583,ODB,LEBA,medium_airport,Córdoba Airport,37.842,-4.8489,297,EU,Spain,,Córdoba,true,250
23133,HUL,KHUL,medium_airport,Houlton International Airport,46.1231,-67.7921,489,NA,United States,,Houlton,true,250
30399,NGF,PHNG,medium_airport,Kaneohe Bay MCAS (Marion E. Carl Field) Airport,21.4505,-157.768,24,OC,United States,,Kaneohe,true,250
29508,MRO,NZMS,medium_airport,Hood Airport,-40.9746,175.6345,364,OC,New Zealand,,Masterton,true,250
29039,MEN,LFNB,medium_airport,Mende-Brenoux Airfield,44.5021,3.5328,3362,EU,France,,Mende/Brénoux,true,250
42402,WPU,SCGZ,medium_airport,Guardia Marina Zañartu Airport,-54.9311,-67.6263,88,SA,Chile,,Puerto Williams,true,250
29516,MRW,EKMB,medium_airport,Lolland Falster Maribo Airport,54.6994,11.4382,16,EU,Denmark,,Rødby,true,250
46397,ZST,CZST,medium_airport,Stewart Airport,55.9354,-129.9824,24,NA,Canada,,Stewart,true,250
24107,ILN,KILN,medium_airport,Wilmington Airpark,39.4279,-83.7921,1077,NA,United States,,Wilmington,true,250
16733,CWT,YCWR,medium_airport,Cowra Airport,-33.8469,148.648,966,OC,Australia,,,true,250
21837,GUL,YGLB,medium_airport,Goulburn Airport,-34.8103,149.726,2141,OC,Australia,,,true,250
44723,YIB,CYIB,medium_airport,Atikokan Municipal Airport,48.7739,-91.6386,1408,NA,Canada,,Atikokan,true,250
14087,AVB,LIPA,medium_airport,Aviano Air Base,46.0319,12.5965,410,EU,Italy,,Aviano (PN),true,250
44522,YCQ,CYCQ,medium_airport,Chetwynd Airport,55.6872,-121.627,2000,NA,Canada,,Chetwynd,true,250
33544,PVS,UHMD,medium_airport,Provideniya Bay Airport,64.3781,-173.243,72,EU,Russia,,Chukotka,true,250
16510,CQM,LERL,medium_airport,Ciudad Real International Airport,38.8565,-3.9699,2120,EU,Spain,,Ciudad Real,true,250
27819,LGR,SCHR,medium_airport,Cochrane Airport,-47.2436,-72.5881,643,SA,Chile,,Cochrane,true,250
44548,YDG,CYID,medium_airport,Digby / Annapolis Regional Airport,44.5458,-65.7854,499,NA,Canada,,Digby,true,250
30433,NHD,OMDM,medium_airport,Al Minhad Air Base,25.0268,55.3662,165,AS,United Arab Emirates,,Dubai,true,250
20423,FRB,YFBS,medium_airport,Forbes Airport,-33.3636,147.935,760,OC,Australia,,Forbes,true,250
19900,FCS,KFCS,medium_airport,Butts AAF (Fort Carson) Air Field,38.6784,-104.757,5838,NA,United States,,Fort Carson,true,250
35487,RDR,KRDR,medium_airport,Grand Forks Air Force Base,47.9611,-97.4012,913,NA,United States,,Grand Forks,true,250
21736,GRS,LIRS,medium_airport,Grosseto Corrado Baccarini Air Base / Grosseto Airport,42.7597,11.0719,17,EU,Italy,,Grosseto (GR),true,250
21835,GUJ,SBGW,medium_airport,Edu Chaves Field,-22.7916,-45.2048,1761,SA,Brazil,,Guaratinguetá,true,250
22424,HAW,EGFE,medium_airport,Haverfordwest Airport,51.8331,-4.9611,159,EU,United Kingdom,,Haverfordwest,true,250
22455,HBR,KHBR,medium_airport,Hobart Regional Airport,34.9913,-99.0513,1563,NA,United States,,Hobart,true,250
24994,JAA,OAJL,medium_airport,Jalalabad Airport,34.3998,70.4986,1814,AS,Afghanistan,,Jalalabad,true,250
44803,YKJ,CYKJ,medium_airport,Key Lake Airport,57.2561,-105.618,1679,NA,Canada,,Key Lake,true,250
26742,KMU,HCMK,medium_airport,Kismayo Airport,-0.3774,42.4592,49,AF,Somalia,,Kismayo,true,250
13787,AMZ,NZAR,medium_airport,Ardmore Airport,-37.0297,174.973,111,OC,New Zealand,,Manurewa,true,250
33288,POO,SBPC,medium_airport,Poços de Caldas - Embaixador Walther Moreira Salles Airport,-21.8425,-46.5698,4138,SA,Brazil,,Poços De Caldas,true,250
45876,ZEC,FASC,medium_airport,Secunda Airport,-26.5241,29.1701,5250,AF,South Africa,,Secunda,true,250
38110,TEM,YTEM,medium_airport,Temora Airport,-34.4214,147.512,921,OC,Australia,,Temora,true,250
38466,TOI,KTOI,medium_airport,Troy Municipal Airport at N Kenneth Campbell Field,31.8604,-86.0121,398,NA,United States,,Troy,true,250
38044,TCS,KTCS,medium_airport,Truth or Consequences Municipal Airport,33.2369,-107.272,4853,NA,United States,,Truth or Consequences,true,250
30882,NTU,KNTU,medium_airport,Oceana Naval Air Station,36.8207,-76.0335,23,NA,United States,,Virginia Beach,true,250
41053,VOD,LKVO,medium_airport,Vodochody Airport,50.2166,14.3958,919,EU,Czech Republic,,Vodochody,true,250
42473,WRT,EGNO,medium_airport,Warton Aerodrome,53.7451,-2.8831,55,EU,United Kingdom,,Warton,true,250
44592,YEO,EGDY,medium_airport,RNAS Yeovilton,51.0094,-2.6388,75,EU,United Kingdom,,"Yeovil, Somerset",true,250
34690,QRM,,medium_airport,Narromine Airport,-32.2147,148.225,782,OC,Australia,,,true,250
35804,RMK,YREN,medium_airport,Renmark Airport,-34.1964,140.674,115,OC,Australia,,,true,250
21833,GUH,YGDH,medium_airport,Gunnedah Airport,-30.9575,150.249,863,OC,Australia,,,true,250
15283,BSJ,YBNS,medium_airport,Bairnsdale Airport,-37.8875,147.5694,165,OC,Australia,,Bairnsdale,true,250
14645,BAT,,medium_airport,Chafei Amsei Airport,-20.5846,-48.5941,1903,SA,Brazil,,Barretos,true,250
15423,BWF,EGNL,medium_airport,Barrow Walney Island Airport,54.1286,-3.2675,173,EU,United Kingdom,,Barrow-in-Furness,true,250
15969,CBL,SVCB,medium_airport,General Tomas de Heres Airport,8.1222,-63.537,197,SA,Venezuela,,Ciudad Bolivar,true,250
18738,EGI,KEGI,medium_airport,Duke Field,30.6504,-86.5229,191,NA,United States,,Crestview,true,250
44556,YDO,CYDO,medium_airport,Dolbeau-Saint-Felicien Airport,48.7785,-72.375,372,NA,Canada,,Dolbeau-Saint-Felicien,true,250
19172,ESK,LTBI,medium_airport,Eskişehir Air Base,39.7841,30.5821,2581,AS,Turkey,,Eskişehir,true,250
44631,YFR,CYFR,medium_airport,Fort Resolution Airport,61.1808,-113.69,526,NA,Canada,,Fort Resolution,true,250
45951,ZGF,CZGF,medium_airport,Grand Forks Airport,49.0156,-118.431,1720,NA,Canada,,Grand Forks,true,250
18803,EIB,EDGE,medium_airport,Eisenach-Kindel Airport,50.9916,10.4797,1112,EU,Germany,,Hörselberg-Hainich,true,250
27122,KXE,FAKD,medium_airport,P C Pelser Airport,-26.8711,26.718,4444,AF,South Africa,,Klerksdorp,true,250
28057,LND,KLND,medium_airport,Hunt Field,42.8152,-108.73,5586,NA,United States,,Lander,true,250
30576,NLC,KNLC,medium_airport,Lemoore Naval Air Station (Reeves Field) Airport,36.333,-119.952,232,NA,United States,,Lemoore,true,250
27889,LIP,,medium_airport,Lins Airport,-21.6635,-49.73,1575,SA,Brazil,,Lins,true,250
28924,MBG,KMBG,medium_airport,Mobridge Municipal Airport,45.5465,-100.408,1716,NA,United States,,Mobridge,true,250
30440,NHK,KNHK,medium_airport,Patuxent River Naval Air Station (Trapnell Field),38.286,-76.4118,39,NA,United States,,Patuxent River,true,250
40849,VIP,LSMP,medium_airport,Payerne Air Base,46.8432,6.9151,1465,EU,Switzerland,,Payerne,true,250
35834,RNE,LFLO,medium_airport,Roanne-Renaison Airport,46.0538,3.999,1106,EU,France,,Saint-Léger-sur-Roanne,true,250
37490,SXE,YWSL,medium_airport,West Sale Airport,-38.0908,146.9653,72,OC,Australia,,Sale,true,250
36714,SBU,FASB,medium_airport,Springbok Airport,-29.6893,17.9396,2690,AF,South Africa,,Springbok,true,250
38119,TEV,LETL,medium_airport,Teruel Airport,40.4103,-1.2174,3380,EU,Spain,,Teruel,true,250
41178,VRU,FAVB,medium_airport,Vryburg Airport,-26.9824,24.7288,3920,AF,South Africa,,Vryburg,true,250
42651,WWR,KWWR,medium_airport,West Woodward Airport,36.438,-99.5227,2189,NA,United States,,Woodward,true,250
29399,MON,NZMC,medium_airport,Mount Cook Airport,-43.765,170.133,2153,OC,New Zealand,,,true,250
16357,CMD,YCTM,medium_airport,Cootamundra Airport,-34.6243,148.0366,1110,OC,Australia,,,true,250
20332,FOS,YFRT,medium_airport,Forrest Airport,-30.8366,128.1128,511,OC,Australia,,,true,250
22817,HLT,YHML,medium_airport,Hamilton Airport,-37.6489,142.065,803,OC,Australia,,,true,250
26848,KPS,YKMP,medium_airport,Kempsey Airport,-31.0723,152.7653,54,OC,Australia,,,true,250
27809,LGH,YLEC,medium_airport,Leigh Creek Airport,-30.5983,138.426,856,OC,Australia,,,true,250
33318,PPI,YPIR,medium_airport,Port Pirie Airport,-33.2389,137.995,40,OC,Australia,,,true,250
15035,BLN,YBLA,medium_airport,Benalla Airport,-36.5519,146.007,569,OC,Australia,,Benalla,true,250
14934,BIU,BIBD,medium_airport,Bildudalur Airport,65.6413,-23.5462,18,EU,Iceland,,Bildudalur,true,250
14938,BIY,FABE,medium_airport,Bisho Airport,-32.8971,27.2791,1950,AF,South Africa,,Bisho,true,250
21303,GFR,LFRF,medium_airport,Granville Airport,48.8831,-1.5642,45,EU,France,,"Bréville-sur-Mer, Manche",true,250
15939,CAR,KCAR,medium_airport,Caribou Municipal Airport,46.8715,-68.0179,626,NA,United States,,Caribou,true,250
44519,YCN,CYCN,medium_airport,Cochrane Airport,49.1056,-81.0136,861,NA,Canada,,Cochrane,true,250
17838,DRI,KDRI,medium_airport,Beauregard Regional Airport,30.8317,-93.3399,202,NA,United States,,DeRidder,true,250
30369,NFL,KNFL,medium_airport,Fallon Naval Air Station,39.4166,-118.701,3934,NA,United States,,Fallon,true,250
20693,FYT,FTTY,medium_airport,Faya-Largeau Airport,17.9171,19.1111,771,AF,Chad,,Faya-Largeau,true,250
19852,FBG,KFBG,medium_airport,Simmons Army Air Field,35.1318,-78.9367,244,NA,United States,,Fort Bragg,true,250
20504,FTK,KFTK,medium_airport,Godman Army Air Field,37.9071,-85.9721,756,NA,United States,,Fort Knox,true,250
21161,GBT,OING,medium_airport,Gorgan Airport,36.9094,54.4013,-24,AS,Iran,,Gorgan,true,250
30791,NRB,KNRB,medium_airport,Naval Station Mayport / Admiral David L McDonald Field,30.3911,-81.4247,15,NA,United States,,Jacksonville,true,250
15010,BKY,FZMA,medium_airport,Bukavu Kavumu Airport,-2.309,28.8088,5643,AF,Democratic Republic of the Congo,,Kamakombe,true,250
26452,KES,CZEE,medium_airport,Kelsey Airport,56.0375,-96.5097,600,NA,Canada,,Kelsey,true,250
27646,LBY,LFRE,medium_airport,La Baule-Escoublac Airport,47.2894,-2.3464,105,EU,France,,La Baule-Escoublac,true,250
31528,OBS,LFHO,medium_airport,Aubenas-South Ardèche Airport,44.5444,4.3722,923,EU,France,,"Lanas, Ardèche",true,250
28342,LVA,LFOV,medium_airport,Laval-Entrammes Airport,48.0322,-0.744,330,EU,France,,"Laval, Mayenne",true,250
38030,TCE,LRTC,medium_airport,Tulcea Danube Delta Airport,45.0625,28.7143,200,EU,Romania,,Mihail Kogălniceanu,true,250
29638,MVA,BIRL,medium_airport,Mývatn Airport,65.6558,-16.9181,1030,EU,Iceland,,Myvatn,true,250
30268,NCS,FANC,medium_airport,Newcastle Airport,-27.7706,29.9769,4074,AF,South Africa,,Newcastle,true,250
37453,SWD,PAWD,medium_airport,Seward Airport,60.1305,-149.4186,22,NA,United States,,Seward,true,250
37468,SWS,EGFH,medium_airport,Swansea Airport,51.6014,-4.071,299,EU,United Kingdom,,Swansea,true,250
38695,TUV,SVTC,medium_airport,Tucupita Airport,9.089,-62.0942,16,SA,Venezuela,,Tucupita,true,250
38771,TWZ,NZUK,medium_airport,Pukaki Airport,-44.235,170.118,1575,OC,New Zealand,,Twitzel,true,250
40552,VAG,SBVG,medium_airport,Major Brigadeiro Trompowsky Airport,-21.5914,-45.4741,3025,SA,Brazil,,Varginha,true,250
36946,SIA,ZLSN,medium_airport,Xi'an Xiguan Airport,34.3767,109.12,0,AS,China,,Xi'an (Baqiao),true,250
38118,TEU,NZMO,medium_airport,Manapouri Airport,-45.5331,167.65,687,OC,New Zealand,,,true,250
23253,HXX,YHAY,medium_airport,Hay Airport,-34.5314,144.83,305,OC,Australia,,,true,250
23062,HSM,YHSM,medium_airport,Horsham Airport,-36.6697,142.173,445,OC,Australia,,,true,250
38103,TEF,YTEF,medium_airport,Telfer Airport,-21.715,122.229,970,OC,Australia,,,true,250
38819,TYB,YTIB,medium_airport,Tibooburra Airport,-29.4511,142.058,584,OC,Australia,,,true,250
43435,XIJ,OKAJ,medium_airport,Ahmed Al Jaber Air Base,28.9348,47.7919,409,AS,Kuwait,,Ahmed Al Jaber AB,true,250
44602,YEY,CYEY,medium_airport,Amos/Magny Airport,48.5639,-78.2497,1068,NA,Canada,,Amos,true,250
45320,YYW,CYYW,medium_airport,Armstrong Airport,50.2903,-88.9097,1058,NA,Canada,,Armstrong,true,250
23745,IBL,,medium_airport,Indigo Bay Lodge Airport,-21.708,35.4528,20,AF,Mozambique,,Bazaruto Island,true,250
45278,YXQ,CYXQ,medium_airport,Beaver Creek Airport,62.4103,-140.867,2131,NA,Canada,,Beaver Creek,true,250
15352,BUG,FNBG,medium_airport,Benguela Airport,-12.609,13.4037,118,AF,Angola,,Benguela,true,250
27611,LAZ,SBLP,medium_airport,Bom Jesus da Lapa Airport,-13.2621,-43.4081,1454,SA,Brazil,,Bom Jesus da Lapa,true,250
21360,GHC,MYBG,medium_airport,Great Harbour Cay Airport,25.7383,-77.8401,18,NA,Bahamas,,Bullocks Harbour,true,250
15528,BZC,,medium_airport,Umberto Modiano Airport,-22.7709,-41.9631,10,SA,Brazil,,Cabo Frio,true,250
45744,ZAO,LFCC,medium_airport,Cahors Lalbenque airport,44.3514,1.4753,912,EU,France,,Cahors,true,250
33202,PMA,HTPE,medium_airport,Pemba Airport,-5.2573,39.8114,80,AF,Tanzania,,Chake Chake,true,250
44442,YAI,SCCH,medium_airport,Gral. Bernardo O´Higgins Airport,-36.5825,-72.0314,495,SA,Chile,,Chillan,true,250
31890,OLU,KOLU,medium_airport,Columbus Municipal Airport,41.4481,-97.3402,1447,NA,United States,,Columbus,true,250
16039,CDJ,SBAA,medium_airport,Conceição do Araguaia Airport,-8.3483,-49.3015,653,SA,Brazil,,Conceição do Araguaia,true,250
16428,COC,SAAC,medium_airport,Comodoro Pierrestegui Airport,-31.2969,-57.9966,112,SA,Argentina,,Concordia,true,250
21950,GXQ,SCCY,medium_airport,Teniente Vidal Airport,-45.5942,-72.1061,1020,SA,Chile,,Coyhaique,true,250
17702,DNQ,YDLQ,medium_airport,Deniliquin Airport,-35.5594,144.946,316,OC,Australia,,Deniliquin,true,250
17303,DCN,YCIN,medium_airport,RAAF Base Curtin,-17.5814,123.8283,300,OC,Australia,,Derby,true,250
28470,LYU,KELO,medium_airport,Ely Municipal Airport,47.8245,-91.8307,1456,NA,United States,,Ely,true,250
18992,ENK,EGAB,medium_airport,Enniskillen/St Angelo Airport,54.3983,-7.6512,155,EU,United Kingdom,,"Enniskillen, Fermanagh and Omagh",true,250
45910,ZFA,CZFA,medium_airport,Faro Airport,62.2075,-133.376,2351,NA,Canada,,Faro,true,250
44618,YFE,CYFE,medium_airport,Forestville Airport,48.7461,-69.0972,293,NA,Canada,,Forestville,true,250
44763,YJF,CYJF,medium_airport,Fort Liard Airport,60.2358,-123.469,708,NA,Canada,,Fort Liard,true,250
20466,FSI,KFSI,medium_airport,Henry Post Army Air Field,34.6498,-98.4022,1189,NA,United States,,Fort Sill,true,250
35588,RGK,UNBG,medium_airport,Gorno-Altaysk Airport,51.9692,85.8365,965,EU,Russia,,Gorno-Altaysk,true,250
21299,GFN,YGFN,medium_airport,Clarence Valley Regional Airport,-29.7548,153.0312,110,OC,Australia,,Grafton,true,250
37331,SSZ,SBST,medium_airport,Santos Nero Moura Air Base / Guarujá Airport,-23.9282,-46.3002,13,SA,Brazil,,Guarujá,true,250
23207,HWN,FVWN,medium_airport,Hwange National Park Airport,-18.6299,27.021,3543,AF,Zimbabwe,,Gwayi River Farms,true,250
24274,IQA,ORAA,medium_airport,Al Asad Air Base,33.7856,42.4412,618,AS,Iraq,,Hīt,true,250
44699,YHN,CYHN,medium_airport,Hornepayne Municipal Airport,49.1931,-84.7589,1099,NA,Canada,,Hornepayne,true,250
24471,IVR,YIVL,medium_airport,Inverell Airport,-29.8883,151.144,2667,OC,Australia,,Inverell,true,250
37567,SZJ,MUSN,medium_airport,Siguanea Airport,21.6425,-82.9551,39,NA,Cuba,,Isla de la Juventud,true,250
24382,ITA,SBIC,medium_airport,Itacoatiara Airport,-3.1265,-58.4817,142,SA,Brazil,,Itacoatiara,true,250
14020,ATG,,medium_airport,Minhas Air Base,33.8691,72.4009,1023,AS,Pakistan,,Kamra,true,250
26688,KLC,GOOK,medium_airport,Kaolack Airport,14.1469,-16.0513,26,AF,Senegal,,Kaolack,true,250
26948,KSK,ESKK,medium_airport,Karlskoga Airport,59.3459,14.4959,407,EU,Sweden,,Karlskoga,true,250
26737,KMP,FYKT,medium_airport,Keetmanshoop Airport,-26.5398,18.1114,3506,AF,Namibia,,Keetmanshoop,true,250
33293,POT,MKKJ,medium_airport,Ken Jones Airport,18.1988,-76.5345,20,NA,Jamaica,,Ken Jones,true,250
30646,NNA,,medium_airport,Kenitra Air Base,34.2989,-6.5959,16,AF,Morocco,,Kenitra,true,250
28104,LOO,DAUL,medium_airport,Laghouat - Molay Ahmed Medeghri Airport,33.7644,2.9283,2510,AF,Algeria,,Laghouat,true,250
28395,LWR,EHLW,medium_airport,Leeuwarden Air Base,53.2286,5.7606,3,EU,Netherlands,,Leeuwarden,true,250
28328,LUW,WAFW,medium_airport,Syukuran Aminuddin Amir Airport,-1.0359,122.7739,56,AS,Indonesia,,Luwok,true,250
29591,MTZ,LLMZ,medium_airport,Bar Yehuda Airfield,31.3282,35.3886,-1266,AS,Israel,,Masada,true,250
44914,YNM,CYNM,medium_airport,Matagami Airport,49.7617,-77.8028,918,NA,Canada,,Matagami,true,250
44870,YME,CYME,medium_airport,Matane Airport,48.8569,-67.4533,102,NA,Canada,,Matane,true,250
30830,NSE,KNSE,medium_airport,Whiting Field Naval Air Station - North,30.7242,-87.0219,199,NA,United States,,Milton,true,250
30588,NLO,FZAB,medium_airport,Ndolo Airport,-4.3267,15.3275,915,AF,Democratic Republic of the Congo,,N'dolo,true,250
32201,OUH,FAOH,medium_airport,Oudtshoorn Airport,-33.607,22.189,1063,AF,South Africa,,Oudtshoorn,true,250
33080,PIW,CZMN,medium_airport,Pikwitonei Airport,55.5889,-97.1642,630,NA,Canada,,Pikwitonei,true,250
14634,BAI,MRBA,medium_airport,Buenos Aires Airport,9.1639,-83.3302,1214,NA,Costa Rica,,Punta Arenas,true,250
33509,PUT,VOPN,medium_airport,Sri Sathya Sai Airport,14.1493,77.7911,1558,AS,India,,Puttaparthi,true,250
31048,NYG,KNYG,medium_airport,Quantico Marine Corps Airfield / Turner Field,38.5017,-77.3053,10,NA,United States,,Quantico,true,250
39956,UTW,FAQT,medium_airport,Queenstown Airport,-31.9202,26.8822,3637,AF,South Africa,,Queenstown,true,250
23122,HUA,KHUA,medium_airport,Redstone Army Air Field,34.6787,-86.6848,684,NA,United States,,Redstone Arsnl Huntsville,true,250
35914,RPM,YNGU,medium_airport,Ngukurr Airport,-14.7228,134.747,45,OC,Australia,,Roper River,true,250
36239,RYN,LFCY,medium_airport,Royan-Médis Airport,45.6281,-0.9725,72,EU,France,,Royan/Médis,true,250
37135,SNJ,MUSJ,medium_airport,San Julián Air Base,22.1005,-84.1574,98,NA,Cuba,,Sandino,true,250
41172,VRO,MUKW,medium_airport,Kawama Airport,23.124,-81.3016,16,NA,Cuba,,Santa Marta,true,250
36955,SIJ,BISI,medium_airport,Siglufjörður Airport,66.1378,-18.9082,10,EU,Iceland,,Siglufjörður,true,250
37499,SXN,FBSN,medium_airport,Sua Pan Airport,-20.5534,26.1158,2985,AF,Botswana,,Sowa,true,250
45356,YZW,CYZW,medium_airport,Teslin Airport,60.1728,-132.743,2313,NA,Canada,,Teslin,true,250
16435,COJ,YCBB,medium_airport,Coonabarabran Airport,-31.3325,149.267,2117,OC,Australia,,,true,250
16792,CYG,YCRG,medium_airport,Corryong Airport,-36.1828,147.888,963,OC,Australia,,,true,250
23106,HTU,YHPN,medium_airport,Hopetoun Airport,-35.7153,142.36,256,OC,Australia,,,true,250
26530,KGY,YKRY,medium_airport,Kingaroy Airport,-26.5811,151.8399,1492,OC,Australia,,,true,250
37452,SWC,YSWL,medium_airport,Stawell Airport,-37.0717,142.741,807,OC,Australia,,,true,250
35978,RRE,YMRE,medium_airport,Marree Airport,-29.6633,138.065,50,OC,Australia,,,true,250
19435,EZV,,medium_airport,Berezovo Airport,63.921,65.0305,98,AS,Russia,,,true,250
16750,CXA,SVCD,medium_airport,Caicara del Orinoco Airport,7.6255,-66.1628,141,SA,Venezuela,,,true,250
38400,TMO,SVTM,medium_airport,Tumeremo Airport,7.2494,-61.5289,345,SA,Venezuela,,,true,250
13876,APG,KAPG,medium_airport,Phillips Army Air Field,39.4662,-76.1688,57,NA,United States,,Aberdeen,true,250
13571,AGZ,FAAG,medium_airport,Aggeneys Airport,-29.2818,18.8139,2648,AF,South Africa,,Aggeneys,true,250
38533,TQD,ORAT,medium_airport,Al Taqaddum Air Base,33.3381,43.5971,275,AS,Iraq,,Al Habbaniyah,true,250
13735,ALJ,FAAB,medium_airport,Alexander Bay Airport,-28.575,16.5333,98,AF,South Africa,,Alexander Bay,true,250
13743,ALR,NZLX,medium_airport,Alexandra Aerodrome,-45.2105,169.3711,752,OC,New Zealand,,Alexandra,true,250
13344,AAO,SVAN,medium_airport,Anaco Airport,9.4302,-64.4707,721,SA,Venezuela,,Anaco,true,250
14014,ATA,SPHZ,medium_airport,Comandante FAP German Arias Graziani Airport,-9.3474,-77.5984,9097,SA,Peru,,Anta,true,250
13446,ADI,FYAR,medium_airport,Arandis Airport,-22.4619,14.9793,1905,AF,Namibia,,Arandis,true,250
13966,ARY,YARA,medium_airport,Ararat Airport,-37.31,142.9887,1008,OC,Australia,,Ararat,true,250
13946,ARE,TJAB,medium_airport,Antonio Nery Juarbe Pol Airport,18.4508,-66.6758,23,NA,Puerto Rico,,Arecibo,true,250
15458,BXE,GOTB,medium_airport,Bakel Airport,14.8473,-12.4683,98,AF,Senegal,,Bakel,true,250
15550,BZY,LUBL,medium_airport,Bălți-Leadoveni International Airport,47.8377,27.7811,758,EU,Moldova,,Bălți,true,250
14855,BGN,UESG,medium_airport,Belaya Gora Airport,68.5562,146.2278,118,AS,Russia,,Belaya Gora,true,250
38185,TGP,UNIP,medium_airport,Podkamennaya Tunguska Airport,61.5897,89.994,213,AS,Russia,,Bor,true,250
39267,UAR,GMFB,medium_airport,Bouarfa Airport,32.5143,-1.9831,3630,AF,Morocco,,Bouarfa,true,250
44543,YDB,CYDB,medium_airport,Burwash Airport,61.3711,-139.041,2647,NA,Canada,,Burwash Landing,true,250
14786,BEQ,EGXH,medium_airport,RAF Honington,52.3426,0.7729,174,EU,United Kingdom,,"Bury Saint Edmunds, Suffolk",true,250
15967,CBJ,MDCR,medium_airport,Cabo Rojo Airport,17.929,-71.6448,262,NA,Dominican Republic,,Cabo Rojo,true,250
16571,CSB,LRCS,medium_airport,Caransebeş Airport,45.4201,22.2525,866,EU,Romania,,Caransebeş,true,250
36885,SGL,RPLS,medium_airport,Danilo Atienza Air Base,14.4954,120.904,8,AS,Philippines,,Cavite,true,250
16018,CCY,KCCY,medium_airport,Northeast Iowa Regional Airport,43.0726,-92.6108,1125,NA,United States,,Charles City,true,250
16284,CKC,UKKE,medium_airport,Cherkasy International Airport,49.4156,31.9953,375,EU,Ukraine,,Cherkasy,true,250
16661,CUT,SAZW,medium_airport,Cutral-Co Airport,-38.9397,-69.2646,2132,SA,Argentina,,Cutral-Co,true,250
17831,DRB,YDBY,medium_airport,Derby Airport,-17.3719,123.6622,24,OC,Australia,,Derby,true,250
17596,DKS,UODD,medium_airport,Dikson Airport,73.5178,80.3797,47,AS,Russia,,Dikson,true,250
44938,YOA,CYOA,medium_airport,Ekati Airport,64.6989,-110.615,1536,NA,Canada,,Ekati,true,250
37471,SWV,UHMW,medium_airport,Severo-Evensk Airport,61.9218,159.2291,32,AS,Russia,,Evensk,true,250
22815,HLR,KHLR,heliport,Hood Army Air Field,31.1387,-97.7145,924,NA,United States,,Fort Cavazos (Killeen),true,250
33278,POE,KPOE,medium_airport,Polk Army Air Field,31.0448,-93.1917,330,NA,United States,,Fort Polk,true,250
20430,FRI,KFRI,medium_airport,Marshall Army Air Field,39.053,-96.7642,1065,NA,United States,,Fort Riley (Junction City),true,250
20447,FRZ,ETHF,medium_airport,Fritzlar Army Airfield,51.1146,9.286,565,EU,Germany,,Fritzlar,true,250
21510,GLI,YGLI,medium_airport,Glen Innes Airport,-29.676,151.6912,3433,OC,Australia,,Glen Innes,true,250
21310,GFY,FYGF,medium_airport,Grootfontein Airport,-19.6022,18.1227,4636,AF,Namibia,,Grootfontein,true,250
44705,YHT,CYHT,medium_airport,Haines Junction Airport,60.7892,-137.546,2150,NA,Canada,,Haines Junction,true,250
46452,ZUC,CZUC,medium_airport,Ignace Municipal Airport,49.4282,-91.7204,1435,NA,Canada,,Ignace,true,250
25083,JCR,SBEK,medium_airport,Jacareacanga Airport,-6.2332,-57.7769,295,SA,Brazil,,Jacareacanga,true,250
24548,IXW,VEJS,medium_airport,Sonari Airport,22.8137,86.169,475,AS,India,,Jamshedpur,true,250
25108,JDG,RKPD,medium_airport,Jeongseok Airport,33.3996,126.712,1171,AS,South Korea,,Jeju Island,true,250
26515,KGJ,FWKA,medium_airport,Karonga Airport,-9.9536,33.8933,1765,AF,Malawi,,Karonga,true,250
26376,KCO,LTBQ,medium_airport,Cengiz Topel Airport,40.735,30.0833,182,AS,Turkey,,Kartepe,true,250
26600,KIW,FLSO,medium_airport,Southdowns Airport,-12.9005,28.1499,4145,AF,Zambia,,Kitwe,true,250
39721,UND,OAUZ,medium_airport,Kunduz Airport,36.6651,68.9108,1457,AS,Afghanistan,,Kunduz,true,250
44441,YAH,CYAH,medium_airport,La Grande-4 Airport,53.7547,-73.6753,1005,NA,Canada,,La Grande-4,true,250
27610,LAY,FALY,medium_airport,Ladysmith Airport,-28.5817,29.7497,3548,AF,South Africa,,Ladysmith,true,250
28100,LOK,HKLO,medium_airport,Lodwar Airport,3.122,35.6087,1715,AF,Kenya,,Lodwar,true,250
27645,LBX,RPLU,medium_airport,Lubang Airport,13.8554,120.105,43,AS,Philippines,,Lubang,true,250
28320,LUO,FNUE,medium_airport,Luena Airport,-11.7681,19.8977,4360,AF,Angola,,Luena,true,250
28932,MBO,RPUM,medium_airport,Mamburao Airport,13.208,120.6055,13,AS,Philippines,,Mamburao,true,250
44872,YMG,CYMG,medium_airport,Manitouwadge Airport,49.0839,-85.8606,1198,NA,Canada,,Manitouwadge,true,250
29500,MRG,YMBA,medium_airport,Mareeba Airport,-17.0703,145.4242,1560,OC,Australia,,Mareeba,true,250
28034,LMQ,HLMB,medium_airport,Marsa al Brega Airport,30.3781,19.5764,50,AF,Libya,,Marsa al Brega,true,250
44866,YMA,CYMA,medium_airport,Mayo Airport,63.6164,-135.868,1653,NA,Canada,,Mayo,true,250
29036,MEK,GMFM,medium_airport,Bassatine Airport,33.8791,-5.5151,1890,AF,Morocco,,Meknes,true,250
29386,MOA,MUMO,medium_airport,Orestes Acosta Airport,20.6539,-74.9222,16,NA,Cuba,,Moa,true,250
29783,MZB,FQMP,medium_airport,Mocímboa da Praia Airport,-11.3618,40.3549,89,AF,Mozambique,,Mocímboa da Praia,true,250
29723,MXN,LFRU,medium_airport,Morlaix-Ploujean Airport,48.6032,-3.8158,272,EU,France,,Morlaix/Ploujean,true,250
29605,MUD,FQMD,medium_airport,Mueda Airport,-11.6729,39.5631,2789,AF,Mozambique,,Mueda,true,250
24318,IRI,HTIR,medium_airport,Iringa Airport,-7.6686,35.7521,4678,AF,Tanzania,,Nduli,true,250
19815,FAF,KFAF,medium_airport,Felker Army Air Field,37.1325,-76.6088,12,NA,United States,,Newport News (Fort Eustis),true,250
30485,NIT,LFBN,medium_airport,Niort - Marais Poitevin Airport,46.3135,-0.3945,203,EU,France,,Niort/Souché,true,250
30688,NOG,MMNG,medium_airport,Nogales International Airport,31.2258,-110.9769,3990,NA,Mexico,,Nogales,true,250
30682,NOA,YSNW,medium_airport,Naval Air Station Nowra - HMAS Albatross,-34.9466,150.5425,400,OC,Australia,,Nowra Hill,true,250
24504,IWO,RJAW,medium_airport,Ioto (Iwo Jima) Airbase,24.7842,141.3226,384,AS,Japan,,Ogasawara,true,250
32348,OYK,SBOI,medium_airport,Oiapoque Airport,3.8541,-51.7971,53,SA,Brazil,,Oiapoque,true,250
31908,OMC,RPVO,medium_airport,Ormoc Airport,11.0577,124.5656,83,AS,Philippines,,Ormoc City,true,250
25505,JOH,FAPJ,medium_airport,Port St Johns Airport,-31.6061,29.5218,1227,AF,South Africa,,Port St Johns,true,250
33239,PNB,,medium_airport,Porto Nacional Airport,-10.7194,-48.3997,870,SA,Brazil,,Porto Nacional,true,250
35597,RGT,WIBJ,medium_airport,Japura Airport,-0.3528,102.335,62,AS,Indonesia,,Rengat-Sumatra Island,true,250
37151,SNZ,,medium_airport,Santa Cruz Air Force Base,-22.9324,-43.7191,10,SA,Brazil,,Rio de Janeiro,true,250
35869,ROD,FARS,medium_airport,Robertson Airport,-33.8122,19.9028,640,AF,South Africa,,Robertson,true,250
32353,OYP,SOOG,medium_airport,Saint-Georges-de-l'Oyapock Airport,3.8976,-51.8041,46,SA,French Guiana,,Saint-Georges-de-l'Oyapock,true,250
37343,STB,SVSZ,medium_airport,Miguel Urdaneta Fernández Airport,8.9746,-71.9433,32,SA,Venezuela,,San Carlos del Zulia,true,250
36738,SCI,SVPM,medium_airport,Paramillo Airport,7.8014,-72.2028,3313,SA,Venezuela,,San Cristóbal,true,250
36841,SFD,SVSR,medium_airport,San Fernando de Apure Las Flecheras National Airport,7.8833,-67.444,154,SA,Venezuela,,San Fernando de Apure,true,250
38373,TLX,SCTL,medium_airport,Panguilemo Airport,-35.3778,-71.6017,371,SA,Chile,,Talca,true,250
38012,TBW,UUOT,medium_airport,Donskoye Airport,52.8061,41.4828,413,EU,Russia,,Tambov,true,250
38100,TEC,,medium_airport,Telêmaco Borba Airport,-24.3178,-50.6516,2610,SA,Brazil,,Telêmaco Borba,true,250
45121,YTD,CZLQ,medium_airport,Thicket Portage Airport,55.3189,-97.7078,678,NA,Canada,,Thicket Portage,true,250
38286,TJI,MHTJ,medium_airport,Trujillo Airport,15.9266,-85.9386,3,NA,Honduras,,Trujillo,true,250
38603,TSB,FYTM,medium_airport,Tsumeb Airport,-19.2621,17.7325,4353,AF,Namibia,,Tsumeb,true,250
40948,VLG,SAZV,medium_airport,Villa Gesell Airport,-37.2354,-57.0292,32,SA,Argentina,,Villa Gesell,true,250
40765,VGD,ULWW,medium_airport,Vologda Airport,59.2825,39.9444,387,EU,Russia,,Vologda,true,250
41162,VRE,FAVR,medium_airport,Vredendal Airport,-31.641,18.5448,330,AF,South Africa,,Vredendal,true,250
33149,PKT,,medium_airport,Port Keats Airport,-14.2497,129.5295,91,OC,Australia,,Wadeye,true,250
42658,WWY,YWWL,medium_airport,West Wyalong Airport,-33.9372,147.191,859,OC,Australia,,West Wyalong,true,250
45250,YWY,CYWY,medium_airport,Wrigley Airport,63.2094,-123.437,489,NA,Canada,,Wrigley,true,250
15257,BRT,YBTI,medium_airport,Bathurst Island Airport,-11.765,130.6158,67,OC,Australia,,Wurrumiyanga,true,250
14974,BJY,LYBT,medium_airport,Batajnica Air Base,44.9353,20.2575,265,EU,Serbia,,Zemun,true,250
19043,EOZ,SVEZ,medium_airport,Elorza Airport,7.0597,-69.4967,295,SA,Venezuela,,,true,250
27783,LFR,SVLF,medium_airport,La Fria Airport,8.2392,-72.271,305,SA,Venezuela,,,true,250
40669,VDP,SVVP,medium_airport,Valle de La Pascua Airport,9.222,-65.9936,410,SA,Venezuela,,,true,250
17475,DHF,OMAM,medium_airport,Al Dhafra Air Base,24.2482,54.5477,77,AS,United Arab Emirates,,,true,250
32198,OUE,FCOU,medium_airport,Ouesso Airport,1.616,16.0379,1158,AF,Republic of the Congo,,,true,250
29208,MJC,DIMN,medium_airport,Man Airport,7.2721,-7.5874,1089,AF,Côte d'Ivoire,,,true,250
15361,BUP,VIBT,medium_airport,Bhatinda Air Force Station,30.2701,74.7558,662,AS,India,,,true,250
46496,ZVK,VLSK,medium_airport,Savannakhet Airport,16.5566,104.76,509,AS,Laos,,,true,250
30342,NEU,VLSN,medium_airport,Sam Neua Airport,20.4184,104.067,3281,AS,Laos,,,true,250
15529,BZD,YBRN,medium_airport,Balranald Airport,-34.6248,143.5771,210,OC,Australia,,,true,250
16680,CVC,YCEE,medium_airport,Cleve Airport,-33.7097,136.505,589,OC,Australia,,,true,250
16370,CMQ,YCMT,medium_airport,Clermont Airport,-22.7731,147.621,908,OC,Australia,,,true,250
17257,DBD,VEDB,medium_airport,Dhanbad Airport,23.834,86.4253,847,AS,India,,,true,250
22490,HCQ,YHLC,medium_airport,Halls Creek Airport,-18.2339,127.67,1346,OC,Australia,,,true,250
26902,KRA,YKER,medium_airport,Kerang Airport,-35.7514,143.939,254,OC,Australia,,,true,250
42278,WME,YMNE,medium_airport,Mount Keith Airport,-27.2873,120.5549,1792,OC,Australia,,,true,250
36960,SIO,YSMI,medium_airport,Smithton Airport,-40.835,145.084,31,OC,Australia,,,true,250
42203,WKB,YWKB,medium_airport,Warracknabeal Airport,-36.3211,142.419,397,OC,Australia,,,true,250
30394,NGA,YYNG,medium_airport,Young Airport,-34.2556,148.2471,1267,OC,Australia,,,true,250
39983,UUN,ZMBU,medium_airport,Baruun Urt Airport,46.6603,113.285,3205,AS,Mongolia,,,true,250
42095,WHB,,medium_airport,Eliwana,-22.4284,116.8879,1576,OC,Australia,,,true,250
16228,CIS,PCIS,medium_airport,Canton Island Airport,-2.7681,-171.71,9,OC,Kiribati,,Abariringa,true,250
38444,TNW,SEJD,medium_airport,Jumandy Airport,-1.0602,-77.5805,1234,SA,Ecuador,,Ahuano,true,250
14019,ATF,SEAM,medium_airport,Chachoán Regional Airport,-1.2121,-78.5746,8502,SA,Ecuador,,Ambato,true,250
13411,ACJ,VCCA,medium_airport,Anuradhapura Airport,8.3015,80.4285,324,AS,Sri Lanka,,Anuradhapura,true,250
14217,AYX,SPAY,medium_airport,Teniente General Gerardo Pérez Pinedo Airport,-10.7291,-73.7665,751,SA,Peru,,Atalaya,true,250
15455,BXB,WASO,medium_airport,Babo Airport,-2.5322,133.439,10,AS,Indonesia,,Babo,true,250
14746,BDM,LTBG,medium_airport,Bandırma Airport,40.318,27.9777,170,AS,Turkey,,Bandırma,true,250
15172,BPG,SBBW,medium_airport,Barra do Garças Airport,-15.8614,-52.389,1147,SA,Brazil,,Barra do Garças,true,250
15527,BZB,,medium_airport,Bazaruto Island Airport,-21.5411,35.4729,0,AF,Mozambique,,Bazaruto Island,true,250
41242,VTM,LLNV,medium_airport,Nevatim Air Base,31.2083,35.0123,1330,AS,Israel,,Beersheba,true,250
14785,BEP,VOBI,medium_airport,Bellary Airport,15.1628,76.8828,30,AS,India,,Bellary,true,250
24549,IXX,VOBR,medium_airport,Bidar Airport / Bidar Air Force Station,17.9081,77.4871,2178,AS,India,,Bidar,true,250
15070,BMM,FOOB,medium_airport,Bitam Airport,2.0756,11.4932,1969,AF,Gabon,,Bitam,true,250
28451,LYB,MWCL,medium_airport,Edward Bodden Little Cayman Airfield,19.6602,-80.0888,3,NA,Cayman Islands,,Blossom Village,true,250
19035,EOR,SVED,medium_airport,El Dorado Airport,6.7157,-61.6388,318,SA,Venezuela,,Bolivar,true,250
15150,BOU,LFLD,medium_airport,Bourges airport,47.0602,2.3696,529,EU,France,,Bourges,true,250
15425,BWH,WMKB,medium_airport,RMAF Butterworth Air Base,5.4659,100.391,11,AS,Malaysia,,Butterworth,true,250
16331,CLN,SBCI,medium_airport,Brig. Lysias Augusto Rodrigues Airport,-7.3204,-47.4587,565,SA,Brazil,,Carolina,true,250
15938,CAQ,SKCU,medium_airport,Juan H White Airport,7.9685,-75.1985,174,SA,Colombia,,Caucasia,true,250
41921,WCH,SCTN,medium_airport,Nuevo Chaitén Airport,-42.7819,-72.835,95,SA,Chile,,Chaitén,true,250
16407,CNR,SCRA,medium_airport,Chañaral Airport,-26.3325,-70.6073,97,SA,Chile,,Chañaral,true,250
16001,CCH,SCCC,medium_airport,Chile Chico Airport,-46.5831,-71.6863,1070,SA,Chile,,Chile Chico,true,250
16005,CCL,YCCA,medium_airport,Chinchilla Airport,-26.7719,150.6176,1028,OC,Australia,,Chinchilla,true,250
15979,CBV,MGCB,medium_airport,Coban Airport,15.469,-90.4067,4339,NA,Guatemala,,Coban,true,250
18658,EEA,SNCP,medium_airport,Planalto Serrano Regional Airport,-27.6341,-50.3583,2887,SA,Brazil,,Correia Pinto,true,250
16682,CVE,SKCV,medium_airport,Coveñas Airport,9.4009,-75.6913,31,SA,Colombia,,Coveñas,true,250
17906,DTE,RPUD,medium_airport,Daet Airport,14.1292,122.98,10,AS,Philippines,,Daet,true,250
21371,GHN,ZUGH,medium_airport,Guanghan Airport,30.9485,104.3296,1531,AS,China,,Deyang (Guanghan),true,250
17309,DCT,MYRD,medium_airport,Duncan Town Airport,22.1818,-75.7295,6,NA,Bahamas,,Duncan Town,true,250
29333,MMT,KMMT,medium_airport,Mc Entire Joint National Guard Base,33.9208,-80.8013,254,NA,United States,,Eastover,true,250
18911,ELB,SKBC,medium_airport,Las Flores Airport,9.0455,-73.9749,111,SA,Colombia,,El Banco,true,250
18957,EML,LSME,medium_airport,Emmen Air Base,47.0924,8.3052,1400,EU,Switzerland,,Emmen,true,250
19883,FCB,FAFB,medium_airport,Ficksburg Sentraoes Airport,-28.8231,27.9089,5315,AF,South Africa,,Ficksburg,true,250
29610,MUI,KMUI,medium_airport,Muir Army Air Field (Fort Indiantown Gap) Airport,40.4352,-76.5687,488,NA,United States,,Fort Indiantown Gap(Annville),true,250
34302,QGU,,medium_airport,Gifu Airport,35.3941,136.87,128,AS,Japan,,Gifu,true,250
21411,GIR,SKGI,medium_airport,Santiago Vila Airport,4.2762,-74.7967,900,SA,Colombia,,Girardot,true,250
21635,GOZ,LBGO,medium_airport,Gorna Oryahovitsa Airport,43.1514,25.7129,285,EU,Bulgaria,,Gorna Oryahovitsa,true,250
32338,OYA,SATG,medium_airport,Goya Airport,-29.1058,-59.2189,128,SA,Argentina,,Goya,true,250
37971,TAR,LIBG,medium_airport,Taranto-Grottaglie Marcello Arlotta Airport,40.5175,17.4032,215,EU,Italy,,Grottaglie,true,250
21378,GHU,SAAG,medium_airport,Gualeguaychu Airport,-33.0056,-58.6128,75,SA,Argentina,,Gualeguaychu,true,250
21842,GUQ,SVGU,medium_airport,Guanare Airport,9.0269,-69.7552,606,SA,Venezuela,,Guanare,true,250
16343,CLZ,SVCL,medium_airport,Calabozo Airport,8.9247,-67.4171,328,SA,Venezuela,,Guarico,true,250
21228,GDO,SVGD,medium_airport,Guasdualito Airport,7.2108,-70.7564,427,SA,Venezuela,,Guasdualito,true,250
22876,HNG,ZLHN,medium_airport,Hainanzhou Gonghe Airport,36.3367,100.48,10052,AS,China,,Hainan (Gonghe),true,250
23749,IBP,SPBR,medium_airport,Iberia Airport,-11.4116,-69.4887,750,SA,Peru,,Iberia,true,250
23997,IIL,OICI,medium_airport,Ilam Airport,33.5866,46.4048,4404,AS,Iran,,Ilam,true,250
24313,IRD,VGIS,medium_airport,Ishurdi Airport,24.1525,89.0494,45,AS,Bangladesh,,Ishurdi,true,250
46060,ZJG,CZJG,medium_airport,Jenpeg Airport,54.5189,-98.0461,729,NA,Canada,,Jenpeg,true,250
25875,JYR,OIKJ,medium_airport,Jiroft Airport,28.7235,57.675,2663,AS,Iran,,Jiroft,true,250
24533,IXH,VEKR,medium_airport,Kailashahar Airport,24.3087,92.0077,79,AS,India,,Kailashahar,true,250
26691,KLF,UUBC,medium_airport,Grabtsevo Airport,54.55,36.3667,656,EU,Russia,,Kaluga,true,250
26551,KHJ,EFKJ,medium_airport,Kauhajoki Airfield,62.4632,22.3908,407,EU,Finland,,Kauhajoki,true,250
26512,KGG,GOTK,medium_airport,Kédougou Airport,12.5723,-12.2203,584,AF,Senegal,,Kédougou,true,250
26711,KLZ,FAKZ,medium_airport,Kleinsee Airport,-29.6884,17.094,270,AF,South Africa,,Kleinsee,true,250
26994,KTU,VIKO,medium_airport,Kota Airport,25.1602,75.8456,896,AS,India,,Kota,true,250
26729,KMH,FAKU,medium_airport,Johan Pienaar Airport,-27.4566,23.4119,4382,AF,South Africa,,Kuruman,true,250
32781,PAL,SKPQ,medium_airport,German Olano Air Base,5.4836,-74.6574,566,SA,Colombia,,La Dorada,true,250
28132,LPG,SADL,medium_airport,La Plata Airport,-34.9722,-57.8947,72,SA,Argentina,,La Plata,true,250
27970,LKY,HTLM,medium_airport,Lake Manyara Airport,-3.3763,35.8183,4150,AF,Tanzania,,Lake Manyara National Park,true,250
30333,NEL,KNEL,medium_airport,Lakehurst Maxfield Field Airport,40.0333,-74.3533,101,NA,United States,,Lakehurst,true,250
27638,LBQ,FOGR,medium_airport,Lambarene Airport,-0.7044,10.2457,82,AF,Gabon,,Lambarene,true,250
36767,SDB,FALW,medium_airport,Langebaanweg Airport,-32.9689,18.1603,108,AF,South Africa,,Langebaanweg,true,250
27851,LHN,,medium_airport,Linhares Municipal Airport,-19.3552,-40.0713,138,SA,Brazil,,Linhares,true,250
26662,KKM,VTBL,medium_airport,Khok Kathiam Airport,14.8746,100.6634,123,AS,Thailand,,Lop Buri,true,250
29511,MRR,SEMA,medium_airport,Jose Maria Velasco Ibarra Airport,-4.3782,-79.941,1508,SA,Ecuador,,Macará,true,250
21976,GYG,UEMM,medium_airport,Magan Airport,62.1035,129.5453,577,AS,Russia,,Magan,true,250
29111,MGN,SKMG,medium_airport,Baracoa Airport,9.2847,-74.8461,178,SA,Colombia,,Magangué,true,250
28906,MAY,MYAB,medium_airport,Clarence A. Bain Airport,24.2877,-77.6846,19,NA,Bahamas,,Mangrove Cay,true,250
29478,MQU,SKQU,medium_airport,Mariquita Airport,5.2126,-74.8836,1531,SA,Colombia,,Mariquita,true,250
29663,MVZ,FVMV,medium_airport,Masvingo International Airport,-20.0553,30.8591,3595,AF,Zimbabwe,,Masvingo,true,250
29718,MXI,RPMQ,medium_airport,Mati National Airport,6.9491,126.2737,156,AS,Philippines,,Mati,true,250
29804,MZW,DAAY,medium_airport,Mecheria Airport,33.5359,-0.2424,3855,AF,Algeria,,Mecheria,true,250
17830,DRA,KDRA,medium_airport,Desert Rock Airport,36.6194,-116.033,3314,NA,United States,,Mercury,true,250
29678,MWE,HSMN,medium_airport,Merowe Airport,18.4433,31.8433,897,AF,Sudan,,Merowe,true,250
29677,MWD,OPMI,medium_airport,Mianwali Air Base,32.5631,71.5707,690,AS,Pakistan,,Mianwali,true,250
29367,MNR,FLMG,medium_airport,Mongu Airport,-15.2545,23.1623,3488,AF,Zambia,,Mongu,true,250
29802,MZU,VEMZ,medium_airport,Muzaffarpur Airport,26.1191,85.3137,174,AS,India,,Muzaffarpur,true,250
43613,XNH,,medium_airport,Ali Air Base,30.9358,46.0901,20,AS,Iraq,,Nasiriyah,true,250
18995,ENN,PANN,medium_airport,Nenana Municipal Airport,64.5488,-149.0745,362,NA,United States,,Nenana,true,250
13591,AHJ,ZUHY,medium_airport,Hongyuan Airport,32.5315,102.3522,11600,AS,China,,Ngawa (Hongyuan),true,250
31567,OCV,SKOC,medium_airport,Aguas Claras Airport,8.3151,-73.3583,3850,SA,Colombia,,Ocaña,true,250
31847,OKN,FOGQ,medium_airport,Okondja Airport,-0.6652,13.6731,1325,AF,Gabon,,Okondja,true,250
15355,BUJ,DAAD,medium_airport,Bou Saada Airport,35.3325,4.2064,1506,AF,Algeria,,Ouled Sidi Brahim,true,250
20517,FTX,FCOO,medium_airport,Owando Airport,-0.5246,15.9378,1214,AF,Republic of the Congo,,Owando,true,250
13845,AOL,SARL,medium_airport,Paso De Los Libres Airport,-29.6894,-57.1521,230,SA,Argentina,,Paso de los Libres,true,250
32898,PDU,SUPU,medium_airport,Tydeo Larre Borges Airport,-32.3633,-58.0619,138,SA,Uruguay,,Paysandú,true,250
32921,PEH,SAZP,medium_airport,Comodoro Pedro Zanni Airport,-35.8446,-61.8576,278,SA,Argentina,,Pehuajó,true,250
21659,GPN,YGPT,medium_airport,Garden Point Airport,-11.3997,130.4256,90,OC,Australia,,Pirlangimpi,true,250
21657,GPL,MRGP,medium_airport,Guapiles Airport,10.2172,-83.797,883,NA,Costa Rica,,Pococi,true,250
26832,KPC,PAPC,medium_airport,Port Clarence Coast Guard Station,65.2537,-166.859,10,NA,United States,,Port Clarence,true,250
42399,WPR,SCFM,medium_airport,Captain Fuentes Martinez Airport,-53.2537,-70.3192,104,SA,Chile,,Porvenir,true,250
33427,PSJ,,medium_airport,Kasiguncu Airport,-1.4141,120.6592,174,AS,Indonesia,,Poso-Celebes Island,true,250
32817,PBL,SVPC,medium_airport,General Bartolome Salom International Airport,10.4805,-68.073,32,SA,Venezuela,,Puerto Cabello,true,250
22028,GZW,OIIK,medium_airport,Qazvin Airport,36.2401,50.0471,4184,AS,Iran,,Qazvin,true,250
35450,RCQ,SATR,medium_airport,Reconquista Airport,-29.2103,-59.6833,160,SA,Argentina,,Reconquista,true,250
43767,XRR,CYDM,medium_airport,Ross River Airport,61.9706,-132.423,2314,NA,Canada,,Ross River,true,250
35984,RRK,VERK,medium_airport,Rourkela Airport,22.2566,84.8152,659,AS,India,,Rourkela,true,250
36103,RUV,MGRB,medium_airport,Rubelsanto Airport,15.992,-90.4453,426,NA,Guatemala,,Rubelsanto,true,250
37131,SNF,SVSP,medium_airport,Sub Teniente Nestor Arias Airport,10.2787,-68.7552,761,SA,Venezuela,,San Felipe,true,250
37537,SYP,MPSA,medium_airport,Ruben Cantu Airport,8.0856,-80.9453,272,NA,Panama,,Santiago,true,250
25251,JHF,SBJH,medium_airport,São Paulo Catarina Executive Airport,-23.4269,-47.1657,2547,SA,Brazil,,São Roque,true,250
36882,SGI,OPSR,medium_airport,Mushaf Air Base,32.0486,72.665,614,AS,Pakistan,,Sargodha,true,250
39628,UKS,UKFB,medium_airport,Sevastopol International Airport / Belbek Air Base,44.6918,33.5746,344,EU,Ukraine,,Sevastopol,true,250
37531,SYJ,OIKY,medium_airport,Sirjan Airport,29.5509,55.6727,5846,AS,Iran,,Sirjan,true,250
37256,SQW,EKSV,medium_airport,Skive Airport,56.5502,9.173,74,EU,Denmark,,Skive,true,250
37181,SOT,EFSO,medium_airport,Sodankyla Airport,67.395,26.6191,602,EU,Finland,,Sodankyla,true,250
21875,GVN,UHKM,medium_airport,Sovetskaya Gavan (Maygatka) Airport,48.9251,140.0353,768,AS,Russia,,Sovetskaya Gavan,true,250
37469,SWT,UNSS,medium_airport,Strezhevoy Airport,60.7094,77.66,164,AS,Russia,,Strezhevoy,true,250
38049,TCX,OIMT,medium_airport,Tabas Airport,33.6678,56.8927,2312,AS,Iran,,Tabas,true,250
33220,PMS,OSPR,medium_airport,Palmyra Airport,34.5574,38.3169,1322,AS,Syria,,Tadmur,true,250
38640,TTC,SCTT,medium_airport,Las Breas Airport,-25.5643,-70.3759,2580,SA,Chile,,Taltal,true,250
38582,TRQ,SBTK,medium_airport,Tarauacá Airport,-8.1555,-70.783,646,SA,Brazil,,Tarauacá,true,250
38098,TEA,MHTE,medium_airport,Tela Airport,15.7759,-87.4758,7,NA,Honduras,,Tela,true,250
38686,TUM,YTMU,medium_airport,Tumut Aerodrome,-35.2683,148.2405,878,OC,Australia,,Tumut,true,250
28270,LTA,FATZ,medium_airport,Tzaneen Airport,-23.8244,30.3293,1914,AF,South Africa,,Tzaneen,true,250
40959,VLR,SCLL,medium_airport,Vallenar Airport,-28.5964,-70.756,1725,SA,Chile,,Vallenar,true,250
40847,VIN,UKWW,medium_airport,Vinnytsia/Gavyryshivka International Airport,49.2425,28.6138,961,EU,Ukraine,,Vinnitsa,true,250
42147,WIR,NZWO,medium_airport,Wairoa Airport,-39.0119,177.4044,42,OC,New Zealand,,Wairoa,true,250
44596,YES,OISY,medium_airport,Yasuj Airport,30.7022,51.543,5939,AS,Iran,,Yasuj,true,250
13427,ACZ,OIZB,medium_airport,Zabol Airport,31.0983,61.5439,1628,AS,Iran,,Zabol,true,250
46577,ZXT,UBTT,medium_airport,Zabrat Airport,40.4949,49.9771,36,AS,Azerbaijan,,Zabrat,true,250
46434,ZTU,UBBY,medium_airport,Zaqatala International Airport,41.5578,46.6695,1279,AS,Azerbaijan,,Zaqatala,true,250
21834,GUI,SVGI,medium_airport,Guiria Airport,10.5741,-62.3127,42,SA,Venezuela,,,true,250
37995,TBF,NGTE,medium_airport,Tabiteuea North Airport,-1.2245,174.776,7,OC,Kiribati,,,true,250
17556,DJO,DIDL,medium_airport,Daloa Airport,6.7928,-6.4732,823,AF,Côte d'Ivoire,,,true,250
46522,ZWA,FMND,medium_airport,Andapa Airport,-14.6517,49.6206,1552,AF,Madagascar,,,true,250
28313,LUH,VILD,medium_airport,Ludhiana Airport,30.8547,75.9526,834,AS,India,,,true,250
36899,SGZ,VTSH,medium_airport,Songkhla Airport,7.1866,100.608,12,AS,Thailand,,,true,250
29390,MOE,VYMO,medium_airport,Momeik Airport,23.0925,96.6453,600,AS,Myanmar,,,true,250
15434,BWQ,YBRW,medium_airport,Brewarrina Airport,-29.9758,146.8144,414,OC,Australia,,,true,250
16736,CWW,YCOR,medium_airport,Corowa Airport,-35.9947,146.357,469,OC,Australia,,,true,250
17843,DRN,YDBI,medium_airport,Dirranbandi Airport,-28.5879,148.2172,567,OC,Australia,,,true,250
18082,DYA,YDYS,medium_airport,Dysart Airport,-22.6222,148.364,670,OC,Australia,,,true,250
36048,RTC,VARG,medium_airport,Ratnagiri Airport,17.0136,73.3278,305,AS,India,,,true,250
24547,IXV,VEAN,medium_airport,Along Airport,28.1753,94.802,900,AS,India,,,true,250
13420,ACS,UNKS,medium_airport,Achinsk Airport,56.2692,90.5751,1033,AS,Russia,,Achinsk,true,250
13534,AFY,LTAH,medium_airport,Afyon Air Base,38.7264,30.6011,3310,AS,Turkey,,Afyonkarahisar,true,250
13693,AKD,VAAK,medium_airport,Akola Airport,20.6989,77.0569,999,AS,India,,Akola,true,250
29357,MNH,,medium_airport,Mussanah Airport,23.6406,57.4875,372,AS,Oman,,Al Masna'ah,true,250
30907,NUJ,OIHS,medium_airport,Nojeh Air Base,35.2116,48.6534,5609,AS,Iran,,Amirabad,true,250
13453,ADP,VCCG,medium_airport,Ampara Airport,7.3367,81.6239,150,AS,Sri Lanka,,Ampara,true,250
13965,ARX,SBAC,medium_airport,Aracati Dragão do Mar Regional Airport,-4.5689,-37.8051,128,SA,Brazil,,Aracati,true,250
14168,AXK,OYAT,medium_airport,Ataq Airport,14.5513,46.8262,3735,AS,Yemen,,Ataq,true,250
14208,AYO,SGAY,medium_airport,Aeropuerto Nacional Juan de Ayolas,-27.3784,-56.8568,223,SA,Paraguay,,Ayolas,true,250
14829,BFX,FKKU,medium_airport,Bafoussam Airport,5.5369,10.3546,4347,AF,Cameroon,,Bafoussam,true,250
15168,BPC,FKKV,medium_airport,Bamenda Airport,6.0392,10.1226,4065,AF,Cameroon,,Bamenda,true,250
17477,DHH,ZWLK,medium_airport,Barkol Dahe Airport,43.7565,93.1372,5720,AS,China,,Barkol,true,250
14986,BKA,,medium_airport,Baykit Airport,61.6767,96.355,853,AS,Russia,,Baykit,true,250
14826,BFU,ZSBB,medium_airport,Bengbu Renheji Airport,32.8477,117.3202,100,AS,China,,Bengbu,true,250
14681,BBT,FEFT,medium_airport,Berbérati Airport,4.2216,15.7864,1929,AF,Central African Republic,,Berbérati,true,250
19129,ERD,UKDB,medium_airport,Berdyansk Airport,46.815,36.7581,171,EU,Ukraine,,Berdyansk,true,250
14964,BJO,SLBJ,medium_airport,Bermejo Airport,-22.7733,-64.3129,1249,SA,Bolivia,,Bermejo,true,250
15335,BTZ,VTSY,medium_airport,Betong International Airport,5.79,101.15,785,AS,Thailand,,Betong,true,250
25006,JAM,,medium_airport,Bezmer Air Base,42.4549,26.3522,509,EU,Bulgaria,,Bezmer,true,250
14987,BKB,VIBK,medium_airport,Nal Airport,28.0706,73.2072,750,AS,India,,Bikaner,true,250
15173,BPH,RPMF,medium_airport,Bislig Airport,8.1951,126.321,12,AS,Philippines,,Bislig,true,250
14714,BCQ,,medium_airport,Brak Airport,27.653,14.272,1056,AF,Libya,,Brak,true,250
13879,APJ,ZUPL,medium_airport,Ali Pulan Airport,30.3979,81.1332,13943,AS,China,,Burang Town,true,250
15546,BZU,FZKJ,medium_airport,Buta Zega Airport,2.8181,24.794,1378,AF,Democratic Republic of the Congo,,Buta,true,250
23322,HZU,,medium_airport,Chengdu Huaizhou Airport,30.6773,104.5294,1453,AS,China,,Chengdu (Jintang),true,250
16147,CGJ,FLKE,medium_airport,Kasompe Airport,-12.5728,27.8939,4636,AF,Zambia,,Chingola,true,250
45154,YUA,ZPYM,medium_airport,Yuanmou Air Base,25.7375,101.882,3810,AS,China,,Chuxiong (Yuanmou),true,250
23925,IGL,,medium_airport,Çiğli Airbase,38.513,27.0101,16,AS,Turkey,,Çiğli,true,250
13415,ACN,MMCC,medium_airport,Ciudad Acuña International Airport,29.3337,-101.1006,1410,NA,Mexico,,Ciudad Acuña,true,250
16224,CIO,SGCO,medium_airport,Lieutenant Colonel Carmelo Peralta National Airport,-23.4416,-57.427,253,SA,Paraguay,,Concepción,true,250
40170,UZU,SATU,medium_airport,Curuzu Cuatia Airport,-29.7706,-57.9789,229,SA,Argentina,,Curuzu Cuatia,true,250
30611,NMB,VADN,medium_airport,Daman Airport,20.4344,72.8432,33,AS,India,,Daman,true,250
34335,QHR,HAHM,medium_airport,Harar Meda Airport,8.7163,39.0059,6201,AF,Ethiopia,,Debre Zeyit,true,250
18010,DWA,FWDW,medium_airport,Dwangwa Airport,-12.5175,34.1319,1605,AF,Malawi,,Dwangwa,true,250
18875,EKB,UASB,medium_airport,Ekibastuz Airport,51.591,75.215,621,AS,Kazakhstan,,Ekibastuz,true,250
18556,EBG,SKEB,medium_airport,El Bagre Airport,7.5965,-74.8089,180,SA,Colombia,,El Bagre,true,250
18777,EHL,SAVB,medium_airport,El Bolsón Airfield,-41.9432,-71.5323,1141,SA,Argentina,,El Bolsón,true,250
18737,EGH,HEGR,medium_airport,El Jora Airport,31.0781,34.1531,331,AS,Egypt,,El Jora,true,250
19835,FAZ,OISF,medium_airport,Fasa Airport,28.8918,53.7233,4261,AS,Iran,,Fasa,true,250
15508,BYS,KBYS,medium_airport,Bicycle Lake Army Air Field,35.2805,-116.63,2350,NA,United States,,Fort Irwin/Barstow,true,250
20326,FOM,FKKM,medium_airport,Foumban Nkounja Airport,5.6369,10.7508,3963,AF,Cameroon,,Foumban,true,250
20179,FKJ,RJNF,medium_airport,Fukui Airport,36.1428,136.224,19,AS,Japan,,Fukui,true,250
29510,MRQ,RPUW,medium_airport,Marinduque Airport,13.361,121.826,32,AS,Philippines,,Gasan,true,250
21522,GLU,VQGP,medium_airport,Gelephu Airport,26.8846,90.4641,980,AS,Bhutan,,Gelephu,true,250
21660,GPO,SAZG,medium_airport,General Pico Airport,-35.6962,-63.7583,459,SA,Argentina,,General Pico,true,250
21978,GYI,HRYG,medium_airport,Gisenyi Airport,-1.6772,29.2589,5082,AF,Rwanda,,Gisenyi,true,250
32166,OTI,,medium_airport,Pitu Airport,2.046,128.325,49,AS,Indonesia,,Gotalalamo-Morotai Island,true,250
37134,SNI,GLGE,medium_airport,Greenville/Sinoe Airport,5.0321,-9.0642,10,AF,Liberia,,Greenville,true,250
21442,GJM,SBGM,medium_airport,Guajará-Mirim Airport,-10.7864,-65.2849,478,SA,Brazil,,Guajará-Mirim,true,250
25106,JDE,,medium_airport,Jiande Qiandaohu General Airport,29.3609,119.1808,249,AS,China,,Hangzhou,true,250
23032,HRS,FAHR,medium_airport,Harrismith Airport,-28.2351,29.1062,5585,AF,South Africa,,Harrismith,true,250
23075,HSZ,RCPO,medium_airport,Hsinchu Air Base,24.818,120.939,26,AS,Taiwan,,Hsinchu City,true,250
43295,XEN,ZYXC,medium_airport,Xingcheng Air Base,40.5803,120.7004,30,AS,China,,Huludao (Xingcheng),true,250
15961,CBD,VOCX,medium_airport,Car Nicobar Air Force Base,9.1531,92.8193,5,AS,India,,IAF Camp,true,250
23851,IEJ,RORE,medium_airport,Iejima Airport,26.7225,127.7868,246,AS,Japan,,Ie,true,250
24166,INA,UUYI,medium_airport,Inta Airport,66.0534,60.1058,184,EU,Russia,,Inta,true,250
23967,IHR,OIZI,medium_airport,Iranshahr Airport,27.2361,60.72,2040,AS,Iran,,Iranshahr,true,250
41884,WBG,ETNS,medium_airport,Schleswig Air Base,54.4593,9.5163,70,EU,Germany,,Jagel,true,250
26775,KNR,OIBJ,medium_airport,Jam Airport,27.8205,52.3522,2173,AS,Iran,,Jam,true,250
39683,UMB,,medium_airport,Kalumbila Airport,-12.2536,25.4443,4354,AF,Zambia,,Kalumbila,true,250
26488,KFS,LTAL,medium_airport,Kastamonu Airport,41.3142,33.7958,3520,AS,Turkey,,Kastamonu,true,250
22843,HMJ,UKLH,medium_airport,Khmelnytskyi Airport,49.3597,26.9334,1150,EU,Ukraine,,Khmelnytskyi,true,250
26985,KTL,HKKT,medium_airport,Kitale Airport,0.972,34.9586,6070,AF,Kenya,,Kitale,true,250
26990,KTQ,EFIT,medium_airport,Kitee Airport,62.1661,30.0736,364,EU,Finland,,Kitee,true,250
30690,NOI,,medium_airport,Krymsk Air Base,44.9629,37.9991,66,EU,Russia,,Krymsk,true,250
37429,SVP,FNKU,medium_airport,Kuito Airport,-12.4046,16.9474,5618,AF,Angola,,Kuito,true,250
26495,KFZ,LAKU,medium_airport,Kukës International Airport,42.0358,20.416,1120,EU,Albania,,Kukës,true,250
26336,KBK,VEKI,medium_airport,Kushinagar International Airport,26.7765,83.8892,266,AS,India,,Kushinagar,true,250
28357,LVP,OIBV,medium_airport,Lavan Airport,26.8107,53.3543,76,AS,Iran,,Lavan Airport,true,250
44847,YLR,CYLR,medium_airport,Leaf Rapids Airport,56.5133,-99.9853,959,NA,Canada,,Leaf Rapids,true,250
28257,LSX,WITL,medium_airport,Lhok Sukon Airport,5.0695,97.2592,28,AS,Indonesia,,Lhok Sukon-Sumatra Island,true,250
28035,LMR,FALC,medium_airport,Lime Acres Finsch Mine Airport,-28.3601,23.4391,4900,AF,South Africa,,Lime Acres,true,250
27890,LIQ,FZGA,medium_airport,Lisala Airport,2.1707,21.4969,1509,AF,Democratic Republic of the Congo,,Lisala,true,250
28245,LSL,MRLC,medium_airport,Los Chiles Airport,11.0353,-84.7061,131,NA,Costa Rica,,Los Chiles,true,250
27820,LGS,SAMM,medium_airport,Comodoro D.R. Salomón Airport,-35.4936,-69.5743,4685,SA,Argentina,,Malargue,true,250
43474,XJM,OPMA,medium_airport,Mangla Airport,33.0501,73.6384,902,AS,Pakistan,,Mangla,true,250
29078,MFQ,DRRM,medium_airport,Maradi Airport,13.5025,7.1268,1240,AF,Niger,,Maradi,true,250
34507,QMJ,,medium_airport,Shahid Asiyaee Airport,32.0017,49.2686,1206,AS,Iran,,Masjed Soleyman,true,250
29465,MQH,,medium_airport,Minaçu Airport,-13.5491,-48.1953,1401,SA,Brazil,,Minaçu,true,250
28972,MCS,SARM,medium_airport,Monte Caseros Airport,-30.2719,-57.6402,170,SA,Argentina,,Monte Caseros,true,250
30237,NBX,WABI,medium_airport,Douw Aturure Airport,-3.398,135.3931,22,OC,Indonesia,,Nabire,true,250
26417,KDT,VTBK,medium_airport,Kamphaeng Saen Airport,14.102,99.9172,30,AS,Thailand,,Nakhon Pathom,true,250
30918,NUU,HKNK,medium_airport,Nakuru Lanet Airport,-0.2984,36.1592,6234,AF,Kenya,,Nakuru,true,250
30628,NMS,VYNS,medium_airport,Namsang Airport,20.8905,97.7359,3100,AS,Myanmar,,Namsang,true,250
31907,OMB,FOOH,medium_airport,Omboue Hospital Airport,-1.5747,9.2627,33,AF,Gabon,,Omboue,true,250
13712,AKW,OIAG,medium_airport,Aghajari Airport,30.7444,49.6772,88,AS,Iran,,Omidiyeh,true,250
32086,ORA,SASO,medium_airport,Orán Airport,-23.1528,-64.3292,1171,SA,Argentina,,Orán,true,250
38784,TXC,,medium_airport,Orsha Airport - Balbasovo Air Base,54.44,30.2967,620,EU,Belarus,,Orsha,true,250
31881,OLL,FCOD,medium_airport,Oyo Ollombo Airport,-1.2267,15.91,1073,AF,Republic of the Congo,,Oyo,true,250
33466,PTM,SVPT,medium_airport,Palmarito Airport,7.5755,-70.1744,347,SA,Venezuela,,Palmarito,true,250
33259,PNV,EYPP,medium_airport,Panevėžys Air Base,55.7294,24.4608,197,EU,Lithuania,,Panevėžys,true,250
33670,PZA,SKPZ,medium_airport,Paz de Ariporo Airport,5.8761,-71.8867,900,SA,Colombia,,Paz de Ariporo,true,250
33069,PIL,SGPI,medium_airport,Aeródromo Don Carlos Miguel Gimenez,-26.882,-58.3191,249,SA,Paraguay,,Pilar,true,250
33477,PTX,SKPI,medium_airport,Pitalito Airport,1.8578,-76.0857,4212,SA,Colombia,,Pitalito,true,250
22702,HIM,VCCH,medium_airport,Hingurakgoda Air Force Base,8.0498,80.9814,170,AS,Sri Lanka,,Polonnaruwa Town,true,250
32819,PBN,FNPA,medium_airport,Porto Amboim Airport,-10.722,13.7655,16,AF,Angola,,Port Amboim,true,250
33540,PVO,SEPV,medium_airport,Reales Tamarindos Airport,-1.0416,-80.4722,130,SA,Ecuador,,Portoviejo,true,250
33282,POI,SLPO,medium_airport,Capitan Nicolas Rojas Airport,-19.5433,-65.7237,12922,SA,Bolivia,,Potosí,true,250
40986,VMI,,medium_airport,Aeropuerto Nacional Doctor Juan Plate,-22.1594,-57.9424,280,SA,Paraguay,,Puerto Vallemi,true,250
35960,RQW,,medium_airport,Qayyarah West Airport,35.7672,43.1251,749,AS,Iraq,,Qayyarah,true,250
42039,WFR,,medium_airport,[Duplicate] Wolf's Fang Runway,-71.5264,8.7995,3707,AN,Antarctica,,Queen Maud Island,true,250
35402,RBE,VDRK,medium_airport,Ratanakiri Airport,13.73,106.987,0,AS,Cambodia,,Ratanakiri,true,250
35506,REA,NTGE,medium_airport,Reao Airport,-18.4665,-136.4385,12,OC,French Polynesia,,Reao,true,250
35488,RDS,SAHS,medium_airport,Rincon De Los Sauces Airport,-37.3906,-68.9042,1968,SA,Argentina,,Rincon de los Sauces,true,250
35659,RIJ,SPJA,medium_airport,Juan Simons Vela Airport,-6.0679,-77.16,2707,SA,Peru,,Rioja,true,250
36088,RUG,ZSRG,medium_airport,Rugao Air Base,32.2583,120.5011,0,AS,China,,Rugao (Nantong),true,250
37507,SXV,VOSM,medium_airport,Salem Airport,11.7833,78.0656,1008,AS,India,,Salem,true,250
36705,SBL,SLSA,medium_airport,Santa Ana Del Yacuma Airport,-13.7622,-65.4352,472,SA,Bolivia,,Santa Ana del Yacuma,true,250
16301,CKT,OIMC,medium_airport,Sarakhs Airport,36.5012,61.0649,945,AS,Iran,,Sarakhs,true,250
40800,VHC,FNSA,medium_airport,Saurimo Airport,-9.6891,20.4319,3584,AF,Angola,,Saurimo,true,250
46350,ZRI,WABO,medium_airport,Stevanus Rumbewas Airport,-1.8284,136.0624,20,AS,Indonesia,,Serui,true,250
16501,CQD,OIFS,medium_airport,Shahrekord Airport,32.2972,50.8422,6723,AS,Iran,,Shahrekord,true,250
37495,SXJ,ZWSS,medium_airport,Shanshan Airport,42.9117,90.2475,0,AS,China,,Shanshan,true,250
35962,RQY,VOSH,medium_airport,Rashtrakavi Kuvempu Airport,13.858,75.6189,2017,AS,India,,Shimoga,true,250
24146,IMQ,OITU,medium_airport,Maku National Airport,39.1913,44.9285,3136,AS,Iran,,Showt,true,250
37511,SXZ,LTCL,medium_airport,Siirt Airport,37.9789,41.8404,2001,AS,Turkey,,Siirt,true,250
43787,XSB,OMBY,medium_airport,Sir Bani Yas Airport,24.2836,52.5803,25,AS,United Arab Emirates,,Sir Bani Yas,true,250
28077,LNX,,medium_airport,Smolensk North Airport,54.824,32.025,820,EU,Russia,,Smolensk,true,250
37310,SSE,VASL,medium_airport,Solapur Airport,17.628,75.9348,1584,AS,India,,Solapur,true,250
37187,SOZ,LFKS,medium_airport,Solenzara (BA 126) Air Base,41.9244,9.406,28,EU,France,,Solenzara,true,250
40152,UZC,LYUZ,medium_airport,Ponikve Airport,43.8989,19.6977,2966,EU,Serbia,,Stapari,true,250
30289,NDD,FNSU,medium_airport,Sumbe Airport,-11.1679,13.8475,36,AF,Angola,,Sumbe,true,250
13351,AAV,RPMA,medium_airport,Allah Valley Airport,6.3679,124.7524,659,AS,Philippines,,Surallah,true,250
37470,SWU,RKSW,medium_airport,Suwon Airport,37.2394,127.007,88,AS,South Korea,,Suwon,true,250
37579,SZV,ZSSZ,medium_airport,Suzhou Guangfu Airport,31.2631,120.401,0,AS,China,,Suzhou,true,250
36820,SES,,medium_airport,Svetlogorsk Airport,66.84,88.4033,394,AS,Russia,,Svetlogorsk,true,250
37959,TAF,DAOL,medium_airport,Oran Tafraoui Airport,35.5424,-0.5323,367,AF,Algeria,,Tafraoui,true,250
38231,THZ,DRRT,medium_airport,Tahoua Airport,14.8757,5.2654,1266,AF,Niger,,Tahoua,true,250
38496,TPC,SETR,medium_airport,Tarapoa Airport,-0.123,-76.3378,814,SA,Ecuador,,Tarapoa,true,250
38245,TID,DAOB,medium_airport,Abdelhafid Boussouf Bou Chekif Airport,35.3411,1.4631,3245,AF,Algeria,,Tiaret,true,250
38316,TKC,FKKC,medium_airport,Tiko Airport,4.0892,9.3605,151,AF,Cameroon,,Tiko,true,250
38474,TOQ,SCBE,medium_airport,Barriles Airport,-22.1411,-70.0629,3475,SA,Chile,,Tocopilla,true,250
17371,DEJ,ZUDJ,medium_airport,Tongren Dejiang Airport (Under Construction),28.121,108.1631,3542,AS,China,,Tongren,true,250
32352,OYO,SAZH,medium_airport,Tres Arroyos Airport,-38.3869,-60.3297,400,SA,Argentina,,Tres Arroyos,true,250
38548,TQS,SKTQ,medium_airport,Captain Ernesto Esguerra Cubides Air Base,0.7459,-75.234,585,SA,Colombia,,Tres Esquinas,true,250
39662,ULQ,SKUL,medium_airport,Heriberto Gíl Martínez Airport,4.0884,-76.2351,3132,SA,Colombia,,Tuluá,true,250
39480,UGO,FNUG,medium_airport,Uige Airport,-7.6031,15.0278,2720,AF,Angola,,Uige,true,250
39649,ULD,FAUL,medium_airport,Prince Mangosuthu Buthelezi Airport,-28.3206,31.4165,1720,AF,South Africa,,Ulundi,true,250
39801,UPL,MRUP,medium_airport,Upala Airport,10.8922,-85.0162,184,NA,Costa Rica,,Upala,true,250
39914,USQ,LTBO,medium_airport,Uşak Airport,38.6815,29.4717,2897,AS,Turkey,,Uşak,true,250
39952,UTS,UUYX,medium_airport,Ust-Tsylma Airport,65.4373,52.2003,262,AS,Russia,,Ust-Tsylma,true,250
39942,UTI,EFUT,medium_airport,Utti Air Base,60.8964,26.9384,339,EU,Finland,,Utti / Valkeala,true,250
40962,VLU,ULOL,medium_airport,Velikiye Luki Airport,56.3811,30.6078,328,EU,Russia,,Velikiye Luki,true,250
46020,ZIC,SCTO,medium_airport,Victoria Airport,-38.2456,-72.3486,1148,SA,Chile,,Victoria,true,250
40671,VDR,SAOD,medium_airport,Villa Dolores Airport,-31.9452,-65.1463,1847,SA,Argentina,,Villa Dolores,true,250
40954,VLM,SLVM,medium_airport,Teniente Coronel Rafael Pabón Airport,-21.2552,-63.4056,1305,SA,Bolivia,,Villamontes,true,250
38170,TGA,WSAT,medium_airport,Tengah Air Base,1.3876,103.7083,50,AS,Singapore,,Western Water Catchment,true,250
42107,WHN,,medium_airport,Wuhan Hannan Municipal Airport,30.2552,114.0628,85,AS,China,,Wuhan (Hannan),true,250
43367,XGN,FNXA,medium_airport,Xangongo Airport,-16.7554,14.9653,3635,AF,Angola,,Xangongo,true,250
27848,LHK,ZHGH,medium_airport,Guangzhou MR Air Base / Guanghua Airport,32.3887,111.6942,0,AS,China,,Xiangyang (Laohekou),true,250
25799,JWN,OITZ,medium_airport,Zanjan Airport,36.7737,48.3594,5382,AS,Iran,,Zanjan,true,250
13895,APZ,SAHZ,medium_airport,Zapala Airport,-38.9755,-70.1136,3330,SA,Argentina,,Zapala,true,250
45747,ZAR,DNZA,medium_airport,Zaria Airport,11.1302,7.6858,2170,AF,Nigeria,,Zaria,true,250
45749,ZAT,ZPZT,medium_airport,Zhaotong Zhaoyang Airport （Not fully opened),27.2058,103.6915,0,AS,China,,Zhaotong,true,250
45891,ZER,VEZO,medium_airport,Ziro Airport,27.5883,93.8281,5403,AS,India,,Ziro,true,250
37168,SOG,ENSG,small_airport,"Sogndal Airport, Haukåsen",61.1561,7.1378,1633,EU,Norway,,Sogndal,true,150
44690,YHE,CYHE,small_airport,Hope Airport / FVRD Regional Airpark,49.3689,-121.495,128,NA,Canada,,Hope,true,150
36754,SCY,SEST,small_airport,San Cristóbal Airport,-0.9102,-89.6174,62,SA,Ecuador,,Puerto Baquerizo Moreno,true,150
36779,SDN,ENSD,small_airport,"Sandane Airport, Anda",61.83,6.1058,196,EU,Norway,,Sandane,true,150
19922,FDE,ENBL,small_airport,"Førde Airport, Bringeland",61.3911,5.7569,1046,EU,Norway,,Førde,true,150
36845,SFH,MMSF,small_airport,San Felipe International Airport,30.9301,-114.8085,148,NA,Mexico,,Mexicali,true,150
44628,YFO,CYFO,small_airport,Flin Flon Airport,54.6781,-101.682,997,NA,Canada,,Flin Flon,true,150
27631,LBJ,WATO,small_airport,Komodo Airport,-8.4807,119.8883,66,AS,Indonesia,,"Labuan Bajo, Manggarai Barat",true,150
22517,HDH,PHDH,small_airport,Kawaihapai Airfield,21.5795,-158.197,14,OC,United States,,Mokuleia,true,150
15068,BMK,EDWR,small_airport,Borkum Airport,53.5964,6.7092,3,EU,Germany,,Borkum,true,150
45913,ZFD,CZFD,small_airport,Fond-du-Lac Airport,59.3344,-107.182,814,NA,Canada,,Fond-du-Lac,true,150
31062,NYU,VYBG,small_airport,Bagan Airport,21.1788,94.9302,312,AS,Myanmar,,Nyaung U,true,150
44453,YAT,CYAT,small_airport,Attawapiskat Airport,52.9275,-82.4319,31,NA,Canada,,Attawapiskat,true,150
38441,TNT,KTNT,small_airport,Dade Collier Training and Transition Airport,25.8618,-80.897,13,NA,United States,,Miami,true,150
16822,CZA,MMCT,small_airport,Chichén Itzá International Airport,20.6413,-88.4462,102,NA,Mexico,,Tinúm,true,150
36064,RTS,YRTI,small_airport,Rottnest Island Airport,-32.0067,115.54,12,OC,Australia,,,true,150
18990,ENI,RPEN,small_airport,El Nido Airport,11.2024,119.4161,0,AS,Philippines,,El Nido,true,150
44657,YGH,CYGH,small_airport,Fort Good Hope Airport,66.2407,-128.6478,268,NA,Canada,,Fort Good Hope,true,150
27746,LEQ,EGHC,small_airport,Land's End Airport,50.1028,-5.6706,398,EU,United Kingdom,,"Land's End, Cornwall",true,150
44474,YBE,CYBE,small_airport,Uranium City Airport,59.5614,-108.481,1044,NA,Canada,,Uranium City,true,150
46533,ZWL,CZWL,small_airport,Wollaston Lake Airport,58.1069,-103.172,1360,NA,Canada,,Wollaston Lake,true,150
45209,YVT,CYVT,small_airport,Buffalo Narrows Airport,55.8419,-108.418,1423,NA,Canada,,Buffalo Narrows,true,150
44696,YHK,CYHK,small_airport,Gjoa Haven Airport,68.6356,-95.8497,152,NA,Canada,,Gjoa Haven,true,150
28321,LUP,PHLU,small_airport,Kalaupapa Airport,21.211,-156.974,24,OC,United States,,Kalaupapa,true,150
28144,LPS,,small_airport,Lopez Island Airport,48.4839,-122.938,209,NA,United States,,Lopez,true,150
27701,LDH,YLHI,small_airport,Lord Howe Island Airport,-31.5382,159.0755,5,OC,Australia,,Lord Howe Island,true,150
35525,RET,ENRS,small_airport,Røst Airport,67.5265,12.1016,7,EU,Norway,,Røst,true,150
24348,ISC,EGHE,small_airport,St. Mary's Airport,49.9134,-6.2919,116,EU,United Kingdom,,"St. Mary's, Isles of Scilly",true,150
33442,PSY,SFAL,small_airport,Port Stanley Airport,-51.6857,-57.7776,75,SA,Falkland Islands,,Stanley,true,150
44651,YGB,CYGB,small_airport,Texada Gillies Bay Airport,49.6943,-124.5181,326,NA,Canada,,Texada,true,150
15329,BTT,PABT,small_airport,Bettles Airport,66.9139,-151.529,647,NA,United States,,Bettles,true,150
46094,ZKE,CZKE,small_airport,Kashechewan Airport,52.2825,-81.6778,35,NA,Canada,,Kashechewan,true,150
44520,YCO,CYCO,small_airport,Kugluktuk Airport,67.8164,-115.1431,74,NA,Canada,,Kugluktuk,true,150
44940,YOC,CYOC,small_airport,Old Crow Airport,67.5706,-139.839,824,NA,Canada,,Old Crow,true,150
40564,VAS,LTAR,small_airport,Sivas Nuri Demirağ Airport,39.8138,36.9035,5239,AS,Turkey,,Sivas,true,150
36898,SGY,PAGY,small_airport,Skagway Airport,59.4603,-135.3167,44,NA,United States,,Skagway,true,150
37165,SOD,SDCO,small_airport,Sorocaba Airport,-23.478,-47.49,2083,SA,Brazil,,Sorocaba,true,150
37465,SWP,FYSM,small_airport,Swakopmund Municipal Aerodrome,-22.6619,14.5681,207,AF,Namibia,,Swakopmund,true,150
46328,ZQW,EDRZ,small_airport,Zweibrücken Airport,49.2094,7.4006,1132,EU,Germany,,Zweibrücken,true,150
13637,AIT,NCAI,small_airport,Aitutaki Airport,-18.8309,-159.764,14,OC,Cook Islands,,Aitutaki,true,150
21563,GMZ,GCGM,small_airport,La Gomera Airport,28.0296,-17.2146,716,AF,Spain,,"Alajero, La Gomera Island",true,150
14895,BHR,VNBP,small_airport,Bharatpur Airport,27.6781,84.4294,600,AS,Nepal,,Bharatpur,true,150
46462,ZUM,CZUM,small_airport,Churchill Falls Airport,53.5619,-64.1064,1442,NA,Canada,,Churchill Falls,true,150
45215,YVZ,CYVZ,small_airport,Deer Lake Airport,52.6556,-94.0612,1092,NA,Canada,,Deer Lake,true,150
45235,YWJ,CYWJ,small_airport,Déline Airport,65.2111,-123.436,703,NA,Canada,,Déline,true,150
32146,OSY,ENNM,small_airport,Namsos Airport,64.4722,11.5786,7,EU,Norway,,Namsos,true,150
33241,PND,,small_airport,Punta Gorda Airport,16.1024,-88.8083,7,NA,Belize,,Punta Gorda,true,150
44445,YAL,CYAL,small_airport,Alert Bay Airport,50.5822,-126.916,240,NA,Canada,,Alert Bay,true,150
44588,YEK,CYEK,small_airport,Arviat Airport,61.0942,-94.0708,32,NA,Canada,,Arviat,true,150
13378,ABM,YNPE,small_airport,Northern Peninsula Airport,-10.9462,142.4551,34,OC,Australia,,Bamaga,true,150
15009,BKX,KBKX,small_airport,Brookings Regional Airport,44.3048,-96.8169,1648,NA,United States,,Brookings,true,150
40654,VDA,LLOV,small_airport,Ovda Airport,29.9403,34.9358,1492,AS,Israel,,Eilat,true,150
44621,YFH,CYFH,small_airport,Fort Hope Airport,51.5619,-87.9078,899,NA,Canada,,Fort Hope,true,150
45922,ZFM,CZFM,small_airport,Fort Mcpherson Airport,67.407,-134.8602,116,NA,Canada,,Fort Mcpherson,true,150
44675,YGZ,CYGZ,small_airport,Grise Fiord Airport,76.4258,-82.9086,146,NA,Canada,,Grise Fiord,true,150
25485,JNX,LGNX,small_airport,Naxos Island National Airport,37.0811,25.3681,10,EU,Greece,,Naxos,true,150
44920,YNS,CYHH,small_airport,Nemiscau Airport,51.6911,-76.1356,802,NA,Canada,,Nemiscau,true,150
44906,YNE,CYNE,small_airport,Norway House Airport,53.9583,-97.8442,734,NA,Canada,,Norway House,true,150
22554,HEI,EDXB,small_airport,Heide-Büsum Airport,54.1533,8.9017,7,EU,Germany,,Oesterdeichstrich,true,150
33332,PPW,EGEP,small_airport,Papa Westray Airport,59.351,-2.9004,91,EU,United Kingdom,,"Papa Westray, Orkney Islands",true,150
32788,PAS,LGPA,small_airport,Paros National Airport,37.0205,25.1132,131,EU,Greece,,Paros,true,150
44986,YPM,CYPM,small_airport,Pikangikum Airport,51.8197,-93.9733,1114,NA,Canada,,Pikangikum,true,150
22600,HFS,ESOH,small_airport,Hagfors Airport,60.0201,13.5789,474,EU,Sweden,,Råda,true,150
21827,GUB,MMGR,small_airport,Guerrero Negro Airport,28.0261,-114.024,59,NA,Mexico,,San Quintín,true,150
26950,KSM,PASM,small_airport,St Mary's Airport,62.0605,-163.302,312,NA,United States,,St Mary's,true,150
38294,TJQ,WIKT,small_airport,H A S Hanandjoeddin International Airport,-2.7441,107.7545,164,AS,Indonesia,,Tanjung Pandan,true,150
38747,TWB,YTWB,small_airport,Toowoomba Airport,-27.5434,151.9191,2086,OC,Australia,,Toowoomba,true,150
45155,YUB,CYUB,small_airport,Tuktoyaktuk / James Gruben Airport,69.4333,-133.026,15,NA,Canada,,Tuktoyaktuk,true,150
22662,HHI,PHHI,small_airport,Wheeler Army Airfield,21.4816,-158.037,837,OC,United States,,Wahiawa,true,150
44904,YNC,CYNC,small_airport,Wemindji Airport,53.0106,-78.8311,66,NA,Canada,,Wemindji,true,150
45051,YRF,CYCA,small_airport,Cartwright Airport,53.6825,-57.0423,40,NA,Canada,,Cartwright,true,150
44703,YHR,CYHR,small_airport,Chevery Airport,50.4683,-59.6378,39,NA,Canada,,Chevery,true,150
44614,YFA,CYFA,small_airport,Fort Albany Airport,52.2035,-81.6952,48,NA,Canada,,Fort Albany,true,150
44595,YER,CYER,small_airport,Fort Severn Airport,56.0189,-87.6761,48,NA,Canada,,Fort Severn,true,150
44664,YGO,CYGO,small_airport,Gods Lake Narrows Airport,54.5577,-94.4901,617,NA,Canada,,Gods Lake Narrows,true,150
45954,ZGI,CZGI,small_airport,Gods River Airport,54.8397,-94.0786,627,NA,Canada,,Gods River,true,150
39805,UPP,PHUP,small_airport,Upolu Airport,20.2653,-155.86,96,OC,United States,,Hawi,true,150
22621,HGD,YHUG,small_airport,Hughenden Airport,-20.815,144.225,1043,OC,Australia,,Hughenden,true,150
24219,IOR,EIIM,small_airport,Inishmore Aerodrome,53.1067,-9.6536,24,EU,Ireland,,Inis Mór,true,150
44981,YPH,CYPH,small_airport,Inukjuak Airport,58.4719,-78.0769,83,NA,Canada,,Inukjuak,true,150
30663,NNR,EICA,small_airport,Connemara Regional Airport,53.2303,-9.4678,70,EU,Ireland,,Inverin,true,150
17543,DJB,WIJJ,small_airport,Sultan Thaha Airport,-1.6387,103.6451,82,AS,Indonesia,,Jambi,true,150
45122,YTE,CYTE,small_airport,Cape Dorset Airport,64.23,-76.5267,164,NA,Canada,,Kinngait,true,150
39724,UNG,AYKI,small_airport,Kiunga Airport,-6.1257,141.282,88,OC,Papua New Guinea,,Kiunga,true,150
29460,MQC,LFVM,small_airport,Miquelon Airport,47.0955,-56.3803,10,NA,Saint Pierre and Miquelon,,Miquelon,true,150
31885,OLP,YOLD,small_airport,Olympic Dam Airport,-30.4839,136.8767,344,OC,Australia,,Olympic Dam,true,150
33143,PKN,WAGI,small_airport,Iskandar Airport,-2.7052,111.673,75,AS,Indonesia,,Pangkalanbun,true,150
33136,PKG,WMPA,small_airport,Pulau Pangkor Airport,4.2447,100.553,19,AS,Malaysia,,Pangkor Island,true,150
45277,YXP,CYXP,small_airport,Pangnirtung Airport,66.1449,-65.7136,75,NA,Canada,,Pangnirtung,true,150
44988,YPO,CYPO,small_airport,Peawanuck Airport,54.9879,-85.4426,173,NA,Canada,,Peawanuck,true,150
45202,YVM,CYVM,small_airport,Qikiqtarjuaq Airport,67.5466,-64.0314,21,NA,Canada,,Qikiqtarjuaq,true,150
46271,ZPB,CZPB,small_airport,Sachigo Lake Airport,53.8909,-92.1959,876,NA,Canada,,Sachigo Lake,true,150
28289,LTT,LFTZ,small_airport,La Môle Airport,43.2054,6.482,59,EU,France,,Saint-Tropez,true,150
37434,SVU,NFNS,small_airport,Savusavu Airport,-16.8034,179.3406,17,OC,Fiji,,Savusavu,true,150
46426,ZTM,CZTM,small_airport,Shamattawa Airport,55.8636,-92.0811,289,NA,Canada,,Shamattawa,true,150
45923,ZFN,CZFN,small_airport,Tulita Airport,64.9095,-125.5703,332,NA,Canada,,Tulita,true,150
15279,BSF,PHSF,small_airport,Bradshaw Army Airfield,19.7601,-155.554,6190,OC,United States,,Waimea (Kamuela),true,150
29391,MOF,WATC,small_airport,Frans Xavier Seda Airport,-8.6395,122.2381,115,AS,Indonesia,,Waioti,true,150
44810,YKQ,CYKQ,small_airport,Waskaganish Airport,51.4733,-78.7583,80,NA,Canada,,Waskaganish,true,150
42478,WRY,EGEW,small_airport,Westray Airport,59.3505,-2.9501,29,EU,United Kingdom,,"Westray, Orkney Islands",true,150
45275,YXN,CYXN,small_airport,Whale Cove Airport,62.24,-92.5981,40,NA,Canada,,Whale Cove,true,150
45732,ZAC,CZAC,small_airport,York Landing Airport,56.0894,-96.0892,621,NA,Canada,,York Landing,true,150
43178,XBE,,small_airport,Bearskin Lake Airport,53.9656,-91.0272,800,NA,Canada,,Bearskin Lake,true,150
44491,YBV,CYBV,small_airport,Berens River Airport,52.3589,-97.0183,728,NA,Canada,,Berens River,true,150
45129,YTL,CYTL,small_airport,Big Trout Lake Airport,53.8178,-89.8969,729,NA,Canada,,Big Trout Lake,true,150
44436,YAC,CYAC,small_airport,Cat Lake Airport,51.7272,-91.8244,1344,NA,Canada,,Cat Lake,true,150
44524,YCS,CYCS,small_airport,Chesterfield Inlet Airport,63.3469,-90.7311,32,NA,Canada,,Chesterfield Inlet,true,150
44814,YKU,,small_airport,Chisasibi Airport,53.8056,-78.9169,43,NA,Canada,,Chisasibi,true,150
16642,CUA,,small_airport,Ciudad Constitución National Airport,25.0538,-111.615,213,NA,Mexico,,Comondú,true,150
16698,CVU,LPCR,small_airport,Corvo Airport,39.6715,-31.1136,62,EU,Portugal,,Corvo,true,150
44523,YCR,CYCR,small_airport,Cross Lake (Charlie Sinclair Memorial) Airport,54.6098,-97.7624,709,NA,Canada,,Cross Lake,true,150
18950,EME,EDWE,small_airport,Emden Airport,53.3911,7.2275,3,EU,Germany,,Emden,true,150
44673,YGX,CYGX,small_airport,Gillam Airport,56.3571,-94.7115,476,NA,Canada,,Gillam,true,150
22402,HAA,ENHK,small_airport,Hasvik Airport,70.4867,22.1397,21,EU,Norway,,Hasvik,true,150
22629,HGL,EDXH,small_airport,Helgoland-Düne Airport,54.1853,7.9158,8,EU,Germany,,Helgoland,true,150
44669,YGT,CYGT,small_airport,Igloolik Airport,69.3647,-81.8161,174,NA,Canada,,Igloolik,true,150
23830,IDY,LFEY,small_airport,Île d'Yeu Airport,46.7176,-2.3925,79,EU,France,,Île d'Yeu,true,150
37075,SLV,VISM,small_airport,Shimla Airport,31.0818,77.068,5072,AS,India,,Jubbarhatti,true,150
43535,XLB,CZWH,small_airport,Lac Brochet Airport,58.6143,-101.469,1211,NA,Canada,,Lac Brochet,true,150
27704,LDK,ESGL,small_airport,Lidköping-Hovby Airport,58.4655,13.1744,200,EU,Sweden,,Lidköping,true,150
45963,ZGR,CZGR,small_airport,Little Grand Rapids Airport,52.0454,-95.4662,1005,NA,Canada,,Little Grand Rapids,true,150
45088,YSG,CYLK,small_airport,Lutselk'e Airport,62.4178,-110.6828,596,NA,Canada,,Lutselk'e,true,150
29728,MXS,NSMA,small_airport,Maota Airport,-13.7423,-172.258,0,OC,Samoa,,Maota,true,150
38730,TVU,NFNM,small_airport,Matei Airport,-16.6906,-179.877,60,OC,Fiji,,Matei,true,150
29117,MGT,YMGB,small_airport,Milingimbi Airport,-12.0944,134.894,53,OC,Australia,,Milingimbi Island,true,150
29292,MLO,LGML,small_airport,Milos Airport,36.6969,24.4769,10,EU,Greece,,Milos Island,true,150
44557,YDP,CYDP,small_airport,Nain Airport,56.5508,-61.6822,22,NA,Canada,,Nain,true,150
18959,EMN,GQNI,small_airport,Néma Airport,16.622,-7.3166,745,AF,Mauritania,,Néma,true,150
44945,YOH,CYOH,small_airport,Oxford House Airport,54.9333,-95.2789,663,NA,Canada,,Oxford House,true,150
32092,ORG,SMZO,small_airport,Zorg en Hoop Airport,5.8112,-55.1923,10,SA,Suriname,,Paramaribo,true,150
44976,YPC,CYPC,small_airport,Paulatuk (Nora Aliqatchialuk Ruben) Airport,69.3608,-124.0755,15,NA,Canada,,Paulatuk,true,150
44736,YIO,CYIO,small_airport,Pond Inlet Airport,72.6895,-77.9689,181,NA,Canada,,Pond Inlet,true,150
44701,YHP,CYHP,small_airport,Poplar Hill Airport,52.1133,-94.2556,1095,NA,Canada,,Poplar Hill,true,150
43693,XPP,CZNG,small_airport,Poplar River Airport,52.9965,-97.2742,728,NA,Canada,,Poplar River,true,150
35375,RAN,LIDR,small_airport,Ravenna Airport,44.3643,12.225,1,EU,Italy,,Ravenna (RA),true,150
45340,YZG,CYZG,small_airport,Salluit Airport,62.1794,-75.6672,743,NA,Canada,,Salluit,true,150
43794,XSI,CZSN,small_airport,South Indian Lake Airport,56.7928,-98.9072,951,NA,Canada,,South Indian Lake,true,150
45101,YST,CYST,small_airport,St. Theresa Point Airport,53.8453,-94.852,773,NA,Canada,,St. Theresa Point,true,150
45241,YWP,CYWP,small_airport,Webequie Airport,52.9594,-87.3749,685,NA,Canada,,Webequie,true,150
42323,WNN,,small_airport,Wunnumin Lake Airport,52.8939,-89.2892,819,NA,Canada,,Wunnumin Lake,true,150
38220,THO,BITN,small_airport,Þórshöfn Airport,66.2185,-15.3347,65,EU,Iceland,,Þórshöfn,true,150
25076,JCK,YJLC,small_airport,Julia Creek Airport,-20.6683,141.723,404,OC,Australia,,,true,150
26903,KRB,YKMB,small_airport,Karumba Airport,-17.4567,140.83,5,OC,Australia,,,true,150
15348,BUC,YBKT,small_airport,Burketown Airport,-17.7486,139.534,21,OC,Australia,,,true,150
17653,DMD,YDMG,small_airport,Doomadgee Airport,-17.9403,138.822,153,OC,Australia,,,true,150
27596,LAK,CYKD,small_airport,Aklavik/Freddie Carmichael Airport,68.2233,-135.006,23,NA,Canada,,Aklavik,true,150
14070,AUU,YAUR,small_airport,Aurukun Airport,-13.354,141.72,31,OC,Australia,,Aurukun,true,150
44489,YBT,CYBT,small_airport,Brochet Airport,57.8894,-101.679,1136,NA,Canada,,Brochet,true,150
45886,ZEM,CZEM,small_airport,Eastmain River Airport,52.2264,-78.5225,24,NA,Canada,,Eastmain River,true,150
18986,ENE,WATE,small_airport,H. Hasan Aroeboesman (Ende) Airport,-8.8491,121.661,49,AS,Indonesia,,Ende,true,150
21804,GTO,WAMG,small_airport,Jalaluddin Airport,0.6371,122.85,105,AS,Indonesia,,Gorontalo,true,150
22855,HMV,ESUT,small_airport,Hemavan Airport,65.8061,15.0828,1503,EU,Sweden,,Hemavan,true,150
22943,HPB,PAHP,small_airport,Hooper Bay Airport,61.5239,-166.147,13,NA,United States,,Hooper Bay,true,150
23287,HYV,EFHV,small_airport,Hyvinkää Airfield,60.6544,24.8811,430,EU,Finland,,Hyvinkää,true,150
24099,ILF,CZBD,small_airport,Ilford Airport,56.0516,-95.6188,642,NA,Canada,,Ilford,true,150
25551,JPR,,small_airport,Ji-Paraná Airport,-10.8707,-61.8467,598,SA,Brazil,,Ji-Paraná,true,150
25116,JDO,SBJU,small_airport,Orlando Bezerra de Menezes Airport,-7.2193,-39.2691,1342,SA,Brazil,,Juazeiro do Norte,true,150
43371,XGR,CYLU,small_airport,Kangiqsualujjuaq (Georges River) Airport,58.7114,-65.9928,215,NA,Canada,,Kangiqsualujjuaq,true,150
26406,KDI,WAWW,small_airport,Haluoleo Airport,-4.0816,122.418,538,AS,Indonesia,,Kendari,true,150
38330,TKQ,HTKA,small_airport,Kigoma Airport,-4.8862,29.6709,2700,AF,Tanzania,,Kigoma,true,150
26597,KIT,LGKC,small_airport,Kithira Airport,36.274,23.0167,1045,EU,Greece,,Kithira Island,true,150
15403,BVV,UHSB,small_airport,Burevestnik Airport,44.92,147.622,79,AS,Russia,,Kurilsk,true,150
46145,ZLT,,small_airport,La Tabatière Airport,50.8308,-58.9756,102,NA,Canada,,La Tabatière,true,150
28388,LWK,EGET,small_airport,Lerwick / Tingwall Airport,60.1922,-1.2436,43,EU,United Kingdom,,"Lerwick, Shetland Islands",true,150
28432,LXS,LGLM,small_airport,Limnos Airport,39.9171,25.2363,14,EU,Greece,,Limnos Island,true,150
28925,MBH,YMYB,small_airport,Maryborough Airport,-25.5135,152.7136,38,OC,Australia,,Maryborough,true,150
29494,MRA,HLMS,small_airport,Misrata International Airport,32.325,15.061,60,AF,Libya,,Misrata,true,150
29351,MNB,FZAG,small_airport,Muanda Airport,-5.9306,12.3513,89,AF,Democratic Republic of the Congo,,Muanda,true,150
29530,MSA,CZMD,small_airport,Muskrat Dam Airport,53.4414,-91.7628,911,NA,Canada,,Muskrat Dam,true,150
42536,WTK,PAWN,small_airport,Noatak Airport,67.5612,-162.9805,88,NA,United States,,Noatak,true,150
43688,XPK,CZFG,small_airport,Pukatawagan Airport,55.7492,-101.266,958,NA,Canada,,Pukatawagan,true,150
38388,TMC,WATK,small_airport,Tambolaka Airport,-9.4092,119.2426,161,AS,Indonesia,,Radamata,true,150
45064,YRS,CYRS,small_airport,Red Sucker Lake Airport,54.1672,-93.5572,729,NA,Canada,,Red Sucker Lake,true,150
45173,YUT,CYUT,small_airport,Naujaat Airport,66.521,-86.2252,80,NA,Canada,,Repulse Bay,true,150
36046,RTA,NFNR,small_airport,Rotuma Airport,-12.4825,177.071,22,OC,Fiji,,Rotuma,true,150
46351,ZRJ,CZRJ,small_airport,Round Lake (Weagamow Lake) Airport,52.9436,-91.3128,974,NA,Canada,,Round Lake,true,150
45106,YSY,CYSY,small_airport,Sachs Harbour (David Nasogaluak Jr. Saaryuaq) Airport,71.9939,-125.243,282,NA,Canada,,Sachs Harbour,true,150
45092,YSK,CYSK,small_airport,Sanikiluaq Airport,56.5369,-79.2502,104,NA,Canada,,Sanikiluaq,true,150
24140,IMK,VNST,small_airport,Simikot Airport,29.9711,81.8189,9246,AS,Nepal,,Simikot,true,150
37466,SWQ,WADS,small_airport,Sultan Muhammad Kaharuddin III Airport,-8.489,117.412,16,AS,Indonesia,,Sumbawa Besar,true,150
25666,JSY,LGSO,small_airport,Syros Airport,37.4228,24.9509,236,EU,Greece,,Syros Island,true,150
43833,XTL,CYBQ,small_airport,Tadoule Lake Airport,58.7063,-98.5111,923,NA,Canada,,Tadoule Lake,true,150
45305,YYH,CYYH,small_airport,Taloyoak Airport,69.5467,-93.5767,92,NA,Canada,,Taloyoak,true,150
44694,YHI,CYHI,small_airport,Ulukhaktok Holman Airport,70.7628,-117.806,117,NA,Canada,,Ulukhaktok,true,150
41997,WEL,FAWM,small_airport,Welkom Airport,-27.9968,26.6633,4421,AF,South Africa,,Welkom,true,150
21981,GYL,YARG,small_airport,Argyle Airport,-16.6369,128.4514,522,OC,Australia,,,true,150
31948,ONG,YMTI,small_airport,Mornington Island Airport,-16.6625,139.178,33,OC,Australia,,,true,150
35446,RCM,YRMD,small_airport,Richmond Airport,-20.7019,143.115,676,OC,Australia,,,true,150
36888,SGO,YSGE,small_airport,St George Airport,-28.0497,148.595,656,OC,Australia,,,true,150
37283,SRN,YSRN,small_airport,Strahan Airport,-42.155,145.292,20,OC,Australia,,,true,150
13711,AKV,CYKO,small_airport,Akulivik Airport,60.8186,-78.1486,75,NA,Canada,,Akulivik,true,150
44457,YAX,,small_airport,Wapekeka Airport,53.8492,-89.5794,712,NA,Canada,,Angling Lake,true,150
25702,JTY,LGPL,small_airport,Astypalaia Airport,36.5799,26.3758,165,EU,Greece,,Astypalaia Island,true,150
14015,ATB,HSAT,small_airport,Atbara Airport,17.7099,34.0572,1181,AF,Sudan,,Atbara,true,150
21396,GIC,YBOI,small_airport,Boigu Island Airport,-9.2328,142.218,23,OC,Australia,,Boigu Island,true,150
15354,BUI,,small_airport,Bokondini Airport,-3.6846,138.6774,4550,AS,Indonesia,,Bokondini,true,150
16554,CRU,TGPZ,small_airport,Lauriston Airport,12.4761,-61.4728,5,NA,Grenada,,Carriacou Island,true,150
28150,LPY,LFHP,small_airport,Le Puy-Loudes Airfield,45.0807,3.7629,2731,EU,France,,"Chaspuzac, Haute-Loire",true,150
40556,VAK,PAVA,small_airport,Chevak Airport,61.5409,-165.6005,75,NA,United States,,Chevak,true,150
16364,CMK,FWCM,small_airport,Club Makokola Airport,-14.3065,35.1315,1587,AF,Malawi,,Club Makokola,true,150
44530,YCY,CYCY,small_airport,Clyde River Airport,70.4861,-68.5167,87,NA,Canada,,Clyde River,true,150
32161,OTD,,small_airport,Raul Arias Espinoza Airport,8.6288,-79.0347,43,NA,Panama,,Contadora Island,true,150
16806,CYU,RPLO,small_airport,Cuyo Airport,10.8581,121.069,0,AS,Philippines,,Cuyo,true,150
17526,DIU,VADU,small_airport,Diu Airport,20.7142,70.9219,31,AS,India,,Diu,true,150
20102,FIE,EGEF,small_airport,Fair Isle Airport,59.5347,-1.6285,223,EU,United Kingdom,,Fair Isle,true,150
19849,FBD,OAFZ,small_airport,Fayzabad Airport,37.1221,70.5201,3872,AS,Afghanistan,,Fayzabad,true,150
20549,FUT,NLWF,small_airport,Pointe Vele Airport,-14.3116,-178.0665,20,OC,Wallis and Futuna,,Futuna Island,true,150
45046,YRA,CYRA,small_airport,Rae Lakes Airport,64.1161,-117.31,723,NA,Canada,,Gamètì,true,150
21599,GNZ,FBGZ,small_airport,Ghanzi Airport,-21.6925,21.6581,3730,AF,Botswana,,Ghanzi,true,150
21340,GGS,SAWR,small_airport,Gobernador Gregores Airport,-48.7831,-70.15,356,SA,Argentina,,Gobernador Gregores,true,150
44700,YHO,CYHO,small_airport,Hopedale Airport,55.4488,-60.2281,39,NA,Canada,,Hopedale,true,150
23143,HUV,ESNH,small_airport,Hudiksvall Airport,61.7681,17.0807,93,EU,Sweden,,Hudiksvall,true,150
25292,JIK,LGIK,small_airport,Ikaria Airport,37.6827,26.3471,79,EU,Greece,,Ikaria Island,true,150
24238,IPA,NVVI,small_airport,Ipota Airport,-18.8564,169.2833,23,OC,Vanuatu,,Ipota,true,150
44732,YIK,CYIK,small_airport,Ivujivik Airport,62.4173,-77.9253,126,NA,Canada,,Ivujivik,true,150
13945,ARD,WATM,small_airport,Alor Island - Mali Airport,-8.1323,124.597,10,AS,Indonesia,,Kabola,true,150
26415,KDR,AYKC,small_airport,Kandrian Airport,-6.1922,149.5478,280,OC,Papua New Guinea,,Kandrian,true,150
45227,YWB,CYKG,small_airport,Kangiqsujuaq (Wakeham Bay) Airport,61.5886,-71.9294,501,NA,Canada,,Kangiqsujuaq,true,150
44800,YKG,CYAS,small_airport,Kangirsuk Airport,60.0272,-69.9992,403,NA,Canada,,Kangirsuk,true,150
26582,KIE,AYIQ,small_airport,Aropa Airport,-6.3057,155.7282,20,OC,Papua New Guinea,,Kieta,true,150
26583,KIF,,small_airport,Kingfisher Lake Airport,53.0125,-89.8553,866,NA,Canada,,Kingfisher Lake,true,150
44471,YBB,CYBB,small_airport,Kugaaruk Airport,68.5357,-89.8055,56,NA,Canada,,Kugaaruk,true,150
44837,YLH,CYLH,small_airport,Lansdowne House Airport,52.1956,-87.9342,834,NA,Canada,,Lansdowne House,true,150
28198,LRA,LGLR,small_airport,Larissa Air Base,39.6503,22.4655,241,EU,Greece,,Larissa,true,150
28402,LWY,WBGW,small_airport,Lawas Airport,4.8492,115.408,5,AS,Malaysia,,Lawas,true,150
27732,LEC,SBLE,small_airport,Coronel Horácio de Mattos Airport,-12.4823,-41.277,1676,SA,Brazil,,Lençóis,true,150
28256,LSW,WIMA,small_airport,Malikus Saleh Airport,5.2267,96.9503,90,AS,Indonesia,,Lhok Seumawe-Sumatra Island,true,150
28093,LOD,NVSG,small_airport,Longana Airport,-15.3067,167.967,167,OC,Vanuatu,,Longana,true,150
28058,LNE,NVSO,small_airport,Lonorore Airport,-15.8656,168.172,43,OC,Vanuatu,,Lonorore,true,150
44879,YMN,CYFT,small_airport,Makkovik Airport,55.0773,-59.1879,234,NA,Canada,,Makkovik,true,150
29355,MNF,NFMA,small_airport,Mana Island Airport,-17.6728,177.0985,0,OC,Fiji,,Mana Island,true,150
29735,MXZ,ZGMX,small_airport,Meizhou Meixian Changgangji International Airport,24.2634,116.0979,312,AS,China,,Meizhou (Meixian),true,150
29406,MOU,PAMO,small_airport,Mountain Village Airport,62.0954,-163.682,337,NA,United States,,Mountain Village,true,150
30192,NAO,ZUNC,small_airport,Nanchong Gaoping Airport,30.7981,106.1642,1145,AS,China,,Nanchong (Gaoping),true,150
44916,YNO,,small_airport,North Spirit Lake Airport,52.49,-92.9711,1082,NA,Canada,,North Spirit Lake,true,150
44944,YOG,CYKP,small_airport,Ogoki Post Airport,51.6586,-85.9017,594,NA,Canada,,Ogoki Post,true,150
32108,ORW,OPOR,small_airport,Ormara Airport,25.2766,64.5883,10,AS,Pakistan,,Ormara Raik,true,150
33321,PPL,VNPL,small_airport,Phaplu Airport,27.5178,86.585,7918,AS,Nepal,,Phaplu,true,150
18639,EDR,YPMP,small_airport,Pormpuraaw Airport,-14.8965,141.6091,10,OC,Australia,,Pormpuraaw,true,150
46272,ZPC,SCPC,small_airport,Pucón Airport,-39.2928,-71.9159,853,SA,Chile,,Pucon,true,150
13355,AAZ,MGQZ,small_airport,Quezaltenango Airport,14.8656,-91.502,7779,NA,Guatemala,,Quezaltenango,true,150
31878,OLI,BIRF,small_airport,Rif Airport,64.9114,-23.8182,18,EU,Iceland,,Rif,true,150
36700,SBG,WITN,small_airport,Maimun Saleh Airport,5.8747,95.3397,393,AS,Indonesia,,Sabang,true,150
36753,SCX,MMSZ,small_airport,Estación Aeronaval de Salina Cruz,16.2126,-95.2016,75,NA,Mexico,,Salina Cruz,true,150
37106,SMQ,WAGS,small_airport,Sampit (H.Asan) Airport,-2.4992,112.975,50,AS,Indonesia,,Sampit,true,150
30310,NDY,EGES,small_airport,Sanday Airport,59.2503,-2.5767,68,EU,United Kingdom,,Sanday,true,150
36755,SCZ,AGGL,small_airport,Santa Cruz/Graciosa Bay/Luova Airport,-10.7203,165.795,18,OC,Solomon Islands,,Santa Cruz/Graciosa Bay/Luova,true,150
37270,SRA,SSZR,small_airport,Luis Alberto Lehr Airport,-27.9066,-54.5206,1014,SA,Brazil,,Santa Rosa,true,150
36742,SCM,PACM,small_airport,Scammon Bay Airport,61.8447,-165.5752,14,NA,United States,,Scammon Bay,true,150
36951,SIF,VNSI,small_airport,Simara Airport,27.1598,84.98,450,AS,Nepal,,Simara,true,150
37062,SLI,FLSW,small_airport,Solwesi Airport,-12.1737,26.3651,4551,AF,Zambia,,Solwesi,true,150
34810,QUY,EGUY,small_airport,RAF Wyton,52.3571,-0.1078,135,EU,United Kingdom,,"St Ives, Cambridgeshire",true,150
36840,SFC,TFFC,small_airport,St-François Airport,16.2578,-61.2625,10,NA,Guadeloupe,,St-François,true,150
44637,YFX,,small_airport,St. Lewis (Fox Harbour) Airport,52.3728,-55.6739,74,NA,Canada,,St. Lewis,true,150
19276,EVG,ESND,small_airport,Sveg Airport,62.0478,14.4229,1178,EU,Sweden,,Sveg,true,150
38267,TIZ,AYTA,small_airport,Tari Airport,-5.845,142.948,5500,OC,Papua New Guinea,,Tari,true,150
45134,YTQ,CYTQ,small_airport,Tasiujaq Airport,58.6678,-69.9558,122,NA,Canada,,Tasiujaq,true,150
46415,ZTB,,small_airport,Tête-à-la-Baleine Airport,50.6744,-59.3836,107,NA,Canada,,Tête-à-la-Baleine,true,150
38464,TOG,PATG,small_airport,Togiak Airport,59.0528,-160.397,21,NA,United States,,Togiak Village,true,150
38480,TOW,SBTD,small_airport,Toledo - Luiz Dalcanale Filho Municipal Airport,-24.6863,-53.6975,1843,SA,Brazil,,Toledo,true,150
38142,TFI,AYTU,small_airport,Tufi Airport,-9.076,149.3198,85,OC,Papua New Guinea,,Tufi,true,150
38353,TLD,FBTL,small_airport,Tuli Lodge Airport,-22.1919,29.1312,1772,AF,Botswana,,Tuli Lodge,true,150
39265,UAP,NTMP,small_airport,Ua Pou Airport,-9.3517,-140.078,16,OC,French Polynesia,,Ua Pou,true,150
22805,HLH,ZBUL,small_airport,Ulanhot Yilelite Airport,46.1953,122.0083,0,AS,China,,Ulanhot,true,150
45157,YUD,CYMU,small_airport,Umiujaq Airport,56.5361,-76.5183,250,NA,Canada,,Umiujaq,true,150
25570,JQA,BGUQ,small_airport,Qaarsut Airport,70.7342,-52.6962,289,NA,Greenland,,Uummannaq,true,150
41033,VNT,EVVA,small_airport,Ventspils International Airport,57.3578,21.5442,19,EU,Latvia,,Ventspils,true,150
42099,WHF,HSSW,small_airport,Wadi Halfa Airport,21.8027,31.5216,933,AF,Sudan,,Wadi Halfa,true,150
20224,FLS,YFLI,small_airport,Flinders Island Airport,-40.0917,147.993,10,OC,Australia,,Whitemark,true,150
39699,UMR,YPWR,small_airport,Woomera Airfield,-31.1442,136.817,548,OC,Australia,,Woomera,true,150
26476,KFG,YKKG,small_airport,Kalkgurung Airport,-17.4319,130.808,646,OC,Australia,,,true,150
27741,LEL,YLEV,small_airport,Lake Evella Airport,-12.4989,135.806,256,OC,Australia,,,true,150
33212,PMK,YPAM,small_airport,Palm Island Airport,-18.7553,146.581,28,OC,Australia,,,true,150
16392,CNC,YCCT,small_airport,Coconut Island Airport,-10.0501,143.07,3,OC,Australia,,,true,150
38459,TOB,HLTQ,small_airport,Tobruk International Airport,31.861,23.907,519,AF,Libya,,Adam,true,150
39647,ULB,NVSU,small_airport,Uléi Airport,-16.3297,168.3011,170,OC,Vanuatu,,Ambrym Island,true,150
14074,AUY,NVVA,small_airport,Aneityum Airport,-20.2491,169.7708,7,OC,Vanuatu,,Anatom Island,true,150
13690,AKA,ZLAK,small_airport,Ankang Fuqiang Airport,32.757,108.8734,1209,AS,China,,Ankang (Hanbin),true,150
26952,KSO,LGKA,small_airport,Kastoria National Airport Aristotle,40.4463,21.2822,2167,EU,Greece,,Argos Orestiko,true,150
13638,AIU,NCAT,small_airport,Enua Airport,-19.9678,-158.119,36,OC,Cook Islands,,Atiu Island,true,150
14017,ATD,AGAT,small_airport,Uru Harbour Airport,-8.8733,161.011,0,OC,Solomon Islands,,Atoifi,true,150
13708,AKS,AGGA,small_airport,Gwaunaru'u Airport,-8.7026,160.682,5,OC,Solomon Islands,,Auki,true,150
44983,YPJ,CYLA,small_airport,Aupaluk Airport,59.2967,-69.5997,119,NA,Canada,,Aupaluk,true,150
14737,BDD,YBAU,small_airport,Badu Island Airport,-10.1495,142.1737,14,OC,Australia,,Badu Island,true,150
14644,BAS,AGGE,small_airport,Ballalae Airport,-6.9907,155.8867,5,OC,Solomon Islands,,Ballalae,true,150
15072,BMO,VYBM,small_airport,Banmaw Airport,24.2704,97.2476,370,AS,Myanmar,,Banmaw,true,150
15109,BNP,OPBN,small_airport,Bannu Airport,32.9729,70.5279,1325,AS,Pakistan,,Bannu,true,150
14891,BHN,OYBN,small_airport,Beihan Airport,14.7817,45.7197,3800,AS,Yemen,,Beihan,true,150
14749,BDP,VNCG,small_airport,Bhadrapur Airport,26.5708,88.0796,300,AS,Nepal,,Bhadrapur,true,150
14852,BGK,,small_airport,Big Creek Airport,16.5194,-88.4079,22,NA,Belize,,Big Creek,true,150
14988,BKC,PABL,small_airport,Buckland Airport,65.9816,-161.149,31,NA,United States,,Buckland,true,150
15011,BKZ,HTBU,small_airport,Bukoba Airport,-1.332,31.8212,3784,AF,Tanzania,,Bukoba,true,150
15360,BUO,HCMV,small_airport,Burao Airport,9.5275,45.5549,3400,AF,Somalia,,Burao,true,150
27751,LEV,NFNB,small_airport,Levuka Airfield,-17.7111,178.759,11,OC,Fiji,,Bureta,true,150
16217,CIH,ZBCZ,small_airport,Changzhi Wangcun Airport,36.2475,113.126,0,AS,China,,Changzhi,true,150
16085,CET,LFOU,small_airport,Cholet Le Pontreau airfield,47.0821,-0.8771,443,EU,France,,Cholet,true,150
17254,DBA,OPDB,small_airport,Dalbandin Airport,28.8783,64.3998,2800,AS,Pakistan,,Dalbandin,true,150
30579,NLF,YDNI,small_airport,Darnley Island Airport,-9.5792,143.7803,0,OC,Australia,,Darnley Island,true,150
17905,DTD,WALJ,small_airport,Datadawai Airport,0.807,114.5291,508,AS,Indonesia,,Datadawai-Borneo Island,true,150
17241,DAX,ZUDX,small_airport,Dachuan Airport,31.1302,107.4295,0,AS,China,,Dazhou (Daxian),true,150
17374,DEM,HADD,small_airport,Dembidollo Airport,8.554,34.858,5200,AF,Ethiopia,,Dembidollo,true,150
17737,DOP,VNDP,small_airport,Dolpa Airport,28.9857,82.8187,8200,AS,Nepal,,Dolpa,true,150
18914,ELE,,small_airport,EL Real Airport,8.1072,-77.7255,65,NA,Panama,,El Real de Santa María,true,150
19001,ENT,PKMA,small_airport,Eniwetok Airport,11.3407,162.328,13,OC,Marshall Islands,,Eniwetok Atoll,true,150
19810,FAA,GUFH,small_airport,Faranah Airport,10.0355,-10.7698,1476,AF,Guinea,,Faranah,true,150
20502,FTI,NSFQ,small_airport,Fitiuta Airport,-14.2161,-169.4238,110,OC,American Samoa,,Fitiuta Village,true,150
20314,FOA,,small_airport,Foula Airfield,60.1219,-2.0534,150,EU,United Kingdom,,Foula,true,150
20721,FZL,UBBF,small_airport,Fuzuli International Airport,39.5946,47.1961,1247,AS,Azerbaijan,,Fuzuli,true,150
21512,GLK,HCMR,small_airport,Galcaio Airport,6.7808,47.4547,975,AF,Somalia,,Galcaio,true,150
21129,GAX,FOGX,small_airport,Gamba Airport,-2.7853,10.0472,30,AF,Gabon,,Gamba,true,150
21546,GMI,AYGT,small_airport,Gasmata Island Airport,-6.2711,150.331,23,OC,Papua New Guinea,,Gasmata Island,true,150
22020,GZO,AGGN,small_airport,Nusatupe Airport,-8.0978,156.864,13,OC,Solomon Islands,,Gizo,true,150
17869,DSD,TFFA,small_airport,La Désirade Airport,16.2969,-61.0844,10,NA,Guadeloupe,,Grande Anse,true,150
22803,HLF,ESSF,small_airport,Hultsfred Airport,57.5258,15.8233,366,EU,Sweden,,Hultsfred,true,150
22513,HDD,OPKD,small_airport,Hyderabad Airport,25.3181,68.3661,130,AS,Pakistan,,Hyderabad,true,150
24182,INQ,EIIR,small_airport,Inisheer Aerodrome,53.0647,-9.5109,40,EU,Ireland,,Inis Oírr,true,150
39268,UAS,HKSB,small_airport,Samburu Airport,0.5341,37.532,3295,AF,Kenya,,Isiolo West,true,150
25010,JAQ,,small_airport,Jacquinot Bay Airport,-5.6525,151.507,136,OC,Papua New Guinea,,Jacquinot Bay,true,150
25574,JQE,MPJE,small_airport,Jaqué Airport,7.5178,-78.1572,29,NA,Panama,,Jaqué,true,150
25726,JUM,VNJL,small_airport,Jumla Airport,29.2742,82.1933,7700,AS,Nepal,,Jumla,true,150
26437,KED,GQNK,small_airport,Kaédi Airport,16.1595,-13.5076,75,AF,Mauritania,,Kaédi,true,150
26313,KAX,YKBR,small_airport,Kalbarri Airport,-27.6928,114.2592,157,OC,Australia,,Kalbarri,true,150
26692,KLG,PALG,small_airport,Kalskag Airport,61.5363,-160.341,55,NA,United States,,Kalskag,true,150
26926,KRY,ZWKM,small_airport,Karamay Airport,45.4665,84.9527,0,AS,China,,Karamay,true,150
27208,KZS,LGKJ,small_airport,Kastelorizo Airport,36.1417,29.5764,489,AS,Greece,,Kastelorizo Island,true,150
26401,KDD,OPKH,small_airport,Khuzdar Airport,27.7906,66.6473,4012,AS,Pakistan,,Khuzdar,true,150
26910,KRI,AYKK,small_airport,Kikori Airport,-7.4244,144.2501,50,OC,Papua New Guinea,,Kikori,true,150
44832,YLC,CYLC,small_airport,Kimmirut Airport,62.8483,-69.8779,175,NA,Canada,,Kimmirut,true,150
26653,KKD,AYKO,small_airport,Kokoda Airport,-8.8847,147.731,1240,OC,Papua New Guinea,,Kokoda,true,150
26796,KOC,NWWK,small_airport,Koumac Airport,-20.5463,164.2556,42,OC,New Caledonia,,Koumac,true,150
27016,KUG,YKUB,small_airport,Kubin Island Airport,-10.2265,142.2196,15,OC,Australia,,Kubin Island,true,150
27013,KUD,WBKT,small_airport,Kudat Airport,6.9241,116.8371,10,AS,Malaysia,,Kudat,true,150
26362,KCA,ZWKC,small_airport,Kuqa Qiuci Airport,41.6779,82.8729,3524,AS,China,,Kuqa,true,150
27947,LKB,NFNK,small_airport,Lakeba Island Airport,-18.1992,-178.817,280,OC,Fiji,,Lakeba Island,true,150
28055,LNB,NVSM,small_airport,Lamen Bay Airport,-16.5842,168.159,7,OC,Vanuatu,,Lamen Bay,true,150
28356,LVO,YLTN,small_airport,Laverton Airport,-28.6143,122.4287,1530,OC,Australia,,Laverton,true,150
28216,LRS,LGLE,small_airport,Leros Airport,37.1849,26.8003,39,EU,Greece,,Leros Island,true,150
27910,LJA,FZVA,small_airport,Lodja Airport,-3.4627,23.6152,1647,AF,Democratic Republic of the Congo,,Lodja,true,150
28075,LNV,AYKY,small_airport,Londolovit Airport,-3.0436,152.629,167,OC,Papua New Guinea,,Londolovit,true,150
28146,LPU,WAQL,small_airport,Long Apung Airport,1.7069,114.9699,2437,AS,Indonesia,,Long Apung-Borneo Island,true,150
27637,LBP,,small_airport,Long Banga Airport,3.2021,115.4018,750,AS,Malaysia,,Long Banga,true,150
28420,LXG,VLLN,small_airport,Luang Namtha Airport,20.967,101.4,1968,AS,Laos,,Luang Namtha,true,150
29210,MJE,,small_airport,Majkin Airport,8.1634,168.1739,24,OC,Marshall Islands,,Majkin,true,150
28903,MAV,,small_airport,Maloelap Island Airport,8.7044,171.23,4,OC,Marshall Islands,,Maloelap Island,true,150
33459,PTF,NFFO,small_airport,Malolo Lailai Island Airport,-17.7784,177.197,10,OC,Fiji,,Malolo Lailai Island,true,150
29157,MHX,NCMH,small_airport,Manihiki Island Airport,-10.3809,-160.9994,11,OC,Cook Islands,,Manihiki Island,true,150
29289,MLL,PADM,small_airport,Marshall Don Hunter Sr Airport,61.8643,-162.026,103,NA,United States,,Marshall,true,150
44873,YMH,CYMH,small_airport,Mary's Harbour Airport,52.3028,-55.8474,38,NA,Canada,,Mary's Harbour,true,150
28901,MAT,FZAM,small_airport,Tshimpi Airport,-5.7996,13.4404,1115,AF,Democratic Republic of the Congo,,Matadi,true,150
29612,MUK,NCMK,small_airport,Mauke Airport,-20.1361,-157.345,26,OC,Cook Islands,,Mauke Island,true,150
29370,MNU,VYMM,small_airport,Mawlamyine Airport,16.4447,97.6607,52,AS,Myanmar,,Mawlamyine,true,150
28975,MCV,YMHU,small_airport,McArthur River Mine Airport,-16.4425,136.084,131,OC,Australia,,McArthur River Mine,true,150
29394,MOI,NCMR,small_airport,Mitiaro Island Airport,-19.8425,-157.703,25,OC,Cook Islands,,Mitiaro Island,true,150
29717,MXH,AYMR,small_airport,Moro Airport,-6.3633,143.238,2740,OC,Papua New Guinea,,Moro,true,150
29754,MYI,YMAE,small_airport,Murray Island Airport,-9.9151,144.0546,300,OC,Australia,,Murray Island,true,150
29627,MUZ,HTMU,small_airport,Musoma Airport,-1.503,33.8021,3806,AF,Tanzania,,Musoma,true,150
32821,PBP,MRIA,small_airport,Islita Airport,9.8561,-85.3708,7,NA,Costa Rica,,Nandayure,true,150
30801,NRL,EGEN,small_airport,North Ronaldsay Airport,59.3675,-2.4344,40,EU,United Kingdom,,North Ronaldsay,true,150
30774,NQU,SKNQ,small_airport,Reyes Murillo Airport,5.7103,-77.2619,12,SA,Colombia,,Nuquí,true,150
32101,ORP,FBOR,small_airport,Orapa Airport,-21.2659,25.3197,3100,AF,Botswana,,Orapa,true,150
32132,OSK,ESMO,small_airport,Oskarshamn Airport,57.3505,16.498,96,EU,Sweden,,Oskarshamn,true,150
31606,ODY,VLOS,small_airport,Oudomsay Airport,20.6827,101.994,1804,AS,Laos,,Oudomsay,true,150
32779,PAJ,OPPC,small_airport,Parachinar Airport,33.9021,70.0716,5800,AS,Pakistan,,Parachinar,true,150
37323,SSR,NVSH,small_airport,Sara Airport,-15.4708,168.152,493,OC,Vanuatu,,Pentecost Island,true,150
44686,YHA,,small_airport,Port Hope Simpson Airport,52.5281,-56.2861,347,NA,Canada,,Port Hope Simpson,true,150
45012,YQC,CYHA,small_airport,Quaqtaq Airport,61.0464,-69.6178,103,NA,Canada,,Quaqtaq,true,150
35841,RNL,AGGR,small_airport,Rennell/Tingoa Airport,-11.55,160.0628,550,OC,Solomon Islands,,Rennell Island,true,150
45052,YRG,,small_airport,Rigolet Airport,54.1797,-58.4575,180,NA,Canada,,Rigolet,true,150
31636,OES,SAVN,small_airport,Antoine de Saint Exupéry Airport,-40.7512,-65.0343,85,SA,Argentina,,San Antonio Oeste,true,150
36849,SFL,GVSF,small_airport,São Filipe Airport,14.885,-24.48,617,AF,Cape Verde,,São Filipe,true,150
37277,SRH,FTTA,small_airport,Sarh Airport,9.1444,18.3744,1198,AF,Chad,,Sarh,true,150
42248,WLK,PASK,small_airport,Selawik Airport,66.6001,-159.986,17,NA,United States,,Selawik,true,150
36809,SEH,WAJS,small_airport,Senggeh Airport,-3.4424,140.7781,914,AS,Indonesia,,Senggeh,true,150
37473,SWX,FBSW,small_airport,Shakawe Airport,-18.3739,21.8326,3379,AF,Botswana,,Shakawe,true,150
36934,SHY,HTSY,small_airport,Shinyanga Airport,-3.6093,33.5035,3800,AF,Tanzania,,Shinyanga,true,150
36912,SHC,HASR,small_airport,Shire Inda Selassie Airport,14.0757,38.2736,6207,AF,Ethiopia,,Shire Inda Selassie,true,150
36917,SHH,PASH,small_airport,Shishmaref Airport,66.2496,-166.0891,12,NA,United States,,Shishmaref,true,150
37038,SKU,LGSY,small_airport,Skiros Airport,38.9676,24.4872,44,EU,Greece,,Skiros Island,true,150
16577,CSH,,small_airport,Solovki Airport,65.03,35.7306,60,EU,Russia,,Solovetsky Islands,true,150
26346,KBU,WAOK,small_airport,Gusti Syamsir Alam Airport,-3.2948,116.1638,4,AS,Indonesia,,Stagen,true,150
37186,SOY,EGER,small_airport,Stronsay Airport,59.1553,-2.6414,39,EU,United Kingdom,,Stronsay,true,150
37542,SYU,YWBS,small_airport,Warraber Island Airport,-10.2083,142.825,3,OC,Australia,,Sue Islet,true,150
37395,SUR,,small_airport,Summer Beaver Airport,52.7086,-88.5419,832,NA,Canada,,Summer Beaver,true,150
37025,SKH,VNSK,small_airport,Surkhet Airport,28.586,81.636,2400,AS,Nepal,,Surkhet,true,150
37996,TBG,AYTB,small_airport,Tabubil Airport,-5.2805,141.2276,1570,OC,Papua New Guinea,,Tabubil,true,150
38033,TCH,FOOT,small_airport,Tchibanga Airport,-2.8885,10.9554,269,AF,Gabon,,Tchibanga,true,150
42544,WTS,FMMX,small_airport,Tsiroanomandidy Airport,-18.7597,46.0541,2776,AF,Madagascar,,Tsiroanomandidy,true,150
39257,UAH,NTMU,small_airport,Ua Huka Airport,-8.9362,-139.5541,160,OC,French Polynesia,,Ua Huka,true,150
25735,JUV,BGUK,small_airport,Upernavik Airport,72.7902,-56.1306,414,NA,Greenland,,Upernavik,true,150
39546,UII,MHUT,small_airport,Utila Airport,16.1131,-86.8803,29,NA,Honduras,,Utila Island,true,150
39944,UTK,,small_airport,Utirik Airport,11.2222,169.8514,4,OC,Marshall Islands,,Utirik Island,true,150
40603,VBV,NFVB,small_airport,Vanua Balavu Airport,-17.269,-178.976,76,OC,Fiji,,Vanua Balavu,true,150
26419,KDV,NFKD,small_airport,Vunisea Airport,-19.0581,178.157,6,OC,Fiji,,Vunisea,true,150
15082,BMY,NWWC,small_airport,Île Art - Waala Airport,-19.7205,163.6611,306,OC,New Caledonia,,Waala,true,150
42073,WGP,WATU,small_airport,Umbu Mehang Kunda Airport,-9.6692,120.302,33,AS,Indonesia,,Waingapu-Sumba Island,true,150
44834,YLE,,small_airport,Whatì Airport,63.1317,-117.246,882,NA,Canada,,Whatì,true,150
45238,YWM,,small_airport,Williams Harbour Airport,52.5674,-55.7849,70,NA,Canada,,Williams Harbour,true,150
42166,WJA,,small_airport,Woja Airport,7.4508,168.55,0,OC,Marshall Islands,,Woja,true,150
43594,XMY,YYMI,small_airport,Yam Island Airport,-9.8992,142.7743,0,OC,Australia,,Yam Island,true,150
31851,OKR,YYKI,small_airport,Yorke Island Airport,-9.7528,143.4057,10,OC,Australia,,Yorke Island,true,150
38430,TNI,,small_airport,Satna Airport,24.5626,80.8529,1060,AS,India,,,true,150
21849,GUX,VAGN,small_airport,Guna Airport,24.6547,77.3473,1600,AS,India,,,true,150
35374,RAM,YRNG,small_airport,Ramingining Airport,-12.3564,134.898,206,OC,Australia,,,true,150
33145,PKP,NTGP,small_airport,Puka Puka Airport,-14.8095,-138.8126,5,OC,French Polynesia,,,true,150
29587,MTV,NVSA,small_airport,Mota Lava Airport,-13.666,167.712,63,OC,Vanuatu,,Ablow,true,150
13600,AHS,MHAH,small_airport,Ahuas Airport,15.4722,-84.3522,249,NA,Honduras,,Ahuas,true,150
25013,JAT,,small_airport,Jabot Airport,7.7498,168.9778,20,OC,Marshall Islands,,Ailinglapalap Atoll,true,150
25147,JEJ,,small_airport,Jeh Airport,7.5654,168.962,10,OC,Marshall Islands,,Ailinglapalap Atoll,true,150
13630,AIM,,small_airport,Ailuk Airport,10.2168,169.983,0,OC,Marshall Islands,,Ailuk Island,true,150
13488,AEO,GQNA,small_airport,Aioun el Atrouss Airport,16.7113,-9.6379,951,AF,Mauritania,,Aioun El Atrouss,true,150
37963,TAJ,,small_airport,Tadji Airport,-3.1982,142.431,33,OC,Papua New Guinea,,Aitape,true,150
13746,ALU,HCMA,small_airport,Alula Airport,11.9582,50.748,6,AF,Somalia,,Alula,true,150
29789,MZH,LTAP,small_airport,Amasya Merzifon Airport,40.8294,35.522,1758,AS,Turkey,,Amasya,true,150
41854,WAM,FMMZ,small_airport,Ambatondrazaka Airport,-17.7954,48.4426,2513,AF,Madagascar,,Ambatondrazaka,true,150
13816,ANS,SPHY,small_airport,Andahuaylas Airport,-13.7064,-73.3504,11300,SA,Peru,,Andahuaylas,true,150
30372,NFO,NFTO,small_airport,Mata'aho Airport,-15.5706,-175.6313,160,OC,Tonga,,"Angaha, Niuafo'ou Island",true,150
14125,AWD,NVVB,small_airport,Aniwa Airport,-19.2346,169.6009,69,OC,Vanuatu,,Aniwa,true,150
25750,JVA,FMMK,small_airport,Ankavandra Airport,-18.805,45.2735,427,AF,Madagascar,,Ankavandra,true,150
41858,WAQ,FMMG,small_airport,Antsalova Airport,-18.7013,44.6149,551,AF,Madagascar,,Antsalova,true,150
13880,APK,NTGD,small_airport,Apataki Airport,-15.5736,-146.415,8,OC,French Polynesia,,Apataki,true,150
14061,AUL,,small_airport,Aur Island Airport,8.1453,171.173,0,OC,Marshall Islands,,Aur Atoll,true,150
14998,BKM,WBGQ,small_airport,Bakalalan Airport,3.974,115.618,2900,AS,Malaysia,,Bakalalan,true,150
23927,IGN,RPMI,small_airport,Maria Cristina (Iligan) Airport,8.1305,124.215,1300,AS,Philippines,,Balo-i,true,150
15294,BSU,FZEN,small_airport,Basankusu Airport,1.2248,19.7881,1217,AF,Democratic Republic of the Congo,,Basankusu,true,150
14679,BBR,TFFB,small_airport,Basse-Terre Baillif Airport,16.0136,-61.7429,59,NA,Guadeloupe,,Basse-Terre,true,150
14778,BEI,HABE,small_airport,Beica Airport,9.3864,34.5219,5410,AF,Ethiopia,,Beica,true,150
15028,BLG,WBGC,small_airport,Belaga Airport,2.6521,113.767,200,AS,Malaysia,,Belaga,true,150
15061,BMD,FMML,small_airport,Belo sur Tsiribihina Airport,-19.6867,44.5419,154,AF,Madagascar,,Belo sur Tsiribihina,true,150
14922,BII,,small_airport,Bikini Atoll Airport,11.5225,165.5651,0,OC,Marshall Islands,,Bikini Atoll,true,150
36681,SAX,,small_airport,Sambú Airport,8.0263,-78.2096,32,NA,Panama,,Boca de Sábalo,true,150
15130,BOA,FZAJ,small_airport,Boma Airport,-5.854,13.064,26,AF,Democratic Republic of the Congo,,Boma,true,150
15477,BXX,,small_airport,Borama Airport,9.9463,43.1495,0,AF,Somalia,,Borama,true,150
14884,BHG,,small_airport,Brus Laguna Airport,15.7631,-84.5436,19,NA,Honduras,,Brus Laguna,true,150
16225,CIP,FLCP,small_airport,Chipata Airport,-13.5583,32.5872,3360,AF,Zambia,,Chipata,true,150
23778,ICI,NFCI,small_airport,Cicia Airport,-17.7433,-179.342,13,OC,Fiji,,Cicia,true,150
38472,TOO,MRSV,small_airport,San Vito de Java Airport,8.827,-82.9589,3228,NA,Costa Rica,,Coto Brus,true,150
16015,CCV,NVSF,small_airport,Craig Cove Airport,-16.265,167.924,69,OC,Vanuatu,,Craig Cove,true,150
16398,CNI,ZYCH,small_airport,Changhai Dachangshandao Airport,39.2664,122.667,80,AS,China,,Dalian (Changhai),true,150
17638,DLY,NVVD,small_airport,Dillon's Bay Airport,-18.7694,169.001,630,OC,Vanuatu,,Dillon's Bay,true,150
18518,EAE,NVSE,small_airport,Siwo Airport,-17.0903,168.343,7,OC,Vanuatu,,Emae Island,true,150
40960,VLS,NVSV,small_airport,Valesdir Airport,-16.7961,168.177,10,OC,Vanuatu,,Epi Island,true,150
19234,EUA,NFTE,small_airport,Kaufana Airport,-21.3783,-174.958,325,OC,Tonga,,Eua Island,true,150
36118,RVA,FMSG,small_airport,Farafangana Airport,-22.8053,47.8206,26,AF,Madagascar,,Farafangana,true,150
20426,FRE,AGGF,small_airport,Fera/Maringe Airport,-8.1075,159.577,9,OC,Solomon Islands,,Fera Island,true,150
20104,FIG,GUFA,small_airport,Fria Airport,10.3506,-13.5692,499,AF,Guinea,,Fria,true,150
31880,OLK,SGOL,small_airport,Aeródromo de Fuerte,-21.0457,-57.8829,270,SA,Paraguay,,Fuerte Olimpo,true,150
20494,FTA,NVVF,small_airport,Futuna Airport,-19.5164,170.232,95,OC,Vanuatu,,Futuna Island,true,150
26816,KOW,ZSGZ,small_airport,Ganzhou Huangjin Airport,25.8533,114.7789,387,AS,China,,Ganzhou,true,150
21790,GTA,AGOK,small_airport,Gatokae Aerodrome,-8.7384,158.2028,70,OC,Solomon Islands,,Gatokae,true,150
21627,GOR,HAGR,small_airport,Gore Airport,8.1614,35.5529,6580,AF,Ethiopia,,Gore,true,150
22910,HOE,VLHS,small_airport,Ban Huoeisay Airport,20.2573,100.437,1380,AS,Laos,,Huay Xai,true,150
23970,IHU,,small_airport,Ihu Airport,-7.8976,145.396,70,OC,Papua New Guinea,,Ihu,true,150
32967,PFR,FZVS,small_airport,Ilebo Airport,-4.3299,20.5901,1450,AF,Democratic Republic of the Congo,,Ilebo,true,150
23986,IIA,EIMN,small_airport,Inishmaan Aerodrome,53.093,-9.5681,15,EU,Ireland,,Inis Meáin,true,150
24180,INO,FZBA,small_airport,Inongo Airport,-1.9472,18.2858,1040,AF,Democratic Republic of the Congo,,Inongo,true,150
39557,UIT,,small_airport,Jaluit Airport,5.9092,169.6373,4,OC,Marshall Islands,,Jabor Jaluit Atoll,true,150
25302,JIU,ZSJJ,small_airport,Jiujiang Lushan Airport,29.4769,115.8011,0,AS,China,,Jiujiang,true,150
26345,KBT,,small_airport,Kaben Airport,8.9006,170.844,0,OC,Marshall Islands,,Kaben,true,150
26510,KGE,AGKG,small_airport,Kaghau Airport,-7.3305,157.585,30,OC,Solomon Islands,,Kagau Island,true,150
27034,KUY,,small_airport,Kamusi Airport,-7.4203,143.1218,97,OC,Papua New Guinea,,Kamusi,true,150
26554,KHM,VYKI,small_airport,Kanti Airport,25.9883,95.6744,6000,AS,Myanmar,,Kanti,true,150
26947,KSJ,LGKS,small_airport,Kasos Airport,35.4214,26.91,35,EU,Greece,,Kasos Island,true,150
26470,KFA,GQNF,small_airport,Kiffa Airport,16.59,-11.4062,430,AF,Mauritania,,Kiffa,true,150
26592,KIO,,small_airport,Kili Airport,5.6439,169.1246,5,OC,Marshall Islands,,Kili Island,true,150
24310,IRA,AGGK,small_airport,Ngorangora Airport,-10.4497,161.898,54,OC,Solomon Islands,,Kirakira,true,150
26927,KRZ,FZBT,small_airport,Kiri Airport,-1.4998,18.9285,1013,AF,Democratic Republic of the Congo,,Kiri,true,150
27057,KVL,PAVL,small_airport,Kivalina Airport,67.7346,-164.5599,13,NA,United States,,Kivalina,true,150
27123,KXF,NFNO,small_airport,Koro Island Airport,-17.3458,179.422,358,OC,Fiji,,Koro Island,true,150
28129,LPD,SKLP,small_airport,La Pedrera Airport,-1.3249,-69.5813,590,SA,Colombia,,La Pedrera,true,150
28097,LOH,,small_airport,Ciudad de Catamayo Airport,-3.9956,-79.3719,4056,SA,Ecuador,,La Toma (Catamayo),true,150
27740,LEK,GULB,small_airport,Tata Airport,11.3375,-12.2909,3396,AF,Guinea,,Labé,true,150
22916,HOK,YHOO,small_airport,Hooker Creek Airport,-18.3367,130.638,320,OC,Australia,,Lajamanu,true,150
28042,LMY,,small_airport,Lake Murray Airport,-7.0099,141.494,52,OC,Papua New Guinea,,Lake Murray,true,150
28138,LPM,NVSL,small_airport,Lamap Airport,-16.4611,167.8293,7,OC,Vanuatu,,Lamap,true,150
27884,LIK,,small_airport,Likiep Airport,9.8232,169.308,0,OC,Marshall Islands,,Likiep Island,true,150
27702,LDI,HTLI,small_airport,Lindi Airport,-9.851,39.7591,100,AF,Tanzania,,Lindi,true,150
38465,TOH,NVSD,small_airport,Torres Airstrip,-13.328,166.638,75,OC,Vanuatu,,Loh/Linua,true,150
27644,LBW,WAQJ,small_airport,Yuvai Semaring Airport,3.9005,115.6901,2540,AS,Indonesia,,Long Bawan,true,150
27813,LGL,WBGF,small_airport,Long Lellang Airport,3.421,115.154,1400,AS,Malaysia,,Long Datih,true,150
31595,ODN,WBGI,small_airport,Long Seridan Airport,3.9761,115.0673,607,AS,Malaysia,,Long Seridan,true,150
28234,LSA,AYKA,small_airport,Losuia Airport,-8.5058,151.081,27,OC,Papua New Guinea,,Losuia,true,150
39287,UBB,YMAA,small_airport,Mabuiag Island Airport,-9.9502,142.1952,0,OC,Australia,,Mabuiag Island,true,150
29679,MWF,NVSN,small_airport,Maewo-Naone Airport,-14.9972,168.0811,509,OC,Vanuatu,,Maewo Island,true,150
29690,MWQ,VYMW,small_airport,Magway Airport,20.1656,94.9414,279,AS,Myanmar,,Magway,true,150
29729,MXT,FMMO,small_airport,Maintirano Airport,-18.05,44.033,95,AF,Madagascar,,Maintirano,true,150
37459,SWJ,NVSX,small_airport,Southwest Bay Airport,-16.4864,167.4472,68,OC,Vanuatu,,Malekula Island,true,150
42289,WMP,FMNP,small_airport,Mampikony Airport,-16.0719,47.643,118,AF,Madagascar,,Mampikony,true,150
42274,WMA,FMNX,small_airport,Mandritsara Airport,-15.846,48.8347,1007,AF,Madagascar,,Mandritsara,true,150
29116,MGS,NCMG,small_airport,Mangaia Island Airport,-21.896,-157.9067,45,OC,Cook Islands,,Mangaia Island,true,150
25662,JSU,BGMQ,small_airport,Maniitsoq Airport,65.4125,-52.9394,91,NA,Greenland,,Maniitsoq,true,150
29206,MJA,FMSJ,small_airport,Manja Airport,-21.4261,44.3165,787,AF,Madagascar,,Manja,true,150
36100,RUS,AGGU,small_airport,Marau Airport,-9.8617,160.825,3,OC,Solomon Islands,,Marau,true,150
28938,MBU,AGGI,small_airport,Babanakira Airport,-9.7475,159.839,0,OC,Solomon Islands,,Mbambanakira,true,150
29050,MEY,VNMG,small_airport,Meghauli Airport,27.5774,84.2288,600,AS,Nepal,,Meghauli,true,150
29207,MJB,,small_airport,Mejit Atoll Airport,10.2833,170.869,5,OC,Marshall Islands,,Mejit Atoll,true,150
29008,MDS,MBMC,small_airport,Middle Caicos Airport,21.826,-71.8025,9,NA,Turks and Caicos Islands,,Middle Caicos,true,150
29179,MIJ,,small_airport,Mili Island Airport,6.0848,171.7314,4,OC,Marshall Islands,,Mili Island,true,150
29188,MIS,AYMS,small_airport,Misima Island Airport,-10.6892,152.838,26,OC,Papua New Guinea,,Misima Island,true,150
29571,MTF,HAMT,small_airport,Mizan Teferi Airport,6.9571,35.5547,4396,AF,Ethiopia,,Mizan Teferi,true,150
29071,MFJ,NFMO,small_airport,Moala Airport,-18.5667,179.951,13,OC,Fiji,,Moala,true,150
38710,TVA,FMMR,small_airport,Morafenobe Airport,-17.8501,44.9205,748,AF,Madagascar,,Morafenobe,true,150
32344,OYG,,small_airport,Moyo Airport,3.6444,31.7628,3250,AF,Uganda,,Moyo,true,150
29656,MVS,SNMU,small_airport,Mucuri Airport,-18.0489,-39.8643,276,SA,Brazil,,Mucuri,true,150
29068,MFG,OPMF,small_airport,Muzaffarabad Airport,34.3388,73.5089,2691,AS,Pakistan,,Muzaffarabad,true,150
30296,NDK,,small_airport,Namorik Airport,5.633,168.1256,15,OC,Marshall Islands,,Namorik Atoll,true,150
30670,NNY,ZHNY,small_airport,Nanyang Jiangying Airport,32.9827,112.6175,840,AS,China,,Nanyang (Wancheng),true,150
30402,NGI,NFNG,small_airport,Ngau Airport,-18.1156,179.34,50,OC,Fiji,,Ngau,true,150
30417,NGX,VNMA,small_airport,Manang Airport,28.6414,84.0892,11001,AS,Nepal,,Ngawal,true,150
30480,NIO,FZBI,small_airport,Nioki Airport,-2.7175,17.6857,1043,AF,Democratic Republic of the Congo,,Nioki,true,150
24004,IIS,AYIA,small_airport,Nissan Island Airport,-4.4997,154.226,52,OC,Papua New Guinea,,Nissan Island,true,150
30881,NTT,NFTP,small_airport,Kuini Lavenia Airport,-15.9773,-173.7911,30,OC,Tonga,,Niuatoputapu,true,150
30916,NUS,NVSP,small_airport,Norsup Airport,-16.0797,167.401,23,OC,Vanuatu,,Norsup,true,150
39630,UKU,AYNU,small_airport,Nuku Airport,-3.6768,142.4849,870,OC,Papua New Guinea,,Nuku,true,150
30669,NNX,WAQA,small_airport,Nunukan Airport,4.134,117.6695,59,AS,Indonesia,,Nunukan-Nunukan Island,true,150
31533,OBX,AYOB,small_airport,Obo Airport,-7.5906,141.3243,29,OC,Papua New Guinea,,Obo,true,150
31674,OFU,NSAS,small_airport,Ofu Airport,-14.1844,-169.67,9,OC,American Samoa,,Ofu,true,150
31879,OLJ,NVSZ,small_airport,North West Santo Airport,-14.8817,166.558,50,OC,Vanuatu,,Olpoi,true,150
42461,WRH,,small_airport,Wuerhe Airport,46.0176,85.6574,1134,AS,China,,Orku,true,150
32815,PBJ,NVSI,small_airport,Tavie Airport,-16.432,168.2355,69,OC,Vanuatu,,Paama Island,true,150
33094,PJA,ESUP,small_airport,Pajala Airport,67.2446,23.0749,542,EU,Sweden,,Pajala,true,150
33140,PKK,VYPU,small_airport,Pakhokku Airport,21.4043,95.1112,151,AS,Myanmar,,Pakhokku,true,150
32849,PCH,MHPC,small_airport,Palacios Airport,15.955,-84.9414,18,NA,Honduras,,Palacios,true,150
15297,BSX,VYPN,small_airport,Pathein Airport,16.8152,94.7799,20,AS,Myanmar,,Pathein,true,150
33638,PYE,NCPY,small_airport,Tongareva Airport,-9.0144,-158.0324,8,OC,Cook Islands,,Penrhyn Island,true,150
42383,WPB,FMNG,small_airport,Port Bergé Airport,-15.5843,47.6236,213,AF,Madagascar,,Port Bergé,true,150
37534,SYM,ZPSM,small_airport,Pu'er Simao Airport,22.7933,100.959,0,AS,China,,Pu'er,true,150
28174,LQM,SKLG,small_airport,Caucaya Airport,-0.1823,-74.7708,573,SA,Colombia,,Puerto Leguízamo,true,150
32934,PEU,MHPL,small_airport,Puerto Lempira Airport,15.2622,-83.7812,33,NA,Honduras,,Puerto Lempira,true,150
14822,BFQ,,small_airport,Bahia Piña Airport,7.5874,-78.1799,14,NA,Panama,,Puerto Piña,true,150
33507,PUR,SLPR,small_airport,Puerto Rico Airport,-11.1077,-67.5512,597,SA,Bolivia,,Puerto Rico/Manuripi,true,150
35419,RBV,AGRM,small_airport,Ramata Airport,-8.1681,157.643,0,OC,Solomon Islands,,Ramata,true,150
35445,RCL,NVSR,small_airport,Redcliffe Airport,-15.472,167.835,36,OC,Vanuatu,,Redcliffe,true,150
32178,OTU,SKOT,small_airport,Otu Airport,7.0105,-74.7154,2060,SA,Colombia,,Remedios,true,150
35530,REY,SLRY,small_airport,Reyes Airport,-14.3044,-67.3534,935,SA,Bolivia,,Reyes,true,150
35845,RNP,,small_airport,Rongelap Island Airport,11.1572,166.887,0,OC,Marshall Islands,,Rongelap Island,true,150
36092,RUK,,small_airport,Rukum Chaurjahari Airport,28.627,82.194,2500,AS,Nepal,,Rukumkot,true,150
36094,RUM,VNRT,small_airport,Rumjatar Airport,27.3035,86.5504,4500,AS,Nepal,,Rumjatar,true,150
36711,SBR,YSII,small_airport,Saibai Island Airport,-9.3783,142.625,15,OC,Australia,,Saibai Island,true,150
37077,SLX,MBSY,small_airport,Salt Cay Airport,21.333,-71.2,3,NA,Turks and Caicos Islands,,Salt Cay,true,150
37279,SRJ,SLSB,small_airport,Capitán Av. German Quiroga G. Airport,-14.8592,-66.7375,633,SA,Bolivia,,San Borja,true,150
36826,SEY,GQNS,small_airport,Sélibaby Airport,15.1797,-12.2073,219,AF,Mauritania,,Sélibaby,true,150
22701,HIL,HASL,small_airport,Shilavo Airport,6.0775,44.7637,1296,AF,Ethiopia,,Shilavo,true,150
18011,DWB,FMNO,small_airport,Soalala Airport,-16.1017,45.3588,141,AF,Madagascar,,Soalala,true,150
37061,SLH,NVSC,small_airport,Sola Airport,-13.8517,167.537,7,OC,Vanuatu,,Sola,true,150
29374,MNY,AGGO,small_airport,Mono Airport,-7.4169,155.565,35,OC,Solomon Islands,,Stirling Island,true,150
40560,VAO,AGGV,small_airport,Suavanao Airport,-7.5856,158.731,20,OC,Solomon Islands,,Suavanao,true,150
37020,SKC,AYSU,small_airport,Suki Airport,-8.0466,141.7222,24,OC,Papua New Guinea,,Suki,true,150
38004,TBO,HTTB,small_airport,Tabora Airport,-5.0764,32.8333,3868,AF,Tanzania,,Tabora,true,150
42526,WTA,FMMU,small_airport,Tambohorano Airport,-17.4761,43.9728,23,AF,Madagascar,,Tambohorano,true,150
38296,TJS,,small_airport,Tanjung Harapan Airport,2.8358,117.3736,20,AS,Indonesia,,Tanjung Selor-Borneo Island,true,150
38029,TCD,SKRA,small_airport,Tarapacá Airport,-2.8958,-69.7498,253,SA,Colombia,,Tarapacá,true,150
38266,TIY,GQND,small_airport,Tidjikja Airport,18.5701,-11.4235,1342,AF,Mauritania,,Tidjikja,true,150
38246,TIE,HATP,small_airport,Tippi Airport,7.2024,35.415,1100,AF,Ethiopia,,Tippi,true,150
38392,TMG,WBKM,small_airport,Tomanggong Airport,5.4026,118.6576,26,AS,Malaysia,,Tomanggong,true,150
38177,TGH,NVST,small_airport,Tongoa Airport,-16.8911,168.551,443,OC,Vanuatu,,Tongoa Island,true,150
38656,TTS,FMNT,small_airport,Tsaratanana Airport,-16.7511,47.619,1073,AF,Madagascar,,Tsaratanana,true,150
38609,TSH,FZUK,small_airport,Tshikapa Airport,-6.4383,20.7947,1595,AF,Democratic Republic of the Congo,,Tshikapa,true,150
38394,TMI,VNTR,small_airport,Tumling Tar Airport,27.315,87.1933,1700,AS,Nepal,,Tumling Tar,true,150
34787,QUB,HLUB,small_airport,Ubari Airport,26.5675,12.8231,1528,AF,Libya,,Ubari,true,150
39578,UJE,,small_airport,Ujae Atoll Airport,8.9281,165.762,29,OC,Marshall Islands,,Ujae Atoll,true,150
40621,VCD,YVRD,small_airport,Victoria River Downs Airport,-16.4021,131.005,89,OC,Australia,,Victoria River,true,150
42683,WXN,ZUWX,small_airport,Wanzhou Wuqiao Airport,30.8017,108.433,0,AS,China,,Wanzhou,true,150
42479,WRZ,VCCW,small_airport,Weerawila Airport,6.2545,81.2352,50,AS,Sri Lanka,,Weerawila,true,150
42394,WPM,AYXP,small_airport,Wipim Airport,-8.7882,142.882,173,OC,Papua New Guinea,,Wipim,true,150
42540,WTO,,small_airport,Wotho Island Airport,10.1733,166.003,0,OC,Marshall Islands,,Wotho Island,true,150
42530,WTE,,small_airport,Wotje Airport,9.4583,170.2386,4,OC,Marshall Islands,,Wotje,true,150
43505,XKH,VLXK,small_airport,Xieng Khouang Airport,19.45,103.158,3445,AS,Laos,,Xieng Khouang,true,150
38434,TNM,SCRM,small_airport,Teniente Rodolfo Marsh Martin Airport,-62.191,-58.9867,147,AN,Antarctica,,Villa Las Estrellas,true,125
20435,FRN,PAFR,small_airport,Bryant Army Airfield,61.2664,-149.653,378,NA,United States,,Fort Richardson,true,125
29662,MVY,KMVY,small_airport,Martha's Vineyard Airport,41.3931,-70.6143,67,NA,United States,,Martha's Vineyard,true,100
14917,BID,KBID,small_airport,Block Island State Airport,41.1684,-71.5786,108,NA,United States,,Block Island,true,100
29581,MTP,KMTP,small_airport,Montauk Airport,41.0765,-71.9208,6,NA,United States,,Montauk,true,100
15023,BLB,,small_airport,Panamá Pacífico International Airport,8.9148,-79.5996,52,NA,Panama,,Panamá City,true,100
32176,OTS,,small_airport,Anacortes Airport,48.4985,-122.6625,241,NA,United States,,Anacortes,true,100
44553,YDL,CYDL,small_airport,Dease Lake Airport,58.4222,-130.032,2600,NA,Canada,,Dease Lake,true,100
31523,OBN,EGEO,small_airport,Oban Airport,56.4635,-5.3997,20,EU,United Kingdom,,North Connel,true,100
44975,YPB,,small_airport,Alberni Valley Regional Airport,49.3219,-124.931,250,NA,Canada,,Port Alberni,true,100
15460,BXG,YBDG,small_airport,Bendigo Airport,-36.7394,144.33,705,OC,Australia,,,true,100
25722,JUI,EDWJ,small_airport,Juist Airport,53.6814,7.0564,7,EU,Germany,,Juist,true,100
14918,BIE,KBIE,small_airport,Beatrice Municipal Airport,40.3013,-96.7541,1324,NA,United States,,Beatrice,true,100
30793,NRD,EDWY,small_airport,Norderney Airport,53.7069,7.23,7,EU,Germany,,Norderney,true,100
35438,RCE,,small_airport,Roche Harbor Airport,48.6123,-123.139,100,NA,United States,,Roche Harbor,true,100
45359,YZZ,,small_airport,Trail Regional Airport,49.0556,-117.609,1427,NA,Canada,,Trail,true,100
13550,AGE,EDWG,small_airport,Wangerooge Airport,53.7825,7.9196,7,EU,Germany,,Wangerooge,true,100
35838,RNI,MNCI,small_airport,Corn Island Airport,12.1748,-83.0594,1,NA,Nicaragua,,Corn Island,true,100
15203,BQB,YBLN,small_airport,Busselton Margaret River Regional Airport,-33.6872,115.4003,55,OC,Australia,,Busselton,true,100
15507,BYR,EKLS,small_airport,Læsø Airport,57.2772,11.0001,25,EU,Denmark,,Læsø,true,100
25558,JPY,,small_airport,Paraty Airport,-23.224,-44.7234,10,SA,Brazil,,Paraty,true,100
32032,OPS,SBSI,small_airport,Presidente João Batista Figueiredo Airport,-11.885,-55.5861,1227,SA,Brazil,,Sinop,true,100
28219,LRV,SVRS,small_airport,Los Roques Airport,11.9469,-66.6683,17,NA,Venezuela,,Gran Roque Island,true,100
37183,SOV,PASO,small_airport,Seldovia Airport,59.443,-151.7052,29,NA,United States,,Seldovia,true,100
32202,OUI,LFEC,small_airport,Ouessant Airport,48.4632,-5.0636,142,EU,France,,Ushant,true,100
16103,CFB,SBCB,small_airport,Cabo Frio Airport,-22.9215,-42.0719,22,SA,Brazil,,Cabo Frio,true,100
45964,ZGS,,small_airport,La Romaine Airport,50.2596,-60.6744,90,NA,Canada,,Le Golfe-du-Saint-Laurent,true,100
28929,MBL,KMBL,small_airport,Manistee County Blacker Airport,44.2727,-86.2465,621,NA,United States,,Manistee,true,100
23735,IBB,SEII,small_airport,General Villamil Airport,-0.9426,-90.953,35,SA,Ecuador,,Puerto Villamil,true,100
38323,TKJ,PFTO,small_airport,Tok Junction Airport,63.3295,-142.954,1639,NA,United States,,Tok,true,100
38289,TJL,SBTG,small_airport,Plínio Alarcom Airport,-20.7526,-51.682,1063,SA,Brazil,,Três Lagoas,true,100
14033,ATT,,small_airport,Atmautluak Airport,60.8667,-162.273,17,NA,United States,,Atmautluak,true,100
15238,BRA,SNBR,small_airport,Dom Ricardo Weberberger Airport,-12.0789,-45.009,2451,SA,Brazil,,Barreiras,true,100
17742,DOU,,small_airport,Dourados Airport,-22.2019,-54.9266,1503,SA,Brazil,,Dourados,true,100
21339,GGR,HCGR,small_airport,Garowe Airport,8.4585,48.5681,1465,AF,Somalia,,Garowe,true,100
21647,GPB,,small_airport,Tancredo Thomas de Faria Airport,-25.3883,-51.5235,3494,SA,Brazil,,Guarapuava,true,100
24493,IWD,KIWD,small_airport,Gogebic Iron County Airport,46.5253,-90.1316,1230,NA,United States,,Ironwood,true,100
24402,ITU,UHSI,small_airport,Iturup Airport,45.2564,147.9555,387,AS,Russia,,Kurilsk,true,100
33468,PTO,,small_airport,Juvenal Loureiro Cardoso Airport,-26.2172,-52.6945,2697,SA,Brazil,,Pato Branco,true,100
35421,RBX,,small_airport,Rumbek Airport,6.8311,29.6691,1378,AF,South Sudan,,Rumbek,true,100
36822,SEU,HTSN,small_airport,Seronera Airport,-2.4581,34.8225,5080,AF,Tanzania,,Seronera,true,100
42288,WMO,PAWM,small_airport,White Mountain Airport,64.6892,-163.413,267,NA,United States,,White Mountain,true,100
26658,KKI,,small_airport,Akiachak Airport,60.9138,-161.4933,23,NA,United States,,Akiachak,true,100
27207,KZR,LTBZ,small_airport,Zafer Airport,39.1111,30.1304,3327,AS,Turkey,,Altıntaş,true,100
44435,YAB,CYAB,small_airport,Arctic Bay Airport,73.0061,-85.0462,72,NA,Canada,,Arctic Bay,true,100
14916,BIC,LFEA,small_airport,Aérodrome de Belle Île,47.3253,-3.2013,171,EU,France,,Bangor,true,100
15211,BQJ,UEBB,small_airport,Batagay Airport,67.648,134.695,696,AS,Russia,,Batagay,true,100
44478,YBI,,small_airport,Black Tickle Airport,53.4698,-55.7875,57,NA,Canada,,Black Tickle,true,100
44563,YDV,CZTA,small_airport,Bloodvein River Airport,51.7846,-96.6923,721,NA,Canada,,Bloodvein River,true,100
26992,KTS,PFKT,small_airport,Brevig Mission Airport,65.3318,-166.4678,38,NA,United States,,Brevig Mission,true,100
16339,CLV,SBCN,small_airport,Nelson Ribeiro Guimarães Airport,-17.7251,-48.6063,2307,SA,Brazil,,Caldas Novas,true,100
16077,CEL,SSCN,small_airport,Canela Airport,-29.3701,-50.8317,2746,SA,Brazil,,Canela,true,100
16304,CKW,YCHK,small_airport,Christmas Creek Airport,-22.3543,119.6426,1462,OC,Australia,,Christmas Creek Mine,true,100
17385,DEX,WAVD,small_airport,Nop Goliat Dekai Airport,-4.8557,139.482,198,AS,Indonesia,,Dekai,true,100
17441,DGH,VEDO,small_airport,Deoghar Airport,24.4468,86.705,361,AS,India,,Deoghar,true,100
25324,JJG,SBJA,small_airport,Humberto Ghizzo Bortoluzzi Regional Airport,-28.6753,-49.0596,120,SA,Brazil,,Jaguaruna,true,100
25440,JMO,VNJS,small_airport,Jomsom Airport,28.7804,83.723,8976,AS,Nepal,,Jomsom,true,100
26290,KAA,FLKS,small_airport,Kasama Airport,-10.2102,31.123,4541,AF,Zambia,,Kasama,true,100
26456,KEW,,small_airport,Keewaywin Airport,52.9911,-92.8364,988,NA,Canada,,Keewaywin,true,100
29062,MFA,HTMA,small_airport,Mafia Airport,-7.9175,39.6685,60,AF,Tanzania,,Kilindoni,true,100
26657,KKH,PADY,small_airport,Kongiganak Airport,59.9608,-162.881,30,NA,United States,,Kongiganak,true,100
32855,PCN,NZPN,small_airport,Picton Aerodrome,-41.3461,173.956,161,OC,New Zealand,,Koromiko,true,100
27058,KVM,UHMO,small_airport,Markovo Airport,64.6654,170.4176,75,AS,Russia,,Markovo,true,100
30685,NOD,EDWS,small_airport,Norden-Norddeich Airport,53.6331,7.1903,3,EU,Germany,,Norddeich,true,100
30913,NUP,,small_airport,Nunapitchuk Airport,60.9056,-162.4405,12,NA,United States,,Nunapitchuk,true,100
32111,ORZ,,small_airport,H.E Alfredo Martinez (Tower Hill) Airstrip,18.0468,-88.5839,69,NA,Belize,,Orange Walk,true,100
33358,PQM,MMPQ,small_airport,Palenque International Airport,17.5332,-92.0155,200,NA,Mexico,,Palenque,true,100
33314,PPE,MMPE,small_airport,Mar de Cortés International Airport,31.352,-113.3052,71,NA,Mexico,,Puerto Peñasco,true,100
35414,RBQ,SLRQ,small_airport,Rurrenabaque Airport,-14.4279,-67.4968,676,SA,Bolivia,,Rurrenabaque,true,100
40629,VCL,VVCA,small_airport,Chu Lai Airport,15.4033,108.706,10,AS,Vietnam,,Tam Nghĩa,true,100
38209,THD,VVTX,small_airport,Tho Xuan Airport,19.9017,105.4678,59,AS,Vietnam,,Thanh Hóa,true,100
40557,VAL,SNVB,small_airport,Valença Airport,-13.2965,-38.9924,21,SA,Brazil,,Valença,true,100
41842,WAA,PAIW,small_airport,Wales Airport,65.6226,-168.095,22,NA,United States,,Wales,true,100
13698,AKI,PFAK,small_airport,Akiak Airport,60.9026,-161.2311,30,NA,United States,,Akiak,true,100
26866,KQA,,small_airport,Akutan Airport,54.1446,-165.6043,133,NA,United States,,Akutan,true,100
14060,AUK,,small_airport,Alakanuk Airport,62.6827,-164.7225,10,NA,United States,,Alakanuk,true,100
13493,AET,PFAL,small_airport,Allakaket Airport,66.5518,-152.622,441,NA,United States,,Allakaket,true,100
13386,ABU,WATA,small_airport,AA Bere Tallo (Haliwen) Airport,-9.0748,124.9033,1027,AS,Indonesia,,Atambua,true,100
15239,BRB,,small_airport,Barreirinhas National Airport,-2.7566,-42.8032,40,SA,Brazil,,Barreirinhas,true,100
41894,WBQ,PAWB,small_airport,Beaver Airport,66.3622,-147.407,359,NA,United States,,Beaver,true,100
14719,BCV,,small_airport,Hector Silva Airstrip,17.2696,-88.7765,150,NA,Belize,,Belmopan,true,100
15512,BYW,,small_airport,Blakely Island Airport,48.5792,-122.8238,66,NA,United States,,Blakely Island,true,100
15504,BYO,SBDB,small_airport,Bonito Airport,-21.2473,-56.4524,1180,SA,Brazil,,Bonito,true,100
16104,CFC,SBCD,small_airport,Doctor Carlos Alberto da Costa Neves Airport,-26.7874,-50.9399,3376,SA,Brazil,,Caçador,true,100
31485,OAL,SSKW,small_airport,Cacoal Airport,-11.496,-61.4508,778,SA,Brazil,,Cacoal,true,100
15942,CAU,SNRU,small_airport,Caruaru Airport,-8.2824,-36.0135,1891,SA,Brazil,,Caruaru,true,100
16194,CHU,,small_airport,Chuathbaluk Airport,61.5791,-159.216,244,NA,United States,,Chuathbaluk,true,100
16259,CJN,WICN,small_airport,Nusawiru Airport,-7.7199,108.489,16,AS,Indonesia,,Cijulang,true,100
46096,ZKG,,small_airport,Kégashka Airport,50.1958,-61.2658,32,NA,Canada,,Côte-Nord-du-Golfe-du-Saint-Laurent,true,100
23712,IAO,RPNS,small_airport,Siargao Airport,9.8591,126.014,10,AS,Philippines,,Del Carmen,true,100
18668,EEK,PAEE,small_airport,Eek Airport,60.2132,-162.044,12,NA,United States,,Eek,true,100
19850,FBE,SSFB,small_airport,Paulo Abdala Airport,-26.0594,-53.0638,2113,SA,Brazil,,Francisco Beltrão,true,100
21594,GNU,,small_airport,Goodnews Airport,59.1176,-161.5752,15,NA,United States,,Goodnews,true,100
26529,KGX,,small_airport,Grayling Airport,62.8952,-160.0663,99,NA,United States,,Grayling,true,100
22877,HNH,PAOH,small_airport,Hoonah Airport,58.0961,-135.4101,19,NA,United States,,Hoonah,true,100
26301,KAL,PAKV,small_airport,Kaltag Airport,64.3186,-158.742,181,NA,United States,,Kaltag,true,100
27020,KUK,PFKA,small_airport,Kasigluk Airport,60.8727,-162.5247,48,NA,United States,,Kasigluk,true,100
26768,KNK,PFKK,small_airport,Kokhanok Airport,59.4332,-154.8022,115,NA,United States,,Kokhanok,true,100
26650,KKA,PAKK,small_airport,Koyuk Alfred Adams Airport,64.9395,-161.154,154,NA,United States,,Koyuk,true,100
29302,MLY,PAML,small_airport,Manley Hot Springs Airport,64.9919,-150.6441,270,NA,United States,,Manley Hot Springs,true,100
29393,MOH,WAFO,small_airport,Maleo Airport,-2.2011,121.6629,12,AS,Indonesia,,Morowali,true,100
33605,PXH,YPMH,small_airport,Prominent Hill Airport,-29.716,135.5244,745,OC,Australia,,Mount Eba,true,100
26435,KEB,,small_airport,Nanwalek Airport,59.3521,-151.925,27,NA,United States,,Nanwalek,true,100
44917,YNP,,small_airport,Natuashish Airport,55.9139,-61.1844,30,NA,Canada,,Natuashish,true,100
30614,NME,PAGT,small_airport,Nightmute Airport,60.4691,-164.7041,4,NA,United States,,Nightmute,true,100
20328,FOO,,small_airport,Kornasoren Airport,-0.9357,134.8723,13,AS,Indonesia,,Nomfor,true,100
37501,SXP,,small_airport,Nunam Iqua Airport,62.5206,-164.848,12,NA,United States,,Nunam Iqua,true,100
33036,PHO,PAPO,small_airport,Point Hope Airport,68.3488,-166.799,12,NA,United States,,Point Hope,true,100
44881,YMP,,small_airport,Port McNeill Airport,50.5735,-127.0277,225,NA,Canada,,Port McNeill,true,100
35491,RDV,,small_airport,Red Devil Airport,61.7881,-157.35,174,NA,United States,,Red Devil,true,100
36240,RYO,SAWT,small_airport,28 de Noviembre Airport,-51.605,-72.2203,909,SA,Argentina,,Rio Turbio,true,100
15441,BWX,WADY,small_airport,Banyuwangi Airport,-8.3102,114.3401,112,AS,Indonesia,,"Rogojampi, Banyuwangi",true,100
45790,ZBY,VLSB,small_airport,Sayaboury Airport,19.2436,101.7093,962,AS,Laos,,Sainyabuli,true,100
44776,YJS,ZKSE,small_airport,Samjiyŏn Airport,41.9071,128.4098,4547,AS,North Korea,,Samjiyŏn,true,100
37461,SWL,RPSV,small_airport,San Vicente Airport,10.5243,119.2729,24,AS,Philippines,,San Vicente,true,100
36052,RTG,WATG,small_airport,Frans Sales Lega Airport,-8.5962,120.4782,3510,AS,Indonesia,,"Satar Tacik, Manggarai",true,100
37562,SZE,HASM,small_airport,Semera Airport,11.7875,40.9915,1390,AF,Ethiopia,,Semera,true,100
36821,SET,SNHS,small_airport,Santa Magalhães Airport,-8.0614,-38.3289,1542,SA,Brazil,,Serra Talhada,true,100
17903,DTB,WIMN,small_airport,Silangit Airport,2.2597,98.9919,4700,AS,Indonesia,,Siborong-Borong,true,100
37109,SMT,,small_airport,Adolino Bedin Regional Airport,-12.4792,-55.6723,1266,SA,Brazil,,Sorriso,true,100
37100,SMK,PAMK,small_airport,St Michael Airport,63.4901,-162.11,98,NA,United States,,St Michael,true,100
41879,WBB,,small_airport,Stebbins Airport,63.516,-162.278,14,NA,United States,,Stebbins,true,100
37291,SRV,,small_airport,Stony River 2 Airport,61.7897,-156.589,230,NA,United States,,Stony River,true,100
38045,TCT,PPCT,small_airport,Takotna Airport,62.9932,-156.029,825,NA,United States,,Takotna,true,100
37965,TAL,PATA,small_airport,Ralph M Calhoun Memorial Airport,65.1744,-152.109,236,NA,United States,,Tanana,true,100
38502,TPI,AYTI,small_airport,Tapini Airport,-8.3567,146.9892,3100,OC,Papua New Guinea,,Tapini,true,100
38787,TXF,SNTF,small_airport,9 de Maio - Teixeira de Freitas Airport,-17.5244,-39.6685,344,SA,Brazil,,Teixeira de Freitas,true,100
38350,TLA,PATE,small_airport,Teller Airport,65.2404,-166.339,294,NA,United States,,Teller,true,100
27946,LKA,WATL,small_airport,Larantuka Gewayentana Airport,-8.2744,123.002,63,AS,Indonesia,,Tiwatobi,true,100
31988,OOK,PAOO,small_airport,Toksook Bay Airport,60.5414,-165.087,59,NA,United States,,Toksook Bay,true,100
42537,WTL,,small_airport,Tuntutuliak Airport,60.3512,-162.6545,16,NA,United States,,Tuntutuliak,true,100
38229,THX,UOTT,small_airport,Turukhansk Airport,65.7972,87.9353,128,AS,Russia,,Turukhansk,true,100
44623,YFJ,CYWE,small_airport,Wekweètì Airport,64.1908,-114.077,1208,NA,Canada,,Wekweètì,true,100
16805,CYT,PACY,small_airport,Yakataga Airport,60.081,-142.4945,12,NA,United States,,Yakataga,true,100
17366,DEE,UHSM,small_airport,Yuzhno-Kurilsk Mendeleyevo Airport,43.9611,145.685,584,AS,Russia,,Yuzhno-Kurilsk,true,100
25612,JRG,VEJH,small_airport,Jharsuguda Airport,21.9135,84.0504,751,AS,India,,,true,100
36139,RVV,NTAV,small_airport,Raivavae Airport,-23.8852,-147.662,7,OC,French Polynesia,,,true,100
13700,AKK,PAKH,small_airport,Akhiok Airport,56.9387,-154.183,44,NA,United States,,Akhiok,true,100
15118,BNY,AGGB,small_airport,Bellona/Anua Airport,-11.3022,159.7983,60,OC,Solomon Islands,,Anua,true,100
22994,HQQ,ZHQQ,small_airport,Anyang Hongqiqu Airport,35.8708,114.4619,0,AS,China,,Anyang,true,100
13407,ACF,ZWAL,small_airport,Aral Tarim Airport,40.4347,81.2621,0,AS,China,,Aral,true,100
13691,AKB,PAAK,small_airport,Atka Airport,52.2203,-174.206,57,NA,United States,,Atka,true,100
36054,RTI,WATR,small_airport,David Constantijn Saudale Airport,-10.7658,123.076,470,AS,Indonesia,,Ba'a - Rote Island,true,100
17851,DRV,VRMD,small_airport,Dharavandhoo Airport,5.1561,73.1302,6,AS,Maldives,,Baa Atoll,true,100
15075,BMR,EDWZ,small_airport,Baltrum Airport,53.7249,7.3733,7,EU,Germany,,Baltrum,true,100
30286,NDA,WAPC,small_airport,Bandanaira Airport,-4.5214,129.9054,59,AS,Indonesia,,Bandanaira,true,100
14651,BAZ,SWBC,small_airport,Barcelos Airport,-0.9812,-62.9186,112,SA,Brazil,,Barcelos,true,100
37388,SUK,UEBS,small_airport,Sakkyryr Airport,67.792,130.394,1686,EU,Russia,,Batagay-Alyta,true,100
15332,BTW,WAOC,small_airport,Bersujud Airport,-3.4124,115.995,3,AS,Indonesia,,Batu Licin,true,100
14848,BGG,LTCU,small_airport,Bingöl Airport,38.8601,40.5945,3506,AS,Turkey,,Bingöl,true,100
26328,KBC,,small_airport,Birch Creek Airport,66.274,-145.824,450,NA,United States,,Birch Creek,true,100
15473,BXT,WALC,small_airport,LNG Badak Airport,0.1217,117.4766,49,AS,Indonesia,,Bontang-Borneo Island,true,100
35399,RBB,SWBR,small_airport,Borba Airport,-4.4063,-59.6024,98,SA,Brazil,,Borba,true,100
15400,BVS,SNVS,small_airport,Breves Airport,-1.6365,-50.4436,98,SA,Brazil,,Breves,true,100
15927,CAF,SWCA,small_airport,Carauari Airport,-4.8715,-66.8976,355,SA,Brazil,,Carauari,true,100
16732,CWS,,small_airport,Center Island Airport,48.49,-122.8316,115,NA,United States,,Center Island,true,100
16007,CCN,OACC,small_airport,Chaghcharan Airport,34.5265,65.271,7383,AS,Afghanistan,,Chaghcharan,true,100
44692,YHG,,small_airport,Charlottetown Airport,52.7658,-56.1124,209,NA,Canada,,Charlottetown,true,100
16791,CYF,PACK,small_airport,Chefornak Airport,60.1367,-164.2792,49,NA,United States,,Chefornak,true,100
30263,NCN,PFCB,small_airport,Chenega Bay Airport,60.0776,-147.9947,72,NA,United States,,Chenega,true,100
16305,CKX,,small_airport,Chicken Airport,64.0665,-141.9513,1640,NA,United States,,Chicken,true,100
21167,GBZ,NZGB,small_airport,Great Barrier Aerodrome,-36.2414,175.472,20,OC,New Zealand,,Claris,true,100
16437,COL,EGEL,small_airport,Coll Airport,56.6019,-6.6178,21,EU,United Kingdom,,Coll Island,true,100
16570,CSA,EGEY,small_airport,Colonsay Airstrip,56.0575,-6.2431,44,EU,United Kingdom,,Colonsay,true,100
21995,GYZ,YGRM,small_airport,Gruyere Airport,-28.0345,123.8151,1542,OC,Australia,,Cosmo Newbery,true,100
16285,CKD,,small_airport,Crooked Creek Airport,61.8703,-158.1376,178,NA,United States,,Crooked Creek,true,100
29136,MHC,SCPQ,small_airport,Mocopulli Airport,-42.3404,-73.7157,528,SA,Chile,,Dalcahue,true,100
17919,DTR,,small_airport,Decatur Shores Airport,48.5002,-122.814,38,NA,United States,,Decatur,true,100
45862,ZDY,OMDL,small_airport,Delma Airport,24.51,52.3352,30,AS,United Arab Emirates,,Delma Island,true,100
17555,DJN,,small_airport,Delta Junction Airport,64.0499,-145.7227,1150,NA,United States,,Delta Junction,true,100
17777,DPT,,small_airport,Deputatskiy Airport,69.3925,139.89,950,AS,Russia,,Deputatskiy,true,100
18918,ELI,PFEL,small_airport,Elim Airport,64.6147,-162.272,162,NA,United States,,Elim,true,100
26485,KFP,PAKF,small_airport,False Pass Airport,54.8475,-163.4072,20,NA,United States,,False Pass,true,100
20261,FMT,,small_airport,Faresmaathoda Airport,0.1926,73.1968,0,AS,Maldives,,Faresmaathodaa,true,100
37328,SSW,,small_airport,Stuart Island Airpark,48.6734,-123.1754,10,NA,United States,,Friday Harbor,true,100
22012,GZG,ZUGZ,small_airport,Garze Gesar Airport,31.7575,99.5542,13346,AS,China,,Garzê (Garzê),true,100
22524,HDO,VIDX,small_airport,Hindon Airport / Hindon Air Force Station,28.7077,77.3589,700,AS,India,,Ghaziabad,true,100
21523,GLV,PAGL,small_airport,Golovin Airport,64.5505,-163.007,59,NA,United States,,Golovin,true,100
21331,GGJ,SSGY,small_airport,Guaíra Airport,-24.0811,-54.1917,889,SA,Brazil,,Guaíra,true,100
21851,GUZ,SNGA,small_airport,Guarapari Airport,-20.6465,-40.4919,30,SA,Brazil,,Guarapari,true,100
22454,HBQ,ZLHB,small_airport,Haibei Qilian Airport,38.0081,100.6451,10377,AS,China,,Haibei (Qilian),true,100
22894,HNY,ZGHY,small_airport,Hengyang Nanyue Airport,26.7221,112.618,0,AS,China,,Hengyang,true,100
22622,HGE,SVHG,small_airport,Higuerote Airport,10.4625,-66.0928,12,SA,Venezuela,,Higuerote,true,100
45140,YTW,ZWYT,small_airport,Yutian Wanfang Airport,36.8085,81.7827,4731,AS,China,,Hotan (Yutian),true,100
21476,GKK,VRMO,small_airport,Kooddoo Airport,0.7324,73.4336,29,AS,Maldives,,Huvadhu Atoll,true,100
23772,ICC,SVIE,small_airport,Andrés Miguel Salazar Marcano Airport,10.7944,-63.9816,10,SA,Venezuela,,Isla de Coche,true,100
25211,JGB,VEJR,small_airport,Jagdalpur Airport,19.0743,82.0368,1822,AS,India,,Jagdalpur,true,100
25396,JLG,VAJL,small_airport,Jalgaon Airport,20.9627,75.6275,818,AS,India,,Jalgaon,true,100
26735,KMN,FZSB,small_airport,Kamina City Airport,-8.7289,24.9914,3475,AF,Democratic Republic of the Congo,,Kamina,true,100
26883,KQR,YKAR,small_airport,Karara Airport,-29.2172,116.6872,1011,OC,Australia,,Karara,true,100
27083,KWB,WAHU,small_airport,Dewadaru Airport,-5.8009,110.4784,35,AS,Indonesia,,Karimunjawa,true,100
26954,KSQ,UZSK,small_airport,Karshi Airport,38.8022,65.7731,1230,AS,Uzbekistan,,Karshi,true,100
27048,KVC,PAVC,small_airport,King Cove Airport,55.1163,-162.266,155,NA,United States,,King Cove,true,100
26906,KRE,HBBO,small_airport,Kirundo Airport,-2.5448,30.0946,4511,AF,Burundi,,Kirundo,true,100
26516,KGK,PAJZ,small_airport,Koliganek Airport,59.7266,-157.259,269,NA,United States,,Koliganek,true,100
26813,KOT,PFKO,small_airport,Kotlik Airport,63.0306,-163.533,15,NA,United States,,Kotlik,true,100
27174,KYU,PFKU,small_airport,Koyukuk Airport,64.8761,-157.727,149,NA,United States,,Koyukuk,true,100
27101,KWT,PFKW,small_airport,Kwethluk Airport,60.7903,-161.444,25,NA,United States,,Kwethluk,true,100
27092,KWK,PAGG,small_airport,Kwigillingok Airport,59.8765,-163.169,18,NA,United States,,Kwigillingok,true,100
27675,LCR,,small_airport,Virgilio Barco Vargas (La Chorrera) Airport,-1.4564,-72.8011,564,SA,Colombia,,La Chorrera,true,100
28020,LMC,SKNA,small_airport,La Macarena Airport,2.1757,-73.7867,790,SA,Colombia,,La Macarena,true,100
27992,LLK,UBBL,small_airport,Lankaran International Airport,38.7579,48.807,30,AS,Azerbaijan,,Lankaran,true,100
27958,LKM,WAMI,small_airport,Bolaang Mongondow Airport,0.8885,124.0336,28,AS,Indonesia,,Lolak,true,100
27954,LKI,,small_airport,Lasikin Airport,2.4113,96.3277,19,AS,Indonesia,,Lubang,true,100
29756,MYK,,small_airport,May Creek Airport,61.3357,-142.687,1650,NA,United States,,May Creek,true,100
42653,WWT,PAEW,small_airport,Mertarvik Airport,60.8104,-164.4995,346,NA,United States,,Mertarvik,true,100
25330,JJM,HKMK,small_airport,Mulika Lodge Airport,0.1651,38.1951,2230,AF,Kenya,,Meru-Kinna,true,100
28018,LMA,PAMH,small_airport,Minchumina Airport,63.886,-152.302,678,NA,United States,,Minchumina,true,100
15366,BUU,,small_airport,Muara Bungo Airport,-1.5416,102.1816,192,AS,Indonesia,,Muara Bungo,true,100
22852,HMS,WAGB,small_airport,Haji Muhammad Sidik Airport,-1.0258,114.9288,145,AS,Indonesia,,Muara Teweh,true,100
29424,MPC,,small_airport,Muko Muko Airport,-2.5411,101.0877,24,AS,Indonesia,,Muko Muko,true,100
30580,NLG,PAOU,small_airport,Nelson Lagoon Airport,56.0075,-161.16,14,NA,United States,,Nelson Lagoon,true,100
26780,KNW,PANW,small_airport,New Stuyahok Airport,59.4518,-157.3738,364,NA,United States,,New Stuyahok,true,100
24072,IKO,PAKO,small_airport,Nikolski Air Station,52.9416,-168.8495,77,NA,United States,,Nikolski,true,100
30404,NGK,UHSN,small_airport,Nogliki Airport,51.784,143.1418,109,AS,Russia,,Nogliki,true,100
25191,JFR,BGPT,small_airport,Paamiut Airport,62.0147,-49.6709,120,NA,Greenland,,Paamiut,true,100
33640,PYG,VEPY,small_airport,Pakyong Airport,27.2313,88.5872,4590,AS,India,,Pakyong,true,100
27996,LLO,WAFD,small_airport,Bua - Palopo Lagaligo Airport,-3.0823,120.2448,14,AS,Indonesia,,Palopo,true,100
32966,PFQ,OITP,small_airport,Parsabad-Moghan Airport,39.6036,47.8815,251,AS,Iran,,Parsabad,true,100
32890,PDM,,small_airport,Capt. J. Montenegro Airport,7.5348,-80.0433,148,NA,Panama,,Pedasí,true,100
32879,PDB,,small_airport,Pedro Bay Airport,59.7969,-154.13,45,NA,United States,,Pedro Bay,true,100
26851,KPV,PAPE,small_airport,Perryville Airport,55.9065,-159.1609,29,NA,United States,,Perryville,true,100
33073,PIP,PAPN,small_airport,Pilot Point Airport,57.5804,-157.572,57,NA,United States,,Pilot Point,true,100
38374,TLY,UHWP,small_airport,Plastun Airport,44.815,136.292,66,AS,Russia,,Plastun,true,100
27659,LCB,,small_airport,André Antônio Maggi Airport,-15.1934,-59.3848,870,SA,Brazil,,Pontes e Lacerda,true,100
45096,YSO,,small_airport,Postville Airport,54.9105,-59.7851,193,NA,Canada,,Postville,true,100
27983,LLB,ZULB,small_airport,Libo Airport,25.4525,107.9617,0,AS,China,,Qiannan (Libo),true,100
27095,KWN,PAQH,small_airport,Quinhagak Airport,59.7551,-161.845,42,NA,United States,,Quinhagak,true,100
35813,RMT,NTAM,small_airport,Rimatara Airport,-22.6373,-152.8059,60,OC,French Polynesia,,Rimatara Island,true,100
35657,RIH,MPSM,small_airport,Scarlett Martinez International Airport,8.3759,-80.1279,105,NA,Panama,,Río Hato,true,100
36017,RSH,PARS,small_airport,Russian Mission Airport,61.7751,-161.3195,51,NA,United States,,Russian Mission,true,100
32029,OPP,,small_airport,Salinópolis Airport,-0.6961,-47.3361,105,SA,Brazil,,Salinópolis,true,100
30227,NBN,FGAN,small_airport,Annobón Airport,-1.4086,5.6242,82,AF,Equatorial Guinea,,San Antonio de Palé,true,100
30647,NNB,AGGT,small_airport,Santa Ana Airport,-10.848,162.4541,3,OC,Solomon Islands,,Santa Ana Island,true,100
43158,XAU,SOOS,small_airport,Saül Airport,3.6136,-53.2042,656,SA,French Guiana,,Saül,true,100
37028,SKK,PFSH,small_airport,Shaktoolik Airport,64.3711,-161.224,24,NA,United States,,Shaktoolik,true,100
37424,SVK,,small_airport,Silver Creek Airport,16.7283,-88.3692,216,NA,Belize,,Silver Creek,true,100
20465,FSH,WIMI,small_airport,Syekh Hamzah Fansyuri Airport,2.2696,97.9679,17,AS,Indonesia,,Singkil,true,100
42503,WSN,PFWS,small_airport,South Naknek Number 2 Airport,58.7024,-157.0054,162,NA,United States,,South Naknek,true,100
37402,SUY,UENS,small_airport,Suntar Airport,62.185,117.635,452,AS,Russia,,Suntar,true,100
38032,TCG,ZWTC,small_airport,Tacheng Qianquan Airport,46.6725,83.3408,0,AS,China,,Tacheng,true,100
36277,RZP,RPSD,small_airport,Cesar Lim Rodriguez (Taytay-Sandoval) Airport,11.0506,119.5193,80,AS,Philippines,,Taytay,true,100
38369,TLT,,small_airport,Tuluksak Airport,61.087,-160.9228,30,NA,United States,,Tuluksak,true,100
38432,TNK,,small_airport,Tununak Airport,60.5696,-165.2466,14,NA,United States,,Tununak,true,100
39671,ULZ,ZMDN,small_airport,Donoi Airport,47.7093,96.5258,5800,AS,Mongolia,,Uliastai,true,100
39702,UMU,SSUM,small_airport,Orlando de Carvalho Airport,-23.7987,-53.3138,1552,SA,Brazil,,Umuarama,true,100
39718,UNA,SBTC,small_airport,Una-Comandatuba Airport,-15.3544,-38.9987,23,SA,Brazil,,Una,true,100
40014,UVI,SSUV,small_airport,José Cleto Airport,-26.2332,-51.0668,2467,SA,Brazil,,União da Vitória,true,100
39616,UKG,UEBT,small_airport,Ust-Kuyga Airport,70.011,135.645,327,EU,Russia,,Ust-Kuyga,true,100
31702,OGM,,small_airport,Ogobsucum Airport,9.1383,-77.9339,13,NA,Panama,,Ustupu,true,100
40620,VCC,,small_airport,Vacaria Airport,-28.4325,-51.0233,2999,SA,Brazil,,Vacaria,true,100
40694,VEE,PAVE,small_airport,Venetie Airport,67.0087,-146.366,574,NA,United States,,Venetie,true,100
35698,RJM,WASN,small_airport,Marinda Airport,-0.425,130.7735,9,AS,Indonesia,,Waisai,true,100
40871,VJB,FQXA,small_airport,Xai-Xai Chongoene Airport,-24.8929,33.753,291,AF,Mozambique,,Xai-Xai,true,100
45921,ZFL,ZWZS,small_airport,Zhaosu Tianma Airport,43.0885,81.223,0,AS,China,,Zhaosu,true,100
23019,HRF,,small_airport,Hoarafushi Airport,6.9697,72.8963,0,AS,Maldives,,,true,100
13633,AIP,VIAX,small_airport,Adampur Airport,31.4338,75.7588,775,AS,India,,Adampur,true,100
13555,AGJ,RORA,small_airport,Aguni Airport,26.5928,127.2403,38,AS,Japan,,Aguni,true,100
14029,ATP,AYAI,small_airport,Aitape Airport,-3.1436,142.3468,10,OC,Papua New Guinea,,Aitape,true,100
23021,HRH,,small_airport,Aligarh Airport,27.8614,78.1454,619,AS,India,,Aligarh,true,100
21327,GGF,SNYA,small_airport,Almeirim Airport,-1.4795,-52.5782,584,SA,Brazil,,Almeirim,true,100
38244,TIC,,small_airport,Tinak Airport,7.1218,171.9116,4,OC,Marshall Islands,,Arno Atoll,true,100
24138,IMI,,small_airport,Ine Airport,7.0056,171.657,4,OC,Marshall Islands,,Arno Atoll,true,100
13350,AAU,NSAU,small_airport,Asau Airport,-13.5051,-172.6279,0,OC,Samoa,,Asau,true,100
27708,LDO,SMDO,small_airport,Ladouanie Airport,4.3761,-55.4071,236,SA,Suriname,,Aurora,true,100
14123,AWB,AYAW,small_airport,Awaba Airport,-8.0134,142.7521,32,OC,Papua New Guinea,,Awaba,true,100
35633,RHT,ZBAR,small_airport,Alxa Right Banner Badanjilin Airport,39.225,101.546,4659,AS,China,,Badanjilin,true,100
15074,BMQ,,small_airport,Bamburi Airport,-3.9814,39.7311,52,AF,Kenya,,Bamburi,true,100
25652,JSK,OIZJ,small_airport,Jask Airport,25.6548,57.8017,19,AS,Iran,,Bandar-e-Jask,true,100
15476,BXW,WARW,small_airport,Harun Thohir Airport,-5.7236,112.6789,93,AS,Indonesia,,Bawean,true,100
15044,BLW,HCMN,small_airport,Beledweyne Airport,4.767,45.2388,559,AF,Somalia,,Beledweyne,true,100
26955,KSR,WAWH,small_airport,Selayar - Haji Aroeppala Airport,-6.1792,120.4375,13,AS,Indonesia,,Benteng,true,100
13620,AIC,,small_airport,Ailinglaplap Airok Airport,7.2794,168.8257,16,OC,Marshall Islands,,Bigatyelang Island,true,100
13529,AFT,AGAF,small_airport,Afutara Aerodrome,-9.1914,160.9486,23,OC,Solomon Islands,,Bila,true,100
31596,ODO,UIKB,small_airport,Bodaybo Airport,57.8661,114.243,919,AS,Russia,,Bodaybo,true,100
15095,BNB,FZGN,small_airport,Boende Airport,-0.2867,20.8836,1168,AF,Democratic Republic of the Congo,,Boende,true,100
15208,BQG,UHNB,small_airport,Bogorodskoye Airport,52.381,140.4494,150,AS,Russia,,Bogorodskoye,true,100
15149,BOT,AYET,small_airport,Bosset Airport,-7.2373,141.1063,80,OC,Papua New Guinea,,Bosset,true,100
15324,BTO,,small_airport,Botopasi Airport,4.2175,-55.4471,242,SA,Suriname,,Botopasi,true,100
13340,AAK,NGUK,small_airport,Aranuka Airport,0.1853,173.637,6,OC,Kiribati,,Buariki,true,100
39765,UOL,WAFY,small_airport,Buol - Pogogul Airport,1.1023,121.4134,49,AS,Indonesia,,Buol,true,100
14668,BBG,NGTU,small_airport,Butaritari Airport,3.0858,172.811,5,OC,Kiribati,,Butaritari,true,100
16271,CJZ,,small_airport,Pedro Vieira Moreira Airport,-6.8827,-38.6158,1099,SA,Brazil,,Cajazeiras,true,100
32340,OYC,,small_airport,Camopi Airport,3.1728,-52.3361,220,SA,French Guiana,,Camopi,true,100
33169,PLD,MRCR,small_airport,Playa Samara/Carrillo Airport,9.8705,-85.4814,50,NA,Costa Rica,,Carrillo,true,100
16078,CEM,PACE,small_airport,Central Airport,65.5738,-144.7807,937,NA,United States,,Central,true,100
16220,CIK,PACI,small_airport,Chalkyitsik Airport,66.645,-143.74,544,NA,United States,,Chalkyitsik,true,100
26368,KCG,,small_airport,Chignik Airport,56.3115,-158.373,18,NA,United States,,Chignik,true,100
26373,KCL,,small_airport,Chignik Lagoon Airport,56.3108,-158.5348,25,NA,United States,,Chignik Flats,true,100
26378,KCQ,,small_airport,Chignik Lake Airport,56.255,-158.775,50,NA,United States,,Chignik Lake,true,100
15994,CCA,SLHI,small_airport,Chimore Airport,-16.9768,-65.1456,875,SA,Bolivia,,Chimore,true,100
16835,CZN,,small_airport,Chisana Airport,62.0712,-142.048,3318,NA,United States,,Chisana,true,100
25721,JUH,ZSJH,small_airport,Chizhou Jiuhuashan Airport,30.7403,117.6856,60,AS,China,,Chizhou,true,100
16198,CHY,AGGC,small_airport,Choiseul Bay Airport,-6.7119,156.3961,0,OC,Solomon Islands,,Choiseul Bay,true,100
24312,IRC,PACR,small_airport,Circle City (New) Airport,65.8277,-144.0762,613,NA,United States,,Circle,true,100
16333,CLP,PFCL,small_airport,Clarks Point Airport,58.8337,-158.529,80,NA,United States,,Clarks Point,true,100
33213,PML,PAAL,small_airport,Port Moller Airport,56.006,-160.561,20,NA,United States,,Cold Bay,true,100
44516,YCK,CYVL,small_airport,Tommy Kochon Airport,67.0202,-126.1284,870,NA,Canada,,Colville Lake,true,100
17631,DLR,,small_airport,Dalnerechensk Airport,45.8799,133.7376,272,AS,Russia,,Dalnerechensk,true,100
17794,DQA,ZYDQ,small_airport,Daqing Sartu Airport,46.7509,125.1386,496,AS,China,,Daqing,true,100
17870,DSE,HADC,small_airport,Kombolcha Airport,11.1098,39.7259,6120,AF,Ethiopia,,Dessie,true,100
17726,DOE,,small_airport,Djumu-Djomoe Airport,4.0057,-55.4816,290,SA,Suriname,,Djumu-Djomoe,true,100
17839,DRJ,SMDA,small_airport,Drietabbetje Airport,4.1114,-54.6728,236,SA,Suriname,,Drietabbetje,true,100
18514,EAA,PAEG,small_airport,Eagle Airport,64.778,-141.1505,908,NA,United States,,Eagle,true,100
41963,WDN,,small_airport,Waldron Airstrip,48.7114,-123.0182,140,NA,United States,,Eastsound,true,100
18851,EJN,ZBEN,small_airport,Ejin Banner Taolai Airport,42.0155,101.0005,3077,AS,China,,Ejin Banner,true,100
26444,KEK,,small_airport,Ekwok Airport,59.3568,-157.471,135,NA,United States,,Ekwok,true,100
18857,EJT,,small_airport,Enejit Airport,6.0404,171.9846,30,OC,Marshall Islands,,Enejit Island,true,100
20087,FHZ,NTKH,small_airport,Fakahina Airport,-15.9923,-140.1642,3,OC,French Polynesia,,Fakahina,true,100
42541,WTP,AYWT,small_airport,Woitape Airport,-8.5458,147.2525,5200,OC,Papua New Guinea,,Fatima Mission,true,100
20281,FND,,small_airport,Funadhoo Airport,6.1624,73.2875,0,AS,Maldives,,Funadhoo,true,100
21762,GSI,SOGS,small_airport,Grand-Santi Airport,4.2858,-54.3731,207,SA,French Guiana,,Grand-Santi,true,100
22413,HAL,FYHI,small_airport,Halali Airport,-19.0285,16.4585,3639,AF,Namibia,,Halali,true,100
22763,HKB,,small_airport,Healy Lake Airport,63.9958,-144.6926,1180,NA,United States,,Healy Lake,true,100
22727,HJB,ZWHJ,small_airport,Hejing Bayinbuluke Airport,42.9764,83.9955,8219,AS,China,,Hejing,true,100
22679,HHZ,NTGH,small_airport,Hikueru Airport,-17.5483,-142.612,12,OC,French Polynesia,,Hikueru,true,100
23128,HUG,MGHT,small_airport,Huehuetenango Airport,15.3167,-91.5056,6135,NA,Guatemala,,Huehuetenango,true,100
23140,HUS,PAHU,small_airport,Hughes Airport,66.0411,-154.263,299,NA,United States,,Hughes,true,100
23920,IGG,PAIG,small_airport,Igiugig Airport,59.324,-155.902,90,NA,United States,,Igiugig,true,100
24167,INB,,small_airport,Independence Airport,16.5346,-88.4416,18,NA,Belize,,Independence,true,100
15365,BUT,VQBT,small_airport,Bathpalathang Airport,27.5622,90.7471,8485,AS,Bhutan,,Jakar,true,100
25031,JBB,WARE,small_airport,Notohadinegoro Airport,-8.2425,113.6935,281,AS,Indonesia,,Jember,true,100
25714,JUA,SIZX,small_airport,Inácio Luís do Nascimento Airport,-11.2966,-57.5495,870,SA,Brazil,,Juara,true,100
25625,JRT,,small_airport,Juruti Airport,-2.1867,-56.0903,108,SA,Brazil,,Juruti,true,100
21150,GBI,VOGB,small_airport,Kalaburagi Airport,17.3082,76.9652,1571,AS,India,,Kalaburagi,true,100
25365,JKL,LGKY,small_airport,Kalymnos Airport,36.9633,26.9406,771,EU,Greece,,Kalymnos Island,true,100
27164,KYK,PAKY,small_airport,Karluk Airport,57.5659,-154.4538,137,NA,United States,,Karluk,true,100
26567,KHZ,NTKA,small_airport,Kauehi Airport,-15.7806,-145.1284,13,OC,French Polynesia,,Kauehi,true,100
26843,KPN,PAKI,small_airport,Kipnuk Airport,59.9318,-164.0282,11,NA,United States,,Kipnuk,true,100
27132,KXO,HUKI,small_airport,Kisoro Airport,-1.2837,29.7197,6200,AF,Uganda,,Kisoro,true,100
31530,OBU,PAOB,small_airport,Kobuk Airport,66.9123,-156.897,137,NA,United States,,Kobuk,true,100
22520,HDK,,small_airport,Kulhudhuffushi Airport,6.6308,73.0678,0,AS,Maldives,,Kulhudhuffushi,true,100
18537,EAX,SMEG,small_airport,Eduard Alexander Gummels Airport,5.8604,-55.192,49,SA,Suriname,,Kwatta,true,100
27639,LBR,SWLB,small_airport,Lábrea Airport,-7.279,-64.7695,243,SA,Brazil,,Lábrea,true,100
26699,KLN,PALB,small_airport,Larsen Bay Airport,57.5352,-153.9765,87,NA,United States,,Larsen Bay,true,100
27700,LDG,ULAL,small_airport,Leshukonskoye Airport,64.896,45.723,220,EU,Russia,,Leshukonskoye,true,100
26697,KLL,,small_airport,Levelock Airport,59.1261,-156.8609,39,NA,United States,,Levelock,true,100
36093,RUL,,small_airport,Maavaarulaa Airport,0.3381,73.5129,0,AS,Maldives,,Maavaarulu,true,100
28074,LNU,,small_airport,Robert Atty Bessing,3.5753,116.6198,26,AS,Indonesia,,Malinau,true,100
29146,MHM,AGOB,small_airport,Manaoba Airport,-8.325,160.8005,14,OC,Solomon Islands,,Manaoba,true,100
29732,MXW,ZMMG,small_airport,Mandalgobi Airport,45.7381,106.269,4550,AS,Mongolia,,Mandalgobi,true,100
26736,KMO,PAMB,small_airport,Manokotak Airport,58.9321,-158.9019,107,NA,United States,,Manokotak,true,100
29622,MUU,,small_airport,Barra Grande Airport,-13.9061,-38.9408,23,SA,Brazil,,Maraú,true,100
29711,MXB,,small_airport,Andi Jemma Airport,-2.558,120.3243,164,AS,Indonesia,,Masamba,true,100
29369,MNT,,small_airport,Minto Al Wright Airport,65.148,-149.3687,460,NA,United States,,Minto,true,100
29395,MOJ,SMMO,small_airport,Moengo Airstrip,5.6076,-54.4003,49,SA,Suriname,,Moengo,true,100
29230,MJY,,small_airport,Motygino Airport,58.1809,94.7453,538,AS,Russia,,Motygino,true,100
29437,MPP,,small_airport,Mulatupo Airport,8.9455,-77.7335,15,NA,Panama,,Mulatupo,true,100
37281,SRL,,small_airport,Palo Verde Airport,27.0927,-112.0985,127,NA,Mexico,,Mulegé,true,100
30486,NIU,NTKN,small_airport,Naiu Airport,-16.1193,-146.3688,50,OC,French Polynesia,,Naiu Atoll,true,100
42310,WNA,PANA,small_airport,Napakiak Airport,60.6903,-161.979,17,NA,United States,,Napakiak,true,100
33130,PKA,PAPK,small_airport,Napaskiak Airport,60.7029,-161.778,24,NA,United States,,Napaskiak,true,100
30198,NAU,NTGN,small_airport,Napuka Island Airport,-14.1774,-141.2661,7,OC,French Polynesia,,Napuka Island,true,100
43766,XRQ,,small_airport,New Barag Right Banner Baogede Airport,48.5756,116.9394,1798,AS,China,,New Barag Right Banner,true,100
30467,NIB,PAFS,small_airport,Nikolai Airport,63.0179,-154.3604,441,NA,United States,,Nikolai,true,100
31084,NZG,,small_airport,Nizhneangarsk International Airport,55.8008,109.595,1545,AS,Russia,,Nizhneangarsk,true,100
30657,NNL,PANO,small_airport,Nondalton Airport,59.9802,-154.839,314,NA,United States,,Nondalton,true,100
32107,ORV,PFNO,small_airport,Robert (Bob) Curtis Memorial Airport,66.8179,-161.019,55,NA,United States,,Noorvik,true,100
30909,NUL,PANU,small_airport,Nulato Airport,64.7293,-158.074,399,NA,United States,,Nulato,true,100
31518,OBI,SNTI,small_airport,Óbidos Municipal Airport,-1.868,-55.5146,328,SA,Brazil,,Óbidos,true,100
31877,OLH,,small_airport,Old Harbor Airport,57.2181,-153.27,55,NA,United States,,Old Harbor,true,100
26819,KOZ,,small_airport,Ouzinkie Airport,57.9421,-152.4643,55,NA,United States,,Ouzinkie,true,100
33653,PYT,,small_airport,Pedro Rabelo de Souza Airport,-17.2426,-46.8831,2359,SA,Brazil,,Paracatu,true,100
25538,JPE,,small_airport,Nagib Demachki Airport,-3.0198,-47.3165,443,SA,Brazil,,Paragominas,true,100
33002,PGQ,WAEM,small_airport,Buli Airport,0.9171,128.3821,7,AS,Indonesia,,Pekaulang,true,100
33364,PQS,,small_airport,Pilot Station Airport,61.9617,-162.9419,473,NA,United States,,Pilot Station,true,100
33454,PTA,PALJ,small_airport,Port Alsworth Airport,60.2017,-154.3259,280,NA,United States,,Port Alsworth,true,100
32998,PGM,,small_airport,Port Graham Airport,59.3484,-151.83,93,NA,United States,,Port Graham,true,100
32094,ORI,,small_airport,Port Lions Airport,57.8849,-152.8477,52,NA,United States,,Port Lions,true,100
25040,JBK,ZWQT,small_airport,Qitai Jiangbulake Airport,44.1661,89.5501,0,AS,China,,Qitai,true,100
35809,RMP,,small_airport,Rampart Airport,65.5079,-150.141,302,NA,United States,,Rampart,true,100
35991,RRR,NTKO,small_airport,Raroia Airport,-16.0505,-142.4766,18,OC,French Polynesia,,Raroia,true,100
24335,IRZ,SWTP,small_airport,Tapuruquara Airport,-0.3786,-64.9926,141,SA,Brazil,,Santa Isabel do Rio Negro,true,100
38370,TLU,SKTL,small_airport,Golfo de Morrosquillo Airport,9.5094,-75.5854,16,SA,Colombia,,Santiago de Tolú,true,100
36122,RVE,SKSA,small_airport,Los Colonizadores Airport,6.9519,-71.8572,680,SA,Colombia,,Saravena,true,100
38080,TDS,AYSS,small_airport,Sasereme Airport,-7.6217,142.868,121,OC,Papua New Guinea,,Sasereme,true,100
37496,SXK,WAPS,small_airport,Mathilda Batlayeri Airport,-7.8484,131.3371,446,AS,Indonesia,,Saumlaki-Yamdena Island,true,100
36280,RZS,OPSW,small_airport,Sawan Airport,26.9662,68.8781,160,AS,Pakistan,,Sawan Gas Field,true,100
37149,SNX,OIIS,small_airport,Semnan Municipal Airport,35.5911,53.4951,3665,AS,Iran,,Semnan,true,100
26701,KLP,WAGF,small_airport,Seruyan Kuala Pembuang Airport,-3.3761,112.5365,13,AS,Indonesia,,Seruyan,true,100
18892,EKS,UHSK,small_airport,Shakhtyorsk Airport,49.1903,142.083,50,AS,Russia,,Shakhtyorsk,true,100
27827,LGZ,ZUSH,small_airport,Shannan Longzi Airport,28.4224,92.3481,12959,AS,China,,Shannan,true,100
36915,SHF,ZWHZ,small_airport,Shihezi Huayuan Airport,44.2421,85.8905,1700,AS,China,,Shihezi,true,100
41215,VSV,,small_airport,Shravasti Airport,27.4997,82.0329,366,AS,India,,Shravasti,true,100
36916,SHG,PAGH,small_airport,Shungnak Airport,66.8881,-157.162,197,NA,United States,,Shungnak,true,100
36953,SIH,VNDT,small_airport,Silgadi Doti Airport,29.2622,80.936,2100,AS,Nepal,,Silgadi Doti,true,100
35730,RKI,,small_airport,Mentawai Airport,-2.0942,99.6992,26,AS,Indonesia,,Sipura Island,true,100
36824,SEW,,small_airport,Siwa Oasis North Airport,29.3462,25.5056,289,AF,Egypt,,Siwa Oasis,true,100
37070,SLQ,PASL,small_airport,Sleetmute Airport,61.7005,-157.166,190,NA,United States,,Sleetmute,true,100
37432,SVS,,small_airport,Stevens Village Airport,66.0167,-149.0568,328,NA,United States,,Stevens Village,true,100
26904,KRC,,small_airport,Departi Parbo Airport,-2.094,101.4702,2600,AS,Indonesia,,Sungai Penuh,true,100
38326,TKM,,small_airport,Taksimo Airport,56.3617,114.93,1634,AS,Russia,,Taksimo,true,100
38186,TGQ,SWTS,small_airport,Tangará da Serra Airport,-14.662,-57.4437,1473,SA,Brazil,,Tangará da Serra,true,100
38728,TVS,ZBSN,small_airport,Tangshan Sannühe Airport,39.7178,118.0026,50,AS,China,,Tangshan (Fengrun),true,100
38279,TJB,,small_airport,Raja Haji Abdullah Airport,1.0529,103.3915,16,AS,Indonesia,,Tanjung Balai-Karinmunbesar Island,true,100
38335,TKV,NTGO,small_airport,Tatakoto Airport,-17.3552,-138.4473,12,OC,French Polynesia,,Tatakoto,true,100
38108,TEK,,small_airport,Tatitlek Airport,60.8714,-146.6903,62,NA,United States,,Tatitlek,true,100
38391,TMF,VRNT,small_airport,Thimarafushi Airport,2.211,73.1533,6,AS,Maldives,,Thimarafushi,true,100
25296,JIO,WAPM,small_airport,Jos Orno Imsula Airport,-8.1407,127.9097,43,AS,Indonesia,,Tiakur,true,100
38424,TNC,PATC,small_airport,Tin City Long Range Radar Station Airport,65.5631,-167.922,271,NA,United States,,Tin City,true,100
31818,OJU,WAFU,small_airport,Tanjung Api Airport,-0.8654,121.6286,49,AS,Indonesia,,Tojo Una-Una,true,100
18594,ECI,MNCE,small_airport,Costa Esmeralda Airport,11.4275,-86.0334,84,NA,Nicaragua,,Tola,true,100
38358,TLI,,small_airport,Sultan Bantilan Airport,1.1234,120.7937,17,AS,Indonesia,,Toli Toli-Celebes Island,true,100
38002,TBM,,small_airport,Tumbang Samba Airport,-1.469,113.081,160,AS,Indonesia,,Tumbang Samba-Borneo Island,true,100
38748,TWC,ZWTS,small_airport,Tumxuk Tangwangcheng Airport,39.8867,79.2334,3566,AS,China,,Tumxuk,true,100
16831,CZJ,,small_airport,Corazón de Jesús Airport,9.4469,-78.5757,8,NA,Panama,,Tupile,true,100
21634,GOY,UNIT,small_airport,Tura Mountain Airport,64.3335,100.4329,2044,AS,Russia,,Tura,true,100
38746,TWA,,small_airport,Twin Hills Airport,59.0747,-160.275,82,NA,United States,,Twin Hills,true,100
33636,PYC,,small_airport,Playón Chico Airport,9.3069,-78.2353,18,NA,Panama,,Ukupseni,true,100
40167,UZR,UASU,small_airport,Urzhar Airport,47.0918,81.6682,0,AS,Kazakhstan,,Urzhar,true,100
39907,USJ,UAAL,small_airport,Usharal Airport,46.1908,80.8309,1288,AS,Kazakhstan,,Usharal,true,100
39700,UMS,UEMU,small_airport,Ust-Maya Airport,60.357,134.435,561,EU,Russia,,Ust-Maya,true,100
38043,TCR,VOTK,small_airport,Tuticorin Airport,8.7242,78.0258,129,AS,India,,Vagaikulam,true,100
40819,VHV,UENI,small_airport,Verkhnevilyuisk Airport,63.4581,120.2692,411,AS,Russia,,Verkhnevilyuisk,true,100
13554,AGI,SMWA,small_airport,Wageningen Airstrip,5.8413,-56.6732,6,SA,Suriname,,Wageningen,true,100
42245,WLH,NVSW,small_airport,Walaha Airport,-15.412,167.691,151,OC,Vanuatu,,Walaha,true,100
42317,WNH,ZPWS,small_airport,Wenshan Puzhehei Airport,23.5583,104.3255,5217,AS,China,,Wenshan,true,100
42500,WSK,ZUWS,small_airport,Chongqing Wushan Airport,31.069,109.709,0,AS,China,,Wushan,true,100
18055,DXJ,ZGXX,small_airport,Xiangxi Biancheng Airport,28.4972,109.5218,0,AS,China,,Xiangxi,true,100
42581,WUT,ZBXZ,small_airport,Xinzhou Wutaishan Airport,38.5975,112.9692,2527,AS,China,,Xinzhou,true,100
44002,XYA,AGGY,small_airport,Yandina Airport,-9.0928,159.2184,60,OC,Solomon Islands,,Yandina,true,100
44452,YAS,NFSW,small_airport,Yasawa Island Airport,-16.7589,177.545,29,OC,Fiji,,Yasawa Island,true,100
26961,KSX,AYYR,small_airport,Yasuru Airport,-6.6015,146.1813,1520,OC,Papua New Guinea,,Yasuru,true,100
44951,YON,VQTY,small_airport,Yongphulla Airport,27.2563,91.5146,9000,AS,Bhutan,,Yongphulla,true,100
13528,AFS,UZSN,small_airport,Sugraly Airport,41.6138,64.233,1396,AS,Uzbekistan,,Zarafshan,true,100
37566,SZI,UASZ,small_airport,Zaysan Airport,47.4875,84.8877,1877,AS,Kazakhstan,,Zaysan,true,100
39467,UGB,,small_airport,Ugashik Bay Airport,57.4241,-157.7448,132,NA,United States,,Pilot Point,true,75
29751,MYF,KMYF,small_airport,Montgomery-Gibbs Executive Airport,32.8157,-117.14,427,NA,United States,,San Diego,true,50
36789,SDX,KSEZ,small_airport,Sedona Airport,34.8486,-111.788,4830,NA,United States,,Sedona,true,50
36735,SCF,KSDL,small_airport,Scottsdale Airport,33.6229,-111.911,1510,NA,United States,,Scottsdale,true,50
13872,APC,KAPC,small_airport,Napa County Airport,38.2132,-122.281,35,NA,United States,,Napa,true,50
13456,ADS,KADS,small_airport,Addison Airport,32.9686,-96.8364,644,NA,United States,,Dallas,true,50
23057,HSH,KHND,small_airport,Henderson Executive Airport,35.9728,-115.134,2492,NA,United States,,Las Vegas,true,50
28352,LVK,KLVK,small_airport,Livermore Municipal Airport,37.6934,-121.82,400,NA,United States,,Livermore,true,50
42606,WVI,KWVI,small_airport,Watsonville Municipal Airport,36.9357,-121.79,163,NA,United States,,Watsonville,true,50
23197,HWD,KHWD,small_airport,Hayward Executive Airport,37.6592,-122.122,52,NA,United States,,Hayward,true,50
14109,AVX,KAVX,small_airport,Catalina Airport,33.4049,-118.416,1602,NA,United States,,Avalon,true,50
17993,DVT,KDVT,small_airport,Phoenix Deer Valley Airport,33.6883,-112.083,1478,NA,United States,,Phoenix,true,50
36806,SEE,KSEE,small_airport,Gillespie Field,32.8262,-116.972,388,NA,United States,,San Diego/El Cajon,true,50
29532,MSC,KFFZ,small_airport,Falcon Field,33.4608,-111.728,1394,NA,United States,,Mesa,true,50
31551,OCF,KOCF,small_airport,Ocala International Airport - Jim Taylor Field,29.1726,-82.2242,90,NA,United States,,Ocala,true,50
18017,DWH,KDWH,small_airport,David Wayne Hooks Memorial Airport,30.0618,-95.5528,152,NA,United States,,Houston,true,50
35635,RHV,KRHV,small_airport,Reid-Hillview Airport of Santa Clara County,37.3329,-121.819,135,NA,United States,,San Jose,true,50
35401,RBD,KRBD,small_airport,Dallas Executive Airport,32.6809,-96.8682,660,NA,United States,,Dallas,true,50
38458,TOA,KTOA,small_airport,Zamperini Field,33.8034,-118.34,103,NA,United States,,Torrance,true,50
19928,FDK,KFDK,small_airport,Frederick Municipal Airport,39.4176,-77.3743,303,NA,United States,,Frederick,true,50
22407,HAF,KHAF,small_airport,Half Moon Bay Airport,37.5134,-122.501,66,NA,United States,,Half Moon Bay,true,50
33562,PWA,KPWA,small_airport,Wiley Post Airport,35.5342,-97.6471,1300,NA,United States,,Oklahoma City,true,50
19990,FFA,KFFA,small_airport,First Flight Airport,36.0182,-75.6713,13,NA,United States,,Kill Devil Hills,true,50
37378,SUA,KSUA,small_airport,Witham Field,27.1817,-80.2211,16,NA,United States,,Stuart,true,50
35403,RBF,,small_airport,Big Bear City Airport,34.2638,-116.856,6752,NA,United States,,Big Bear,true,50
19894,FCM,KFCM,small_airport,Flying Cloud Airport,44.8272,-93.4571,906,NA,United States,,Minneapolis,true,50
16426,COA,,small_airport,Columbia Airport,38.0304,-120.415,2118,NA,United States,,Columbia,true,50
20541,FUL,KFUL,small_airport,Fullerton Municipal Airport,33.872,-117.98,96,NA,United States,,Fullerton,true,50
14063,AUN,KAUN,small_airport,Auburn Municipal Airport,38.9548,-121.082,1539,NA,United States,,Auburn,true,50
16052,CDW,KCDW,small_airport,Essex County Airport,40.8752,-74.2814,173,NA,United States,,Caldwell,true,50
16404,CNO,KCNO,small_airport,Chino Airport,33.9747,-117.637,650,NA,United States,,Chino,true,50
35849,RNT,KRNT,small_airport,Renton Municipal Airport,47.4931,-122.216,32,NA,United States,,Renton,true,50
16163,CGZ,KCGZ,small_airport,Casa Grande Municipal Airport,32.9549,-111.767,1464,NA,United States,,Casa Grande,true,50
28506,LZU,KLZU,small_airport,Gwinnett County Briscoe Field,33.9781,-83.9624,1061,NA,United States,,Lawrenceville,true,50
28435,LXV,KLXV,small_airport,Lake County Airport,39.2203,-106.317,9927,NA,United States,,Leadville,true,50
35408,RBK,,small_airport,French Valley Airport,33.5742,-117.128,1350,NA,United States,,Murrieta,true,50
30701,NOT,KDVO,small_airport,Marin County Airport - Gnoss Field,38.1436,-122.556,2,NA,United States,,Novato,true,50
21399,GIF,KGIF,small_airport,Winter Haven Regional Airport - Gilbert Field,28.0629,-81.7533,145,NA,United States,,Winter Haven,true,50
16480,CPS,KCPS,small_airport,St Louis Downtown Airport,38.5707,-90.1562,413,NA,United States,,Cahokia/St Louis,true,50
25074,JCI,KIXD,small_airport,New Century AirCenter Airport,38.8309,-94.8903,1087,NA,United States,,New Century,true,50
41016,VNC,KVNC,small_airport,Venice Municipal Airport,27.0705,-82.4408,18,NA,United States,,Venice,true,50
43191,XBR,,small_airport,Brockville - Thousand Islands Regional Tackaberry Airport,44.6394,-75.7503,402,NA,Canada,,Brockville,true,50
16212,CIC,KCIC,small_airport,Chico Regional Airport,39.7956,-121.8577,240,NA,United States,,Chico,true,50
27666,LCI,KLCI,small_airport,Laconia Municipal Airport,43.5727,-71.4189,545,NA,United States,,Laconia / Gilford,true,50
44528,YCW,CYCW,small_airport,Chilliwack Airport,49.1532,-121.9393,32,NA,Canada,,Chilliwack,true,50
25761,JVL,KJVL,small_airport,Southern Wisconsin Regional Airport,42.6203,-89.0416,808,NA,United States,,Janesville,true,50
13985,ASH,KASH,small_airport,Nashua Airport / Boire Field,42.7817,-71.5148,199,NA,United States,,Nashua,true,50
33528,PVC,KPVC,small_airport,Provincetown Municipal Airport,42.0719,-70.2214,9,NA,United States,,Provincetown,true,50
31800,OJC,KOJC,small_airport,Johnson County Executive Airport,38.8476,-94.7376,1096,NA,United States,,Olathe,true,50
44977,YPD,,small_airport,Parry Sound Area Municipal Airport,45.2575,-79.8297,832,NA,Canada,,Parry Sound,true,50
14108,AVW,KAVQ,small_airport,Marana Regional Airport,32.4091,-111.2162,2031,NA,United States,,Marana,true,50
33032,PHK,KPHK,small_airport,Palm Beach County Glades Airport,26.785,-80.6934,16,NA,United States,,Pahokee,true,50
20209,FLD,KFLD,small_airport,Fond du Lac County Airport,43.7712,-88.4884,808,NA,United States,,Fond du Lac,true,50
29047,MEV,KMEV,small_airport,Minden-Tahoe Airport,39.0003,-119.751,4722,NA,United States,,Minden,true,50
33531,PVF,KPVF,small_airport,Placerville Airport,38.7242,-120.753,2585,NA,United States,,Placerville,true,50
37204,SPG,KSPG,small_airport,Albert Whitted Airport,27.7651,-82.627,7,NA,United States,,St Petersburg,true,50
21831,GUF,KJKA,small_airport,Jack Edwards National Airport,30.2905,-87.6718,17,NA,United States,,Gulf Shores,true,50
22806,HLI,KCVH,small_airport,Hollister Municipal Airport,36.8933,-121.41,230,NA,United States,,Hollister,true,50
42260,WLW,KWLW,small_airport,Willows Glenn County Airport,39.5164,-122.218,141,NA,United States,,Willows,true,50
18965,EMT,KEMT,small_airport,San Gabriel Valley Airport,34.0861,-118.035,296,NA,United States,,El Monte,true,50
29504,MRK,KMKY,small_airport,Marco Island Executive Airport,25.995,-81.6725,5,NA,United States,,Marco Island,true,50
33095,PJB,KPAN,small_airport,Payson Airport,34.2568,-111.339,5157,NA,United States,,Payson,true,50
13943,ARB,KARB,small_airport,Ann Arbor Municipal Airport,42.223,-83.7456,839,NA,United States,,Ann Arbor,true,50
13891,APV,KAPV,small_airport,Apple Valley Airport,34.5753,-117.186,3062,NA,United States,,Apple Valley,true,50
19175,ESN,KESN,small_airport,Easton Airport / Newnam Field,38.8042,-76.069,72,NA,United States,,Easton,true,50
25143,JEF,KJEF,small_airport,Jefferson City Memorial Airport,38.5912,-92.1561,549,NA,United States,,Jefferson City,true,50
33276,POC,KPOC,small_airport,Brackett Field,34.0916,-117.782,1011,NA,United States,,La Verne,true,50
23100,HTO,KJPX,small_airport,Town of East Hampton Airport,40.96,-72.2511,55,NA,United States,,East Hampton,true,50
19147,ERV,KERV,small_airport,Kerrville / Kerr County Airport at Louis Schreiner Field,29.9767,-99.0857,1617,NA,United States,,Kerrville,true,50
14064,AUO,KAUO,small_airport,Auburn University Regional Airport,32.6151,-85.434,777,NA,United States,,Auburn,true,50
15472,BXS,,small_airport,Borrego Valley Airport,33.259,-116.321,520,NA,United States,,Borrego Springs,true,50
29660,MVW,KBVS,small_airport,Skagit Regional Airport,48.4709,-122.421,144,NA,United States,,Burlington,true,50
16286,CKE,,small_airport,Lampson Field,38.9906,-122.901,1379,NA,United States,,Lakeport,true,50
28380,LWC,KLWC,small_airport,Lawrence Municipal Airport,39.0112,-95.2166,833,NA,United States,,Lawrence,true,50
28957,MCD,KMCD,small_airport,Mackinac Island Airport,45.8649,-84.6373,739,NA,United States,,Mackinac Island,true,50
36850,SFM,KSFM,small_airport,Sanford Seacoast Regional Airport,43.3939,-70.708,244,NA,United States,,Sanford,true,50
21485,GKT,KGKT,small_airport,Gatlinburg-Pigeon Forge Airport,35.8578,-83.5287,1014,NA,United States,,Sevierville,true,50
13450,ADM,KADM,small_airport,Ardmore Municipal Airport,34.303,-97.0196,777,NA,United States,,Ardmore,true,50
16040,CDK,KCDK,small_airport,George T Lewis Airport,29.1341,-83.0508,11,NA,United States,,Cedar Key,true,50
22853,HMT,KHMT,small_airport,Hemet Ryan Airport,33.734,-117.023,1512,NA,United States,,Hemet,true,50
35818,RMY,KMPI,small_airport,Mariposa Yosemite Airport,37.5109,-120.04,2254,NA,United States,,Mariposa,true,50
31514,OBE,KOBE,small_airport,Okeechobee County Airport,27.2628,-80.8498,34,NA,United States,,Okeechobee,true,50
32168,OTK,KTMK,small_airport,Tillamook Airport,45.4182,-123.814,36,NA,United States,,Tillamook,true,50
20324,FOK,KFOK,small_airport,Francis S Gabreski Airport,40.8437,-72.6318,67,NA,United States,,Westhampton Beach,true,50
15034,BLM,KBLM,small_airport,Monmouth Executive Airport,40.1869,-74.1249,153,NA,United States,,Belmar/Farmingdale,true,50
39361,UDD,KUDD,small_airport,Bermuda Dunes Airport,33.7485,-116.275,73,NA,United States,,Bermuda Dunes,true,50
41898,WBU,KBDU,small_airport,Boulder Municipal Airport,40.0391,-105.226,5288,NA,United States,,Boulder,true,50
21873,GVL,KGVL,small_airport,Lee Gilmer Memorial Airport,34.2726,-83.8302,1276,NA,United States,,Gainesville,true,50
22476,HCC,,small_airport,Columbia County Airport,42.2913,-73.7103,198,NA,United States,,Hudson,true,50
29107,MGJ,KMGJ,small_airport,Orange County Airport,41.51,-74.2646,364,NA,United States,,Montgomery,true,50
32207,OUN,KOUN,small_airport,University of Oklahoma Westheimer Airport,35.2456,-97.4721,1182,NA,United States,,Norman,true,50
32304,OXC,KOXC,small_airport,Waterbury Oxford Airport,41.4786,-73.1352,726,NA,United States,,Oxford,true,50
33322,PPM,KPMP,small_airport,Pompano Beach Airpark,26.2471,-80.1111,19,NA,United States,,Pompano Beach,true,50
37573,SZP,KSZP,small_airport,Santa Paula Airport,34.3472,-119.061,243,NA,United States,,Santa Paula,true,50
16630,CTY,KCTY,small_airport,Cross City Airport,29.6355,-83.1048,42,NA,United States,,Cross City,true,50
17909,DTH,,small_airport,Furnace Creek Airport,36.4638,-116.881,-210,NA,United States,,Death Valley,true,50
24142,IMM,KIMM,small_airport,Immokalee Regional Airport,26.4279,-81.4035,37,NA,United States,,Immokalee,true,50
24224,IOW,KIOW,small_airport,Iowa City Municipal Airport,41.6392,-91.5465,668,NA,United States,,Iowa City,true,50
37234,SQA,KIZA,small_airport,Santa Ynez Airport,34.6068,-120.076,674,NA,United States,,Santa Ynez,true,50
14777,BEH,KBEH,small_airport,Southwest Michigan Regional Airport,42.1286,-86.4285,643,NA,United States,,Benton Harbor,true,50
16336,CLS,KCLS,small_airport,Chehalis Centralia Airport,46.677,-122.983,176,NA,United States,,Chehalis,true,50
21506,GLE,KGLE,small_airport,Gainesville Municipal Airport,33.6514,-97.197,845,NA,United States,,Gainesville,true,50
21958,GXY,KGXY,small_airport,Greeley–Weld County Airport,40.4374,-104.633,4697,NA,United States,,Greeley,true,50
42109,WHP,KWHP,small_airport,Whiteman Airport,34.2593,-118.413,1003,NA,United States,,Pacoima,true,50
15152,BOW,KBOW,small_airport,Bartow Executive Airport,27.9434,-81.7834,125,NA,United States,,Bartow,true,50
21114,GAI,KGAI,small_airport,Montgomery County Airpark,39.1683,-77.166,539,NA,United States,,Gaithersburg,true,50
21987,GYR,KGYR,small_airport,Phoenix Goodyear Airport,33.4225,-112.376,968,NA,United States,,Goodyear,true,50
29040,MEO,KMQI,small_airport,Dare County Regional Airport,35.9188,-75.6957,13,NA,United States,,Manteo,true,50
36863,SFZ,KSFZ,small_airport,North Central State Airport,41.9208,-71.4914,441,NA,United States,,Pawtucket,true,50
33423,PSF,KPSF,small_airport,Pittsfield Municipal Airport,42.4268,-73.2929,1188,NA,United States,,Pittsfield,true,50
37071,SLR,KSLR,small_airport,Sulphur Springs Municipal Airport,33.1598,-95.6211,489,NA,United States,,Sulphur Springs,true,50
15421,BWD,KBWD,small_airport,Brownwood Regional Airport,31.7936,-98.9565,1387,NA,United States,,Brownwood,true,50
16086,CEU,KCEU,small_airport,Oconee County Regional Airport,34.6719,-82.8865,892,NA,United States,,Clemson,true,50
17987,DVN,KDVN,small_airport,Davenport Municipal Airport,41.6104,-90.5897,751,NA,United States,,Davenport,true,50
18961,EMP,KEMP,small_airport,Emporia Municipal Airport,38.3321,-96.1912,1208,NA,United States,,Emporia,true,50
21253,GED,KGED,small_airport,Delaware Coastal Airport,38.6892,-75.3589,53,NA,United States,,Georgetown,true,50
27674,LCQ,KLCQ,small_airport,Lake City Gateway Airport,30.182,-82.5769,201,NA,United States,,Lake City,true,50
28247,LSN,KLSN,small_airport,Los Banos Municipal Airport,37.0629,-120.869,121,NA,United States,,Los Banos,true,50
16434,COI,KCOI,small_airport,Merritt Island Airport,28.3416,-80.6855,6,NA,United States,,Merritt Island,true,50
32123,OSB,,small_airport,Grand Glaize Osage Beach Airport,38.1105,-92.6805,875,NA,United States,,Osage Beach,true,50
33646,PYM,KPYM,small_airport,Plymouth Municipal Airport,41.909,-70.7288,148,NA,United States,,Plymouth,true,50
33035,PHN,KPHN,small_airport,St Clair County International Airport,42.911,-82.5289,650,NA,United States,,Port Huron,true,50
17915,DTN,KDTN,small_airport,Shreveport Downtown Airport,32.5402,-93.745,179,NA,United States,,Shreveport,true,50
29327,MMN,,small_airport,Minute Man Air Field,42.4603,-71.519,268,NA,United States,,Stow,true,50
13784,AMW,KAMW,small_airport,Ames Municipal Airport,41.992,-93.6218,956,NA,United States,,Ames,true,50
16761,CXL,KCXL,small_airport,Calexico International Airport,32.6695,-115.513,4,NA,United States,,Calexico,true,50
43222,XCM,CYCK,small_airport,Chatham Kent Airport,42.3064,-82.0819,650,NA,Canada,,Chatham-Kent,true,50
16628,CTW,,small_airport,Cottonwood Airport,34.73,-112.035,3550,NA,United States,,Cottonwood,true,50
21881,GVT,KGVT,small_airport,Majors Airport,33.0678,-96.0653,535,NA,United States,,Greenville,true,50
24508,IWS,KIWS,small_airport,West Houston Airport,29.8182,-95.6726,111,NA,United States,,Houston,true,50
39738,UNU,KUNU,small_airport,Dodge County Airport,43.4266,-88.7032,934,NA,United States,,Juneau,true,50
31584,ODC,,small_airport,Oakdale Airport,37.7563,-120.8,237,NA,United States,,Oakdale,true,50
32234,OVE,KOVE,small_airport,Oroville Municipal Airport,39.4878,-121.622,192,NA,United States,,Oroville,true,50
44704,YHS,,small_airport,Sechelt-Gibsons Airport,49.4606,-123.719,340,NA,Canada,,Sechelt,true,50
40639,VCV,KVCV,small_airport,Southern California Logistics Airport,34.5975,-117.383,2885,NA,United States,,Victorville,true,50
13594,AHM,,small_airport,Ashland Municipal Airport Sumner Parker Field,42.1903,-122.6606,1885,NA,United States,,Ashland,true,50
27804,LGC,KLGC,small_airport,LaGrange Callaway Airport,33.0089,-85.0743,693,NA,United States,,LaGrange,true,50
29261,MKT,KMKT,small_airport,Mankato Regional Airport,44.2248,-93.9191,1021,NA,United States,,Mankato,true,50
29791,MZJ,KMZJ,small_airport,Pinal Airpark,32.5106,-111.328,1893,NA,United States,,Marana,true,50
29551,MSV,KMSV,small_airport,Sullivan County International Airport,41.7016,-74.795,1403,NA,United States,,Monticello,true,50
31891,OLV,KOLV,small_airport,Olive Branch Airport,34.9787,-89.7869,402,NA,United States,,Olive Branch,true,50
33475,PTV,KPTV,small_airport,Porterville Municipal Airport,36.0296,-119.063,442,NA,United States,,Porterville,true,50
35737,RKP,KRKP,small_airport,Aransas County Airport,28.0868,-97.0446,24,NA,United States,,Rockport,true,50
36817,SEP,KSEP,small_airport,Stephenville Clark Regional Airport,32.2153,-98.1777,1321,NA,United States,,Stephenville,true,50
42072,WGO,KOKV,small_airport,Winchester Regional Airport,39.1435,-78.1444,726,NA,United States,,Winchester,true,50
15396,BVO,KBVO,small_airport,Bartlesville Municipal Airport,36.7625,-96.0112,711,NA,United States,,Bartlesville,true,50
21142,GBA,EGBP,small_airport,Cotswold Airport,51.6685,-2.0566,433,EU,United Kingdom,,"Cirencester, Gloucestershire",true,50
19889,FCH,KFCH,small_airport,Fresno Chandler Executive Airport,36.7324,-119.82,279,NA,United States,,Fresno,true,50
22416,HAO,KHAO,small_airport,Butler Co Regional Airport - Hogan Field,39.3638,-84.522,633,NA,United States,,Hamilton,true,50
29363,MNN,KMNN,small_airport,Marion Municipal Airport,40.6162,-83.0635,993,NA,United States,,Marion,true,50
29186,MIQ,KMLE,small_airport,Millard Airport,41.1959,-96.1121,1051,NA,United States,,Omaha,true,50
21200,GCW,,small_airport,Grand Canyon West Airport,35.9858,-113.8171,4825,NA,United States,,Peach Springs,true,50
38749,TWD,,small_airport,Jefferson County International Airport,48.0538,-122.811,108,NA,United States,,Port Townsend,true,50
35667,RIR,KRIR,small_airport,Flabob Airport,33.9897,-117.411,764,NA,United States,,Riverside,true,50
38460,TOC,KTOC,small_airport,Toccoa Airport - R.G. Letourneau Field,34.5938,-83.2958,996,NA,United States,,Toccoa,true,50
15995,CCB,KCCB,small_airport,Upland-Cable Airport,34.1116,-117.688,1444,NA,United States,,Upland,true,50
13337,AAH,EDKA,small_airport,Aachen-Merzbrück Airport,50.8231,6.1864,623,EU,Germany,,Aachen,true,50
15100,BNG,KBNG,small_airport,Banning Municipal Airport,33.9225,-116.8507,2219,NA,United States,,Banning,true,50
15060,BMC,KBMC,small_airport,Brigham City Regional Airport,41.5524,-112.062,4229,NA,United States,,Brigham City,true,50
16142,CGE,KCGE,small_airport,Cambridge Dorchester Airport,38.5393,-76.0304,20,NA,United States,,Cambridge,true,50
14075,AUZ,KARR,small_airport,Aurora Municipal Airport,41.7719,-88.4757,712,NA,United States,,Chicago/Aurora,true,50
19180,ESS,EDLE,small_airport,Essen-Mülheim Airport,51.4023,6.9373,424,EU,Germany,,Essen,true,50
24572,IYK,KIYK,small_airport,Inyokern Airport,35.6588,-117.83,2457,NA,United States,,Inyokern,true,50
27961,LKP,KLKP,small_airport,Lake Placid Airport,44.2645,-73.9619,1747,NA,United States,,Lake Placid,true,50
13841,AOH,KAOH,small_airport,Lima Allen County Airport,40.7069,-84.0267,975,NA,United States,,Lima,true,50
31491,OAR,KOAR,small_airport,Marina Municipal Airport,36.6819,-121.762,137,NA,United States,,Marina,true,50
28993,MDD,KMDD,small_airport,Midland Airpark,32.0365,-102.101,2803,NA,United States,,Midland,true,50
33025,PHD,KPHD,small_airport,Harry Clever Field,40.4709,-81.4197,894,NA,United States,,New Philadelphia,true,50
38617,TSP,KTSP,small_airport,Tehachapi Municipal Airport,35.135,-118.439,4001,NA,United States,,Tehachapi,true,50
14212,AYS,KAYS,small_airport,Waycross Ware County Airport,31.2491,-82.3955,142,NA,United States,,Waycross,true,50
15962,CBE,KCBE,small_airport,Greater Cumberland Regional Airport,39.6154,-78.7609,775,NA,United States,,Wiley Ford,true,50
19395,EYR,,small_airport,Yerington Municipal Airport,39.0041,-119.158,4378,NA,United States,,Yerington,true,50
14699,BCB,KBCB,small_airport,Virginia Tech Montgomery Executive Airport,37.2076,-80.4078,2132,NA,United States,,Blacksburg,true,50
15358,BUM,KBUM,small_airport,Butler Memorial Airport,38.2898,-94.3401,892,NA,United States,,Butler,true,50
28109,LOT,KLOT,small_airport,Lewis University Airport,41.6073,-88.0962,679,NA,United States,,Chicago/Romeoville,true,50
39479,UGN,KUGN,small_airport,Waukegan National Airport,42.4222,-87.8679,727,NA,United States,,Chicago/Waukegan,true,50
16340,CLW,KCLW,small_airport,Clearwater Air Park,27.9767,-82.7587,71,NA,United States,,Clearwater,true,50
17902,DTA,KDTA,small_airport,Delta Municipal Airport,39.3806,-112.508,4759,NA,United States,,Delta,true,50
21109,GAD,KGAD,small_airport,Northeast Alabama Regional Airport,33.9726,-86.089,569,NA,United States,,Gadsden,true,50
26777,KNT,KTKX,small_airport,Kennett Memorial Airport,36.2259,-90.0366,262,NA,United States,,Kennett,true,50
25758,JVI,,small_airport,Central Jersey Regional Airport,40.5244,-74.5984,86,NA,United States,,Manville,true,50
29436,MPO,KMPO,small_airport,Pocono Mountains Municipal Airport,41.136,-75.3796,1915,NA,United States,,Mount Pocono,true,50
33476,PTW,KPTW,small_airport,Heritage Field,40.2396,-75.5567,309,NA,United States,,Pottstown,true,50
35404,RBG,KRBG,small_airport,Roseburg Regional Airport,43.2388,-123.356,529,NA,United States,,Roseburg,true,50
36807,SEF,KSEF,small_airport,Sebring Regional Airport,27.4564,-81.3424,62,NA,United States,,Sebring,true,50
37530,SYI,KSYI,small_airport,Bomar Field / Shelbyville Municipal Airport,35.5601,-86.4425,801,NA,United States,,Shelbyville,true,50
42497,WSH,KHWV,small_airport,Brookhaven Calabro Airport,40.8219,-72.8694,81,NA,United States,,Shirley,true,50
36956,SIK,KSIK,small_airport,Sikeston Memorial Municipal Airport,36.8989,-89.5618,315,NA,United States,,Sikeston,true,50
37392,SUO,,small_airport,Sunriver Airport,43.8763,-121.453,4164,NA,United States,,Sunriver,true,50
41967,WDR,KWDR,small_airport,Barrow County Airport,33.9829,-83.6674,943,NA,United States,,Winder,true,50
46277,ZPH,KZPH,small_airport,Zephyrhills Municipal Airport,28.2282,-82.1559,90,NA,United States,,Zephyrhills,true,50
15464,BXK,KBXK,small_airport,Buckeye Municipal Airport,33.4224,-112.6863,1033,NA,United States,,Buckeye,true,50
15468,BXO,LSZC,small_airport,Buochs Airport,46.9744,8.3969,1475,EU,Switzerland,,Buochs,true,50
16613,CTH,KMQS,small_airport,Chester County G O Carlson Airport,39.979,-75.8655,660,NA,United States,,Coatesville,true,50
16474,CPM,KCPM,small_airport,Compton Woodley Airport,33.89,-118.244,97,NA,United States,,Compton,true,50
22419,HAR,KCXY,small_airport,Capital City Airport,40.2171,-76.8515,347,NA,United States,,Harrisburg,true,50
13523,AFN,KAFN,small_airport,Jaffrey Airfield Silver Ranch Airport,42.8051,-72.003,1040,NA,United States,,Jaffrey,true,50
29283,MLF,KMLF,small_airport,Milford Municipal-Ben and Judy Briscoe Field,38.4266,-113.012,5039,NA,United States,,Milford,true,50
32930,PEQ,KPEQ,small_airport,Pecos Municipal Airport,31.3824,-103.511,2613,NA,United States,,Pecos,true,50
35872,ROG,KROG,small_airport,Rogers Municipal Airport-Carter Field,36.3723,-94.1069,1359,NA,United States,,Rogers,true,50
36706,SBM,KSBM,small_airport,Sheboygan County Memorial Airport,43.7696,-87.8514,755,NA,United States,,Sheboygan,true,50
37418,SVE,KSVE,small_airport,Susanville Municipal Airport,40.3757,-120.573,4149,NA,United States,,Susanville,true,50
38499,TPF,KTPF,small_airport,Peter O Knight Airport,27.9156,-82.4493,8,NA,United States,,Tampa,true,50
39412,UES,KUES,small_airport,Waukesha County Airport,43.041,-88.2371,911,NA,United States,,Waukesha,true,50
28054,LNA,KLNA,small_airport,Palm Beach County Park Airport,26.593,-80.0851,14,NA,United States,,West Palm Beach,true,50
29075,MFN,NZMF,small_airport,Milford Sound Airport,-44.6733,167.923,10,OC,New Zealand,,,true,50
13585,AHD,,small_airport,Ardmore Downtown Executive Airport,34.147,-97.1227,844,NA,United States,,Ardmore,true,50
18882,EKI,KEKM,small_airport,Elkhart Municipal Airport,41.7194,-86.0032,778,NA,United States,,Elkhart,true,50
20468,FSK,KFSK,small_airport,Fort Scott Municipal Airport,37.7984,-94.7694,918,NA,United States,,Fort Scott,true,50
21145,GBD,KGBD,small_airport,Great Bend Municipal Airport,38.3443,-98.8592,1887,NA,United States,,Great Bend,true,50
21620,GOK,KGOK,small_airport,Guthrie-Edmond Regional Airport,35.8498,-97.4156,1069,NA,United States,,Guthrie,true,50
22851,HMR,ENHA,small_airport,"Hamar Lufthavn, Stavsberg",60.8181,11.068,729,EU,Norway,,Hamar,true,50
23093,HTH,KHTH,small_airport,Hawthorne Industrial Airport,38.5444,-118.634,4215,NA,United States,,Hawthorne,true,50
28886,MAE,KMAE,small_airport,Madera Municipal Airport,36.9886,-120.112,255,NA,United States,,Madera,true,50
23268,HYC,EGTB,small_airport,Wycombe Air Park,51.6118,-0.8083,515,EU,United Kingdom,,"Marlow, Buckinghamshire",true,50
29172,MIC,KMIC,small_airport,Crystal Airport,45.062,-93.3539,869,NA,United States,,Minneapolis,true,50
19316,EWK,KEWK,small_airport,Newton City-County Airport,38.0582,-97.2745,1533,NA,United States,,Newton,true,50
31949,ONH,,small_airport,Albert S Nader Regional Airport,42.5247,-75.0644,1763,NA,United States,,Oneonta,true,50
24418,IUA,,small_airport,Canandaigua Airport,42.9089,-77.3252,814,NA,United States,,Ontario County IDA,true,50
33455,PTB,KPTB,small_airport,Dinwiddie County Airport,37.1838,-77.5074,193,NA,United States,,Petersburg,true,50
45058,YRM,CYRM,small_airport,Rocky Mountain House Airport,52.4297,-114.904,3244,NA,Canada,,Rocky Mountain House,true,50
36661,SAD,KSAD,small_airport,Safford Regional Airport,32.8548,-109.635,3179,NA,United States,,Safford,true,50
36808,SEG,KSEG,small_airport,Penn Valley Airport,40.8206,-76.8639,450,NA,United States,,Selinsgrove,true,50
37223,SPZ,KASG,small_airport,Springdale Municipal Airport,36.1764,-94.1193,1353,NA,United States,,Springdale,true,50
36995,SJN,KSJN,small_airport,St Johns Industrial Air Park,34.5186,-109.379,5737,NA,United States,,St Johns,true,50
36712,SBS,KSBS,small_airport,Steamboat Springs Bob Adams Field,40.5163,-106.866,6882,NA,United States,,Steamboat Springs,true,50
29229,MJX,KMJX,small_airport,Ocean County Airport,39.9275,-74.2924,82,NA,United States,,Toms River,true,50
40841,VIH,KVIH,small_airport,Rolla National Airport,38.1274,-91.7695,1148,NA,United States,,Vichy,true,50
13628,AIK,KAIK,small_airport,Aiken Regional Airport,33.6494,-81.685,528,NA,United States,,Aiken,true,50
27752,LEW,KLEW,small_airport,Auburn Lewiston Municipal Airport,44.0485,-70.2835,288,NA,United States,,Auburn/Lewiston,true,50
33176,PLK,KPLK,small_airport,M. Graham Clark Downtown Airport,36.6259,-93.2289,940,NA,United States,,Branson / Hollister,true,50
37177,SOP,KSOP,small_airport,Moore County Airport,35.2372,-79.3894,455,NA,United States,,Carthage,true,50
18897,EKX,KEKX,small_airport,Addington Field / Elizabethtown Regional Airport,37.686,-85.925,775,NA,United States,,Elizabethtown,true,50
13643,AIZ,KAIZ,small_airport,Lee C Fine Memorial Airport,38.096,-92.5495,869,NA,United States,,Kaiser Lake Ozark,true,50
27703,LDJ,KLDJ,small_airport,Linden Airport,40.6174,-74.2446,23,NA,United States,,Linden,true,50
29083,MFV,KMFV,small_airport,Accomack County Airport,37.6469,-75.7611,47,NA,United States,,Melfa,true,50
39707,UMZ,,small_airport,Mena Intermountain Municipal Airport,34.5454,-94.2027,1080,NA,United States,,Mena,true,50
44867,YMB,,small_airport,Merritt Airport,50.1225,-120.7454,2080,NA,Canada,,Merritt,true,50
14685,BBX,KLOM,small_airport,Wings Field,40.1375,-75.2651,302,NA,United States,,Philadelphia,true,50
33548,PVW,KPVW,small_airport,Hale County Airport,34.1681,-101.717,3374,NA,United States,,Plainview,true,50
32861,PCT,,small_airport,Princeton Airport,40.3992,-74.6589,128,NA,United States,,Princeton/Rocky Hill,true,50
38577,TRL,KTRL,small_airport,Terrell Municipal Airport,32.7092,-96.2674,474,NA,United States,,Terrell,true,50
38227,THV,KTHV,small_airport,York Airport,39.917,-76.873,495,NA,United States,,Thomasville,true,50
38087,TDZ,KTDZ,small_airport,Toledo Executive Airport,41.5649,-83.4823,623,NA,United States,,Toledo,true,50
38206,THA,KTHA,small_airport,Tullahoma Regional Airport William Northern Field,35.3801,-86.2464,1083,NA,United States,,Tullahoma,true,50
38437,TNP,KTNP,small_airport,Twentynine Palms Airport,34.1339,-115.9473,1888,NA,United States,,Twentynine Palms,true,50
28067,LNN,KLNN,small_airport,Lake County Executive Airport,41.684,-81.3897,626,NA,United States,,Willoughby,true,50
38084,TDW,KTDW,small_airport,Tradewind Airport,35.1699,-101.826,3649,NA,United States,,Amarillo,true,50
14825,BFT,KARW,small_airport,Beaufort Executive Airport,32.4122,-80.6344,10,NA,United States,,Beaufort,true,50
30947,NVN,,small_airport,Nervino Airport,39.8185,-120.353,4900,NA,United States,,Beckwourth,true,50
16722,CWI,KCWI,small_airport,Clinton Municipal Airport,41.8311,-90.3291,708,NA,United States,,Clinton,true,50
18923,ELN,KELN,small_airport,Bowers Field,47.033,-120.531,1764,NA,United States,,Ellensburg,true,50
41956,WDG,KWDG,small_airport,Enid Woodring Regional Airport,36.3792,-97.7911,1167,NA,United States,,Enid,true,50
20009,FFT,KFFT,small_airport,Capital City Airport,38.1817,-84.9068,806,NA,United States,,Frankfort,true,50
21761,GSH,KGSH,small_airport,Goshen Municipal Airport,41.5264,-85.7929,827,NA,United States,,Goshen,true,50
21805,GTP,,small_airport,Grants Pass Airport,42.5101,-123.388,1126,NA,United States,,Grants Pass,true,50
22448,HBK,,small_airport,Holbrook Municipal Airport,34.9407,-110.138,5262,NA,United States,,Holbrook,true,50
34195,QDV,,small_airport,Comte. Rolim Adolfo Amaro–Jundiaí State Airport,-23.1809,-46.9439,2470,SA,Brazil,,Jundiaí,true,50
26580,KIC,KKIC,small_airport,Mesa Del Rey Airport,36.228,-121.122,370,NA,United States,,King City,true,50
44831,YLB,CYLB,small_airport,Lac La Biche Airport,54.7703,-112.032,1884,NA,Canada,,Lac La Biche,true,50
29281,MLD,KMLD,small_airport,Malad City Airport,42.1666,-112.297,4503,NA,United States,,Malad City,true,50
44888,YMW,CYMW,small_airport,Maniwaki Airport,46.2728,-75.9906,656,NA,Canada,,Messines,true,50
29287,MLJ,KMLJ,small_airport,Baldwin County Regional Airport,33.1542,-83.2407,385,NA,United States,,Milledgeville,true,50
28942,MBY,KMBY,small_airport,Omar N Bradley Airport,39.4644,-92.4284,867,NA,United States,,Moberly,true,50
36970,SIY,KSIY,small_airport,Siskiyou County Airport,41.7814,-122.468,2648,NA,United States,,Montague,true,50
30725,NPH,,small_airport,J. Randy McKnight Nephi Municipal Airport,39.7368,-111.8701,5022,NA,United States,,Nephi,true,50
21559,GMV,,small_airport,Monument Valley Airport,37.0159,-110.202,5192,NA,United States,,Oljato-Monument Valley,true,50
32266,OWA,KOWA,small_airport,Owatonna Degner Regional Airport,44.1234,-93.2606,1145,NA,United States,,Owatonna,true,50
35655,RIF,KRIF,small_airport,Richfield Municipal Airport,38.7341,-112.1016,5301,NA,United States,,Richfield,true,50
37242,SQI,KSQI,small_airport,Whiteside County Airport - Joseph H Bittorf Field,41.7422,-89.6736,648,NA,United States,,Rock Falls,true,50
16683,CVF,LFLJ,small_airport,Courchevel Altiport,45.3975,6.635,6583,EU,France,,Saint-Bon,true,50
37073,SLT,KANK,small_airport,Salida Airport - Harriet Alexander Field,38.5383,-106.049,7523,NA,United States,,Salida,true,50
36923,SHN,KSHN,small_airport,Sanderson Field,47.2336,-123.148,273,NA,United States,,Shelton,true,50
45086,YSE,CYSE,small_airport,Squamish Airport,49.7817,-123.162,171,NA,Canada,,Squamish,true,50
13991,ASN,KASN,small_airport,Talladega Municipal Airport,33.5699,-86.0509,529,NA,United States,,Talladega,true,50
14134,AWM,KAWM,small_airport,West Memphis Municipal Airport,35.1351,-90.2344,212,NA,United States,,West Memphis,true,50
13524,AFO,KAFO,small_airport,Afton Municipal Airport,42.7112,-110.942,6221,NA,United States,,Afton,true,50
13813,ANP,KANP,small_airport,Lee Airport,38.9429,-76.5684,34,NA,United States,,Annapolis,true,50
14758,BDY,,small_airport,Bandon State Airport,43.0865,-124.408,122,NA,United States,,Bandon,true,50
15325,BTP,KBTP,small_airport,Pittsburgh/Butler Regional Airport,40.7769,-79.9497,1248,NA,United States,,Butler,true,50
34792,QUG,EGHR,small_airport,Goodwood Aerodrome,50.8598,-0.7601,98,EU,United Kingdom,,"Chichester, West Sussex",true,50
16324,CLG,,small_airport,New Coalinga Municipal Airport,36.1631,-120.294,622,NA,United States,,Coalinga,true,50
15963,CBF,KCBF,small_airport,Council Bluffs Municipal Airport,41.2592,-95.7606,1253,NA,United States,,Council Bluffs,true,50
17887,DSV,KDSV,small_airport,Dansville Municipal Airport,42.5705,-77.7133,662,NA,United States,,Dansville,true,50
29122,MGY,KMGY,small_airport,Dayton-Wright Brothers Airport,39.589,-84.2249,957,NA,United States,,Dayton,true,50
20183,FKN,KFKN,small_airport,Franklin Regional Airport,36.6981,-76.9038,41,NA,United States,,Franklin,true,50
21148,GBG,KGBG,small_airport,Galesburg Municipal Airport,40.938,-90.4311,764,NA,United States,,Galesburg,true,50
21503,GLB,,small_airport,San Carlos Apache Airport,33.3531,-110.667,3261,NA,United States,,Globe,true,50
40946,VLE,,small_airport,Valle Airport,35.6506,-112.148,5999,NA,United States,,Grand Canyon,true,50
23821,IDP,KIDP,small_airport,Independence Municipal Airport,37.1584,-95.7784,825,NA,United States,,Independence,true,50
22780,HKS,KHKS,small_airport,Hawkins Field,32.3345,-90.2222,341,NA,United States,,Jackson,true,50
29608,MUG,MMMG,small_airport,Mulege Airport,26.9053,-111.9707,66,NA,Mexico,,Mulege,true,50
32098,ORM,EGBK,small_airport,Sywell Aerodrome,52.3053,-0.7931,429,EU,United Kingdom,,"Northampton, Northamptonshire",true,50
33472,PTS,KPTS,small_airport,Atkinson Municipal Airport,37.4495,-94.7311,950,NA,United States,,Pittsburg,true,50
33279,POF,KPOF,small_airport,Poplar Bluff Municipal Airport,36.7739,-90.3249,331,NA,United States,,Poplar Bluff,true,50
21579,GNF,,small_airport,Gansner Field,39.9439,-120.945,3415,NA,United States,,Quincy,true,50
36194,RXE,KRXE,small_airport,Rexburg Madison County Airport,43.8339,-111.805,4858,NA,United States,,Rexburg,true,50
35653,RID,KRID,small_airport,Richmond Municipal Airport,39.7572,-84.8428,1140,NA,United States,,Richmond,true,50
40006,UVA,KUVA,small_airport,Garner Field,29.2113,-99.7436,942,NA,United States,,Uvalde,true,50
19199,ETB,KETB,small_airport,West Bend Municipal Airport,43.4223,-88.129,887,NA,United States,,West Bend,true,50
26593,KIP,KCWC,small_airport,Kickapoo Downtown Airport,33.8578,-98.4904,1003,NA,United States,,Wichita Falls,true,50
15370,BUY,YBUN,small_airport,Bunbury Airport,-33.3781,115.6769,53,OC,Australia,,,true,50
16084,CES,YCNK,small_airport,Cessnock Airport,-32.7875,151.342,210,OC,Australia,,,true,50
40878,VJI,KVJI,small_airport,Virginia Highlands Airport,36.6871,-82.0333,2087,NA,United States,,Abingdon,true,50
13820,ANW,KANW,small_airport,Ainsworth Regional Airport,42.5792,-99.993,2589,NA,United States,,Ainsworth,true,50
14638,BAM,KBAM,small_airport,Battle Mountain Airport,40.599,-116.874,4532,NA,United States,,Battle Mountain,true,50
14677,BBP,EGHJ,small_airport,Bembridge Airport,50.6781,-1.1094,53,EU,United Kingdom,,"Bembridge, Isle of Wight",true,50
15315,BTF,KBTF,small_airport,Skypark Airport,40.8694,-111.927,4234,NA,United States,,Bountiful,true,50
16184,CHK,KCHK,small_airport,Chickasha Municipal Airport,35.0974,-97.9677,1152,NA,United States,,Chickasha,true,50
16156,CGS,KCGS,small_airport,College Park Airport,38.9806,-76.9223,48,NA,United States,,College Park,true,50
17707,DNV,KDNV,small_airport,Vermilion Regional Airport,40.1991,-87.5966,697,NA,United States,,Danville,true,50
33428,PSK,KPSK,small_airport,New River Valley Airport,37.1373,-80.6785,2105,NA,United States,,Dublin,true,50
18632,EDK,KEQA,small_airport,Captain Jack Thomas El Dorado Airport,37.7741,-96.8176,1378,NA,United States,,El Dorado,true,50
21671,GPZ,KGPZ,small_airport,Grand Rapids Itasca Co-Gordon Newstrom field,47.2111,-93.5098,1355,NA,United States,,Grand Rapids,true,50
21216,GDC,KGYH,small_airport,Donaldson Field Airport,34.7583,-82.3764,955,NA,United States,,Greenville,true,50
23313,HZL,KHZL,small_airport,Hazleton Municipal Airport,40.9868,-75.9949,1603,NA,United States,,Hazleton,true,50
23065,HSP,KHSP,small_airport,Ingalls Field,37.9514,-79.8339,3793,NA,United States,,Hot Springs,true,50
25375,JKV,KJSO,small_airport,Cherokee County Airport,31.8693,-95.2174,677,NA,United States,,Jacksonville,true,50
26759,KNB,KKNB,small_airport,Kanab Municipal Airport,37.0111,-112.531,4868,NA,United States,,Kanab,true,50
16719,CWF,KCWF,small_airport,Chennault International Airport,30.2106,-93.1432,17,NA,United States,,Lake Charles,true,50
28235,LSB,KLSB,small_airport,Lordsburg Municipal Airport,32.3335,-108.692,4289,NA,United States,,Lordsburg,true,50
28112,LOW,KLKU,small_airport,Louisa County Airport / Freeman Field,38.0098,-77.9701,493,NA,United States,,Louisa,true,50
27779,LFN,KLHZ,small_airport,Triangle North Executive Airport,36.0233,-78.3303,369,NA,United States,,Louisburg,true,50
28884,MAC,KMAC,small_airport,Macon Downtown Airport,32.8221,-83.562,437,NA,United States,,Macon,true,50
30871,NTJ,,small_airport,Manti-Ephraim Airport,39.3291,-111.615,5500,NA,United States,,Manti,true,50
29145,MHL,KMHL,small_airport,Marshall Memorial Municipal Airport,39.0958,-93.2029,779,NA,United States,,Marshall,true,50
29688,MWO,KMWO,small_airport,Middletown Regional Airport,39.531,-84.3953,650,NA,United States,,Middletown,true,50
29138,MHE,KMHE,small_airport,Mitchell Municipal Airport,43.7748,-98.0386,1304,NA,United States,,Mitchell,true,50
35871,ROF,,small_airport,Montague-Yreka Rohrer Field,41.7304,-122.546,2527,NA,United States,,Montague,true,50
29115,MGR,KMGR,small_airport,Moultrie Municipal Airport,31.0849,-83.8033,294,NA,United States,,Moultrie,true,50
22571,HEZ,KHEZ,small_airport,Natchez–Adams County Airport / Hardy-Anders Field,31.6148,-91.2973,272,NA,United States,,Natchez,true,50
30589,NLP,FANS,small_airport,Nelspruit Airport,-25.5,30.9138,2875,AF,South Africa,,Nelspruit,true,50
30937,NVD,KNVD,small_airport,Nevada Municipal Airport,37.8521,-94.3049,892,NA,United States,,Nevada,true,50
32997,PGL,KPQL,small_airport,Trent Lott International Airport,30.4628,-88.5292,17,NA,United States,,Pascagoula,true,50
33183,PLR,KPLR,small_airport,St Clair County Airport,33.5588,-86.2491,485,NA,United States,,Pell City,true,50
20374,FPY,,small_airport,Perry-Foley Airport,30.0693,-83.5806,44,NA,United States,,Perry,true,50
33070,PIM,KPIM,small_airport,Harris County Airport,32.8407,-84.8824,902,NA,United States,,Pine Mountain,true,50
15531,BZF,,small_airport,Benton Field,40.5749,-122.408,719,NA,United States,,Redding,true,50
35451,RCR,KRCR,small_airport,Fulton County Airport,41.0656,-86.1817,790,NA,United States,,Rochester,true,50
17664,DMO,KDMO,small_airport,Sedalia Memorial Airport,38.7074,-93.1759,909,NA,United States,,Sedalia,true,50
38718,TVI,KTVI,small_airport,Thomasville Regional Airport,30.9016,-83.8813,264,NA,United States,,Thomasville,true,50
13948,ARG,KARG,small_airport,Walnut Ridge Regional Airport,36.1247,-90.9251,279,NA,United States,,Walnut Ridge,true,50
35420,RBW,KRBW,small_airport,Lowcountry Regional Airport,32.921,-80.6406,101,NA,United States,,Walterboro,true,50
14179,AXV,KAXV,small_airport,Neil Armstrong Airport,40.4934,-84.2989,913,NA,United States,,Wapakoneta,true,50
16737,CWX,,small_airport,Cochise County Airport,32.2454,-109.895,4187,NA,United States,,Willcox,true,50
31521,OBL,EBZR,small_airport,Oostmalle Airfield,51.2691,4.7624,53,EU,Belgium,,Zoersel,true,50
26351,KBZ,NZKI,small_airport,Kaikoura Airport,-42.425,173.605,20,OC,New Zealand,,,true,50
14028,ATO,KUNI,small_airport,Ohio University Airport,39.2118,-82.2295,766,NA,United States,,Albany,true,50
13730,ALE,,small_airport,Alpine Casparis Municipal Airport,30.3842,-103.684,4515,NA,United States,,Alpine,true,50
13621,AID,KAID,small_airport,Anderson Municipal Darlington Field,40.1086,-85.613,919,NA,United States,,Anderson,true,50
13335,AAF,KAAF,small_airport,Apalachicola Regional Airport,29.7275,-85.0275,20,NA,United States,,Apalachicola,true,50
14671,BBJ,EDRB,small_airport,Bitburg Airport,49.9453,6.565,1220,EU,Germany,,Bitburg,true,50
15420,BWC,KBWC,small_airport,Brawley Municipal Airport,32.9929,-115.517,-128,NA,United States,,Brawley,true,50
16552,CRS,KCRS,small_airport,C David Campbell Field Corsicana Municipal Airport,32.0281,-96.4006,449,NA,United States,,Corsicana,true,50
16629,CTX,,small_airport,Cortland County Chase Field,42.5926,-76.2149,1198,NA,United States,,Cortland,true,50
44506,YCA,,small_airport,Courtenay Airpark,49.6792,-124.9806,26,NA,Canada,,Courtenay,true,50
17699,DNN,KDNN,small_airport,Dalton Municipal Airport,34.7229,-84.8702,709,NA,United States,,Dalton,true,50
19239,EUF,KEUF,small_airport,Weedon Field,31.9513,-85.1289,285,NA,United States,,Eufaula,true,50
19857,FBL,KFBL,small_airport,Faribault Municipal Airport-Liz Wall Strohfus Field,44.3284,-93.3125,1060,NA,United States,,Faribault,true,50
21916,GWS,KGWS,small_airport,Glenwood Springs Municipal Airport,39.5083,-107.311,5916,NA,United States,,Glenwood Springs,true,50
21159,GBR,KGBR,small_airport,Walter J. Koladza Airport,42.1842,-73.4032,739,NA,United States,,Great Barrington,true,50
27967,LKV,KLKV,small_airport,Lake County Airport,42.1611,-120.399,4733,NA,United States,,Lakeview,true,50
28006,LLY,KVAY,small_airport,South Jersey Regional Airport,39.9429,-74.8457,53,NA,United States,,Lumberton,true,50
29003,MDN,KIMS,small_airport,Madison Municipal Airport,38.7589,-85.4655,819,NA,United States,,Madison,true,50
28999,MDJ,,small_airport,Madras Municipal Airport,44.6702,-121.155,2437,NA,United States,,Madras,true,50
28259,LSZ,LDLO,small_airport,Lošinj Airport,44.567,14.3939,151,EU,Croatia,,Mali Lošinj,true,50
29588,MTW,KMTW,small_airport,Manitowoc County Airport,44.1271,-87.682,651,NA,United States,,Manitowoc,true,50
29753,MYH,,small_airport,Marble Canyon Airport,36.8125,-111.647,3603,NA,United States,,Marble Canyon,true,50
29499,MRF,KMRF,small_airport,Marfa Municipal Airport,30.3696,-104.0159,4849,NA,United States,,Marfa,true,50
29440,MPS,KOSA,small_airport,Mount Pleasant Regional Airport,33.0955,-94.9615,364,NA,United States,,Mount Pleasant,true,50
28172,LQK,KLQK,small_airport,Pickens County Airport,34.81,-82.7029,1013,NA,United States,,Pickens,true,50
33209,PMH,KPMH,small_airport,Greater Portsmouth Regional Airport,38.8405,-82.8473,663,NA,United States,,Portsmouth,true,50
35654,RIE,KRPD,small_airport,Rice Lake Regional Airport - Carl's Field,45.423,-91.7731,1109,NA,United States,,Rice Lake,true,50
37382,SUE,KSUE,small_airport,Door County Cherryland Airport,44.8437,-87.4215,725,NA,United States,,Sturgeon Bay,true,50
24328,IRS,KIRS,small_airport,Kirsch Municipal Airport,41.8133,-85.439,924,NA,United States,,Sturgis,true,50
37400,SUW,KSUW,small_airport,Richard I Bong Memorial Airport,46.6886,-92.095,674,NA,United States,,Superior,true,50
42609,WVL,KWVL,small_airport,Waterville Robert Lafleur Airport,44.5332,-69.6755,333,NA,United States,,Waterville,true,50
24105,ILL,KBDH,small_airport,Willmar Municipal Airport John L Rice Field (2006),45.1176,-95.1323,1126,NA,United States,,Willmar,true,50
42241,WLD,KWLD,small_airport,Strother Field,37.1686,-97.0376,1160,NA,United States,,Winfield / Arkansas City,true,50
14959,BJJ,KBJJ,small_airport,Wayne County Airport,40.8748,-81.8883,1136,NA,United States,,Wooster,true,50
35410,RBM,EDMS,small_airport,Straubing Airport,48.9008,12.5167,1047,EU,Germany,,Atting,true,50
44470,YBA,CYBA,small_airport,Banff Airport,51.2082,-115.5406,4583,NA,Canada,,Banff,true,50
15077,BMT,KBMT,small_airport,Beaumont Municipal Airport,30.0706,-94.2157,32,NA,United States,,Beaumont,true,50
16105,CFD,KCFD,small_airport,Coulter Field,30.7157,-96.3314,367,NA,United States,,Bryan,true,50
29496,MRC,KMRC,small_airport,Maury County Airport,35.5541,-87.1789,681,NA,United States,,Columbia/Mount Pleasant,true,50
17406,DFI,KDFI,small_airport,Defiance Memorial Airport,41.3375,-84.4288,707,NA,United States,,Defiance,true,50
17913,DTL,KDTL,small_airport,Detroit Lakes Airport,46.8243,-95.8833,1397,NA,United States,,Detroit Lakes,true,50
20439,FRR,KFRR,small_airport,Front Royal Warren County Airport,38.9175,-78.2535,709,NA,United States,,Front Royal,true,50
21226,GDM,KGDM,small_airport,Gardner Municipal Airport,42.55,-72.0161,955,NA,United States,,Gardner,true,50
21326,GGE,KGGE,small_airport,Georgetown County Airport,33.3117,-79.3196,39,NA,United States,,Georgetown,true,50
32780,PAK,PHPA,small_airport,Port Allen Airport,21.8969,-159.603,24,OC,United States,,Hanapepe,true,50
22872,HNC,KHSE,small_airport,Billy Mitchell Airport,35.2328,-75.6178,17,NA,United States,,Hatteras,true,50
44773,YJP,,small_airport,Jasper-Hinton Airport,53.3192,-117.753,4006,NA,Canada,,Hinton,true,50
22913,HOH,LOIH,small_airport,Hohenems-Dornbirn Airfield,47.3845,9.6998,1352,EU,Austria,,Hohenems,true,50
24045,IJX,KIJX,small_airport,Jacksonville Municipal Airport,39.7746,-90.2383,624,NA,United States,,Jacksonville,true,50
18958,EMM,KEMM,small_airport,Kemmerer Municipal Airport,41.8241,-110.557,7285,NA,United States,,Kemmerer,true,50
31844,OKK,KOKK,small_airport,Kokomo Municipal Airport,40.5282,-86.059,830,NA,United States,,Kokomo,true,50
21197,GCT,,small_airport,Grand Canyon Bar Ten Airstrip,36.258,-113.2311,4100,NA,United States,,Littlefield,true,50
28128,LPC,KLPC,small_airport,Lompoc Airport,34.6656,-120.468,88,NA,United States,,Lompoc,true,50
29070,MFI,KMFI,small_airport,Marshfield Municipal Airport,44.6369,-90.1893,1277,NA,United States,,Marshfield,true,50
29676,MWC,KMWC,small_airport,Lawrence J Timmerman Airport,43.1104,-88.0344,745,NA,United States,,Milwaukee,true,50
29507,MRN,KMRN,small_airport,Foothills Regional Airport,35.8202,-81.6114,1270,NA,United States,,Morganton,true,50
31604,ODW,KOKH,small_airport,AJ Eisenberg Airport,48.2515,-122.674,193,NA,United States,,Oak Harbor,true,50
31601,ODT,,small_airport,Odessa Schlemeyer Field,31.9206,-102.387,3004,NA,United States,,Odessa,true,50
33441,PSX,KPSX,small_airport,Palacios Municipal Airport,28.7275,-96.251,14,NA,United States,,Palacios,true,50
33133,PKD,KPKD,small_airport,Park Rapids Municipal Airport Konshok Field,46.9006,-95.0731,1445,NA,United States,,Park Rapids,true,50
37272,SRC,KSRC,small_airport,Searcy Municipal Airport,35.2106,-91.7375,265,NA,United States,,Searcy,true,50
29189,MIT,KMIT,small_airport,Shafter Airport - Minter Field,35.5074,-119.192,424,NA,United States,,Shafter,true,50
37203,SPF,KSPF,small_airport,Black Hills Airport-Clyde Ice Field,44.4803,-103.783,3931,NA,United States,,Spearfish,true,50
37220,SPW,KSPW,small_airport,Spencer Municipal Airport,43.1655,-95.2028,1339,NA,United States,,Spencer,true,50
28071,LNR,KLNR,small_airport,Tri-County Regional Airport,43.2099,-90.1813,717,NA,United States,,Spring Green,true,50
37346,STE,KSTE,small_airport,Stevens Point Municipal Airport,44.5452,-89.5303,1110,NA,United States,,Stevens Point,true,50
22410,HAI,KHAI,small_airport,Three Rivers Municipal Dr Haines Airport,41.9598,-85.5934,824,NA,United States,,Three Rivers,true,50
40662,VDI,KVDI,small_airport,Vidalia Regional Airport,32.1927,-82.3712,275,NA,United States,,Vidalia,true,50
16412,CNW,KCNW,small_airport,TSTC Waco Airport,31.6411,-97.0733,470,NA,United States,,Waco,true,50
41900,WBW,KWBW,small_airport,Wilkes Barre Wyoming Valley Airport,41.2972,-75.8512,545,NA,United States,,Wilkes-Barre,true,50
31942,ONA,KONA,small_airport,Winona Municipal Airport Max Conrad Field,44.0772,-91.7083,656,NA,United States,,Winona,true,50
46169,ZMH,CZML,small_airport,South Cariboo Region / 108 Mile Airport,51.7361,-121.333,3126,NA,Canada,,108 Mile,true,50
13444,ADG,KADG,small_airport,Lenawee County Airport,41.8662,-84.078,798,NA,United States,,Adrian,true,50
30798,NRI,,small_airport,Grand Lake Regional Airport,36.5776,-94.8619,792,NA,United States,,Afton,true,50
13704,AKO,KAKO,small_airport,Colorado Plains Regional Airport,40.1756,-103.222,4714,NA,United States,,Akron,true,50
13749,ALX,KALX,small_airport,Thomas C Russell Field,32.9147,-85.963,686,NA,United States,,Alexander City,true,50
15262,BRY,KBRY,small_airport,Samuels Field,37.8143,-85.4996,669,NA,United States,,Bardstown,true,50
22474,HCA,KBPG,small_airport,Big Spring Mc Mahon-Wrinkle Airport,32.2126,-101.522,2573,NA,United States,,Big Spring,true,50
14845,BGD,KBGD,small_airport,Hutchinson County Airport,35.7009,-101.394,3055,NA,United States,,Borger,true,50
14989,BKD,KBKD,small_airport,Stephens County Airport,32.719,-98.891,1284,NA,United States,,Breckenridge,true,50
15925,CAD,KCAD,small_airport,Wexford County Airport,44.2757,-85.4215,1307,NA,United States,,Cadillac,true,50
28292,LTW,,small_airport,St. Mary's County Regional Airport,38.3154,-76.5501,142,NA,United States,,California,true,50
16199,CHZ,,small_airport,Chiloquin State Airport,42.5794,-121.8791,4217,NA,United States,,Chiloquin,true,50
16631,CTZ,KCTZ,small_airport,Sampson County Airport,34.9756,-78.3646,148,NA,United States,,Clinton,true,50
16123,CFV,KCFV,small_airport,Coffeyville Municipal Airport,37.094,-95.5719,754,NA,United States,,Coffeyville,true,50
17627,DLN,KDLN,small_airport,Dillon Airport,45.2554,-112.553,5241,NA,United States,,Dillon,true,50
18093,DYL,KDYL,small_airport,Doylestown Airport,40.333,-75.1223,394,NA,United States,,Doylestown,true,50
17588,DKK,KDKK,small_airport,Chautauqua County-Dunkirk Airport,42.4925,-79.2731,693,NA,United States,,Dunkirk,true,50
18910,ELA,KELA,small_airport,Eagle Lake Airport,29.6006,-96.3219,184,NA,United States,,Eagle Lake,true,50
15042,BLU,KBLU,small_airport,Blue Canyon Nyack Airport,39.275,-120.71,5284,NA,United States,,Emigrant Gap,true,50
19822,FAM,KFAM,small_airport,Farmington Regional Airport,37.7611,-90.4286,946,NA,United States,,Farmington,true,50
20686,FYM,KFYM,small_airport,Fayetteville Municipal Airport,35.0597,-86.564,984,NA,United States,,Fayetteville,true,50
37093,SMD,KSMD,small_airport,Smith Field,41.1434,-85.1528,835,NA,United States,,Fort Wayne,true,50
20429,FRH,KFRH,small_airport,French Lick Municipal Airport,38.5062,-86.6369,792,NA,United States,,French Lick,true,50
21524,GLW,KGLW,small_airport,Glasgow Municipal Airport,37.0318,-85.9537,716,NA,United States,,Glasgow,true,50
21621,GOL,,small_airport,Gold Beach Municipal Airport,42.4134,-124.424,20,NA,United States,,Gold Beach,true,50
26849,KPT,,small_airport,Jackpot Airport/Hayden Field,41.976,-114.658,5213,NA,United States,,Jackpot,true,50
19028,EOK,KEOK,small_airport,Keokuk Municipal Airport,40.4599,-91.4285,671,NA,United States,,Keokuk,true,50
24098,ILE,KILE,small_airport,Skylark Field,31.0858,-97.6865,848,NA,United States,,Killeen,true,50
28140,LPO,KPPO,small_airport,La Porte Municipal Airport,41.5725,-86.7345,812,NA,United States,,La Porte,true,50
44846,YLQ,CYLQ,small_airport,La Tuque Airport,47.4097,-72.7889,548,NA,Canada,,La Tuque,true,50
18050,DXE,KMBO,small_airport,Bruce Campbell Field,32.4387,-90.1031,326,NA,United States,,Madison,true,50
29807,MZZ,KMZZ,small_airport,Marion Municipal Airport,40.4899,-85.6797,859,NA,United States,,Marion,true,50
29580,MTO,KMTO,small_airport,Coles County Memorial Airport,39.4779,-88.2792,722,NA,United States,,Mattoon,true,50
29659,MVV,LFHM,small_airport,Megève Altiport,45.823,6.6494,4823,EU,France,,Megève,true,50
31764,OIC,KOIC,small_airport,Lt Warren Eaton Airport,42.5666,-75.5241,1025,NA,United States,,Norwich,true,50
16394,CNE,,small_airport,Fremont County Airport,38.4297,-105.1086,5439,NA,United States,,Penrose,true,50
33492,PUC,KPUC,small_airport,Carbon County Regional Airport / Buck Davis Field,39.6139,-110.751,5957,NA,United States,,Price,true,50
33397,PRP,LFKO,small_airport,Propriano Airport,41.6606,8.8897,13,EU,France,,Propriano,true,50
39629,UKT,KUKT,small_airport,Quakertown Airport,40.4352,-75.3819,526,NA,United States,,Quakertown,true,50
35855,RNZ,KRZL,small_airport,Jasper County Airport,40.9479,-87.1826,698,NA,United States,,Rensselaer,true,50
35729,RKH,KUZA,small_airport,Rock Hill - York County Airport,34.9878,-81.0572,666,NA,United States,,Rock Hill,true,50
36023,RSN,KRSN,small_airport,Ruston Regional Airport,32.5142,-92.5885,311,NA,United States,,Ruston,true,50
38007,TBR,KTBR,small_airport,Statesboro Bulloch County Airport,32.4827,-81.7369,187,NA,United States,,Statesboro,true,50
38386,TMA,KTMA,small_airport,Henry Tift Myers Airport,31.429,-83.4885,355,NA,United States,,Tifton,true,50
38475,TOR,KTOR,small_airport,Torrington Municipal Airport,42.0645,-104.153,4207,NA,United States,,Torrington,true,50
38367,TLR,KTLR,small_airport,Mefford Field,36.1563,-119.326,265,NA,United States,,Tulare,true,50
40942,VLA,KVLA,small_airport,Vandalia Municipal Airport,38.9915,-89.1662,537,NA,United States,,Vandalia,true,50
45196,YVG,CYVG,small_airport,Vermilion Airport,53.3577,-110.8274,2025,NA,Canada,,Vermilion,true,50
24364,ISS,KIWI,small_airport,Wiscasset Airport,43.9614,-69.7126,70,NA,United States,,Wiscasset,true,50
32164,OTG,KOTG,small_airport,Worthington Municipal Airport,43.6548,-95.5774,1574,NA,United States,,Worthington,true,50
29577,MTL,YMND,small_airport,Maitland Airport,-32.7013,151.4929,85,OC,Australia,,,true,50
43149,XAL,,small_airport,Álamos Airport,27.039,-108.949,1312,NA,Mexico,,Álamos,true,50
13814,ANQ,KANQ,small_airport,Tri State Steuben County Airport,41.6397,-85.0835,995,NA,United States,,Angola,true,50
14664,BBC,KBYY,small_airport,Bay City Regional Airport,28.9733,-95.8635,45,NA,United States,,Bay City,true,50
22966,HPY,KHPY,small_airport,Baytown Airport,29.7861,-94.9527,34,NA,United States,,Baytown,true,50
14823,BFR,KBFR,small_airport,Virgil I Grissom Municipal Airport,38.84,-86.4454,727,NA,United States,,Bedford,true,50
15069,BML,KBML,small_airport,Berlin Regional Airport,44.5754,-71.1759,1161,NA,United States,,Berlin,true,50
14684,BBW,KBBW,small_airport,Broken Bow Municipal Airport,41.4365,-99.6422,2547,NA,United States,,Broken Bow,true,50
23788,ICS,,small_airport,Cascade Airport,44.4938,-116.016,4742,NA,United States,,Cascade,true,50
39304,UBS,KUBS,small_airport,Columbus Lowndes County Airport,33.4654,-88.3803,188,NA,United States,,Columbus,true,50
16445,COT,KCOT,small_airport,Cotulla-La Salle County Airport,28.4567,-99.2203,474,NA,United States,,Cotulla,true,50
16295,CKN,KCKN,small_airport,Crookston Municipal Kirkwood Field,47.8417,-96.6216,899,NA,United States,,Crookston,true,50
17310,DCU,KDCU,small_airport,Pryor Field Regional Airport,34.6527,-86.9454,592,NA,United States,,Decatur,true,50
17940,DUC,KDUC,small_airport,Halliburton Field,34.4709,-97.9599,1114,NA,United States,,Duncan,true,50
29152,MHS,,small_airport,Dunsmuir Muni-Mott Airport,41.2632,-122.272,3258,NA,United States,,Dunsmuir,true,50
13772,AMK,,small_airport,Animas Air Park,37.2032,-107.869,6684,NA,United States,,Durango,true,50
39865,URD,EDQE,small_airport,Burg Feuerstein Airport,49.7942,11.1336,1673,EU,Germany,,Ebermannstadt,true,50
20434,FRM,KFRM,small_airport,Fairmont Municipal Airport,43.6439,-94.4156,1162,NA,United States,,Fairmont,true,50
20109,FIL,KFOM,small_airport,Fillmore Municipal Airport,38.9583,-112.363,4985,NA,United States,,Fillmore,true,50
19969,FEP,KFEP,small_airport,Albertus Airport,42.2462,-89.582,859,NA,United States,,Freeport,true,50
21814,GTY,,small_airport,Gettysburg Regional Airport,39.8412,-77.2747,590,NA,United States,,Gettysburg,true,50
21722,GRE,KGRE,small_airport,Greenville Airport,38.8368,-89.3765,541,NA,United States,,Greenville,true,50
21721,GRD,KGRD,small_airport,Greenwood County Airport,34.2487,-82.1591,631,NA,United States,,Greenwood,true,50
22800,HLC,KHLC,small_airport,Hill City Municipal Airport,39.3788,-99.8315,2238,NA,United States,,Hill City,true,50
23134,HUM,KHUM,small_airport,Houma Terrebonne Airport,29.5665,-90.6604,10,NA,United States,,Houma,true,50
23131,HUJ,KHHW,small_airport,Stan Stamper Municipal Airport,34.0348,-95.5419,572,NA,United States,,Hugo,true,50
25691,JTN,,small_airport,Itanhaém Airport,-24.1597,-46.7906,13,SA,Brazil,,Itanhaém,true,50
28427,LXN,KLXN,small_airport,Jim Kelly Field,40.791,-99.7773,2413,NA,United States,,Lexington,true,50
29035,MEJ,KGKJ,small_airport,Port Meadville Airport,41.6265,-80.2147,1399,NA,United States,,Meadville,true,50
23014,HRA,LKMH,small_airport,Mnichovo Hradiště Airport,50.5402,15.0066,800,EU,Czech Republic,,Mnichovo Hradiště,true,50
29651,MVN,KMVN,small_airport,Mount Vernon Outland Airport,38.3228,-88.8593,480,NA,United States,,Mount Vernon,true,50
29256,MKO,KMKO,small_airport,Muskogee-Davis Regional Airport,35.6565,-95.3667,611,NA,United States,,Muskogee,true,50
31553,OCH,KOCH,small_airport,A L Mangham Jr. Regional Airport,31.578,-94.7095,355,NA,United States,,Nacogdoches,true,50
19036,EOS,KEOS,small_airport,Neosho Hugh Robinson Airport,36.8108,-94.3917,1255,NA,United States,,Neosho,true,50
41199,VSF,KVSF,small_airport,Hartness State Airport,43.3436,-72.5173,577,NA,United States,,North Springfield,true,50
24059,IKB,KUKF,small_airport,Wilkes County Airport,36.2228,-81.0983,1301,NA,United States,,North Wilkesboro,true,50
31632,OEO,KOEO,small_airport,L O Simenstad Municipal Airport,45.31,-92.6919,903,NA,United States,,Osceola,true,50
33431,PSN,KPSN,small_airport,Palestine Municipal Airport,31.7797,-95.7063,423,NA,United States,,Palestine,true,50
41428,VYS,KVYS,small_airport,Illinois Valley Regional Airport Walter A Duncan Field,41.3519,-89.1531,654,NA,United States,,Peru,true,50
32845,PCD,KPDC,small_airport,Prairie Du Chien Municipal Airport,43.0193,-91.1237,661,NA,United States,,Prairie Du Chien,true,50
33407,PRZ,,small_airport,Prineville Airport,44.287,-120.904,3250,NA,United States,,Prineville,true,50
35509,RED,KRVL,small_airport,Mifflin County Airport,40.6774,-77.6268,819,NA,United States,,Reedsville,true,50
37510,SXY,,small_airport,Sidney Municipal Airport,42.3026,-75.416,1027,NA,United States,,Sidney,true,50
37060,SLG,KSLG,small_airport,Smith Field,36.1919,-94.49,1191,NA,United States,,Siloam Springs,true,50
37472,SWW,KSWW,small_airport,Avenger Field,32.4674,-100.467,2380,NA,United States,,Sweetwater,true,50
21125,GAT,LFNA,small_airport,Gap-Tallard Airfield,44.455,6.0378,1986,EU,France,,"Tallard, Hautes-Alpes",true,50
39946,UTM,KUTA,small_airport,Tunica Municipal Airport,34.685,-90.3478,194,NA,United States,,Tunica,true,50
14772,BEC,KBEC,small_airport,Beech Factory Airport,37.6945,-97.215,1408,NA,United States,,Wichita,true,50
29483,MQZ,YMGT,small_airport,Margaret River Airport,-33.9306,115.1,374,OC,Australia,,,true,50
31594,ODM,,small_airport,Garrett County Airport,39.5808,-79.3357,2933,NA,United States,,Accident,true,50
25257,JHL,,small_airport,Fort MacKay/Albian Aerodrome,57.2239,-111.419,1048,NA,Canada,,Albian Village,true,50
13775,AMN,KAMN,small_airport,Gratiot Community Airport,43.3221,-84.688,754,NA,United States,,Alma,true,50
14176,AXS,KAXS,small_airport,Altus Quartz Mountain Regional Airport,34.698,-99.3385,1433,NA,United States,,Altus,true,50
14032,ATS,KATS,small_airport,Artesia Municipal Airport,32.8525,-104.468,3541,NA,United States,,Artesia,true,50
14100,AVO,KAVO,small_airport,Avon Park Executive Airport,27.5912,-81.5278,160,NA,United States,,Avon Park,true,50
14861,BGT,,small_airport,Bagdad Airport,34.5928,-113.172,4183,NA,United States,,Bagdad,true,50
15005,BKT,KBKT,small_airport,Allen C Perkinson Blackstone Army Air Field,37.0742,-77.9575,439,NA,United States,,Blackstone,true,50
15116,BNW,KBNW,small_airport,Boone Municipal Airport,42.0496,-93.8476,1160,NA,United States,,Boone,true,50
14812,BFG,,small_airport,Bullfrog Basin Airport,37.5478,-110.7129,4167,NA,United States,,Bullfrog,true,50
16645,CUD,YCDR,small_airport,Caloundra Airport,-26.8034,153.105,12,OC,Australia,,Caloundra,true,50
23781,ICL,KICL,small_airport,Schenck Field,40.7218,-95.0264,996,NA,United States,,Clarinda,true,50
17369,DEH,KDEH,small_airport,Decorah Municipal Airport,43.2755,-91.7394,1158,NA,United States,,Decorah,true,50
17954,DUQ,,small_airport,Duncan Airport,48.7545,-123.7097,300,NA,Canada,,Duncan,true,50
18751,EGV,KEGV,small_airport,Eagle River Union Airport,45.9323,-89.2683,1642,NA,United States,,Eagle River,true,50
44531,YCZ,CYCZ,small_airport,Fairmont Hot Springs Airport,50.3311,-115.8737,2661,NA,Canada,,Fairmont Hot Springs,true,50
20101,FID,,small_airport,Elizabeth Field,41.2521,-72.0322,9,NA,United States,,Fishers Island,true,50
20262,FMU,,small_airport,Florence Municipal Airport,43.9828,-124.111,51,NA,United States,,Florence,true,50
23813,IDH,KGIC,small_airport,Idaho County Airport,45.9426,-116.123,3314,NA,United States,,Grangeville,true,50
21202,GCY,KGCY,small_airport,Greeneville Municipal Airport,36.1956,-82.8115,1608,NA,United States,,Greeneville,true,50
23058,HSI,KHSI,small_airport,Hastings Municipal Airport,40.6053,-98.4279,1961,NA,United States,,Hastings,true,50
22564,HES,KHRI,small_airport,Hermiston Municipal Airport,45.8282,-119.259,644,NA,United States,,Hermiston,true,50
27898,LIY,KLHW,small_airport,MidCoast Regional Airport at Wright Army Airfield,31.8912,-81.561,45,NA,United States,,Hinesville,true,50
34338,QHU,EDXJ,small_airport,Husum-Schwesing Airport,54.51,9.1383,62,EU,Germany,,Husum,true,50
25517,JOT,KJOT,small_airport,Joliet Regional Airport,41.5178,-88.1755,582,NA,United States,,Joliet,true,50
21513,GLL,ENKL,small_airport,Gol Airport,60.7911,9.0487,2770,EU,Norway,,Klanten flyplass,true,50
31499,OAZ,OAZI,small_airport,Camp Shorabak Airfield,31.8487,64.2232,2943,AS,Afghanistan,,Lashkar Gah,true,50
28399,LWV,KLWV,small_airport,Lawrenceville Vincennes International Airport,38.7643,-87.6055,430,NA,United States,,Lawrenceville,true,50
27876,LIC,KLIC,small_airport,Limon Municipal Airport,39.2748,-103.666,5374,NA,United States,,Limon,true,50
27859,LHV,KLHV,small_airport,William T. Piper Memorial Airport,41.1356,-77.4223,556,NA,United States,,Lock Haven,true,50
29459,MQB,KMQB,small_airport,Macomb Municipal Airport,40.5201,-90.6524,707,NA,United States,,Macomb,true,50
43573,XMD,KMDS,small_airport,Madison Municipal Airport,44.016,-97.0859,1718,NA,United States,,Madison,true,50
29439,MPR,KMPR,small_airport,Mc Pherson Airport,38.3524,-97.6913,1498,NA,United States,,Mc Pherson,true,50
28995,MDF,KMDZ,small_airport,Taylor County Airport,45.101,-90.3033,1478,NA,United States,,Medford,true,50
29431,MPJ,KMPJ,small_airport,Petit Jean Park Airport,35.1389,-92.9092,923,NA,United States,,Morrilton,true,50
29649,MVL,KMVL,small_airport,Morrisville-Stowe State Airport,44.5346,-72.614,732,NA,United States,,Morrisville,true,50
30977,NWH,,small_airport,Parlin Field,43.3881,-72.1893,784,NA,United States,,Newport,true,50
31846,OKM,KOKM,small_airport,Okmulgee Regional Airport,35.6681,-95.9487,720,NA,United States,,Okmulgee,true,50
36057,RTL,,small_airport,Spirit Lake Municipal Airport,43.3875,-95.1392,1434,NA,United States,,Okoboji,true,50
32952,PFC,KPFC,small_airport,Pacific City State Airport,45.1998,-123.962,5,NA,United States,,Pacific City,true,50
33000,PGO,KPSO,small_airport,Stevens Field,37.2863,-107.056,7664,NA,United States,,Pagosa Springs,true,50
33190,PLY,,small_airport,Plymouth Municipal Airport,41.3651,-86.3005,800,NA,United States,,Plymouth,true,50
35761,RLD,KRLD,small_airport,Richland Airport,46.3056,-119.304,394,NA,United States,,Richland,true,50
32090,ORE,LFOZ,small_airport,Orléans–Saint-Denis-de-l'Hôtel Airport,47.8978,2.1645,396,EU,France,,"Saint-Denis-de-l'Hôtel, Loiret",true,50
37255,SQV,,small_airport,Sequim Valley Airport,48.0981,-123.187,144,NA,United States,,Sequim,true,50
37137,SNL,KSNL,small_airport,Shawnee Regional Airport,35.3579,-96.9428,1073,NA,United States,,Shawnee,true,50
36675,SAR,KSAR,small_airport,Sparta Community Airport - Hunter Field,38.1489,-89.6987,538,NA,United States,,Sparta,true,50
37358,STQ,KOYM,small_airport,St Marys Municipal Airport,41.4125,-78.5026,1934,NA,United States,,St Marys,true,50
44622,YFI,,small_airport,Fort Mackay / Firebag,57.2758,-110.9767,1762,NA,Canada,,Suncor Energy Site,true,50
40924,VKS,KVKS,small_airport,Vicksburg Municipal Airport,32.2393,-90.9284,106,NA,United States,,Vicksburg,true,50
41849,WAH,KBWP,small_airport,Harry Stern Airport,46.2441,-96.6074,968,NA,United States,,Wahpeton,true,50
42496,WSG,KAFJ,small_airport,Washington County Airport,40.1365,-80.2902,1184,NA,United States,,Washington,true,50
31568,OCW,KOCW,small_airport,Warren Field,35.5705,-77.0498,38,NA,United States,,Washington,true,50
42113,WHT,KARM,small_airport,Wharton Regional Airport,29.2543,-96.1544,100,NA,United States,,Wharton,true,50
22694,HIE,KHIE,small_airport,Mount Washington Regional Airport,44.3675,-71.5458,1074,NA,United States,,Whitefield,true,50
13963,ARV,KARV,small_airport,Lakeland Airport Noble F Lee Memorial Field,45.9279,-89.7309,1629,NA,United States,,Woodruff,true,50
24995,JAB,YJAB,small_airport,Jabiru Airport,-12.6581,132.8946,85,OC,Australia,,,true,50
43572,XMC,YMCO,small_airport,Mallacoota Airport,-37.5983,149.72,31,OC,Australia,,,true,50
13485,AEL,KAEL,small_airport,Albert Lea Municipal Airport,43.6815,-93.3672,1260,NA,United States,,Albert Lea,true,50
21231,GDR,,small_airport,Angra dos Reis Airport,-22.9753,-44.3071,10,SA,Brazil,,Angra dos Reis,true,50
14001,ASX,KASX,small_airport,John F Kennedy Memorial Airport,46.5485,-90.919,827,NA,United States,,Ashland,true,50
14846,BGE,KBGE,small_airport,Decatur County Industrial Air Park,30.9715,-84.6374,141,NA,United States,,Bainbridge,true,50
15334,BTY,KBTY,small_airport,Beatty Airport,36.8611,-116.787,3170,NA,United States,,Beatty,true,50
14858,BGQ,PAGQ,small_airport,Big Lake Airport,61.5347,-149.8129,158,NA,United States,,Big Lake,true,50
14740,BDG,KBDG,small_airport,Blanding Municipal Airport,37.5833,-109.483,5868,NA,United States,,Blanding,true,50
16832,CZK,KCZK,small_airport,Cascade Locks State Airport,45.6766,-121.8789,151,NA,United States,,Cascade Locks,true,50
22496,HCW,KCQW,small_airport,Cheraw Municipal Airport/Lynch Bellinger Field,34.7129,-79.957,239,NA,United States,,Cheraw,true,50
16303,CKV,KCKV,small_airport,Clarksville–Montgomery County Regional Airport,36.6219,-87.415,550,NA,United States,,Clarksville,true,50
16582,CSM,KCSM,small_airport,Clinton Sherman Airport,35.3398,-99.2005,1922,NA,United States,,Clinton,true,50
16557,CRX,KCRX,small_airport,Roscoe Turner Airport,34.915,-88.6035,425,NA,United States,,Corinth,true,50
28965,MCL,PAIN,small_airport,Denali National Park Airport,63.7325,-148.9113,1720,NA,United States,,Denali Park,true,50
37535,SYN,KSYN,small_airport,Stanton Airfield,44.4756,-93.0168,920,NA,United States,,Dennison,true,50
17456,DGW,KDGW,small_airport,Converse County Airport,42.7972,-105.386,4933,NA,United States,,Douglas,true,50
35952,RQO,,small_airport,El Reno Regional Airport,35.4727,-98.0058,1420,NA,United States,,El Reno,true,50
44598,YEU,CYEU,small_airport,Eureka Airport,79.9947,-85.8142,256,NA,Canada,,Eureka,true,50
20229,FLX,KFLX,small_airport,Fallon Municipal Airport,39.4991,-118.749,3963,NA,United States,,Fallon,true,50
20211,FLF,EDXF,small_airport,Flensburg-Schäferhaus Airport,54.7733,9.3789,131,EU,Germany,,Flensburg,true,50
19863,FBR,KFBR,small_airport,Fort Bridger Airport,41.3919,-110.407,7034,NA,United States,,Fort Bridger,true,50
20424,FRC,SIMK,small_airport,Tenente Lund Pressoto Airport,-20.5922,-47.3829,3292,SA,Brazil,,Franca,true,50
19935,FDR,KFDR,small_airport,Frederick Regional Airport,34.352,-98.9839,1258,NA,United States,,Frederick,true,50
21698,GQQ,KGQQ,small_airport,Galion Municipal Airport,40.7534,-82.7238,1224,NA,United States,,Galion,true,50
21580,GNG,KGNG,small_airport,Gooding Municipal Airport,42.9172,-114.765,3732,NA,United States,,Gooding,true,50
45997,ZHP,CZHP,small_airport,High Prairie Airport,55.3936,-116.475,1974,NA,Canada,,High Prairie,true,50
22871,HNB,KHNB,small_airport,Huntingburg Airport,38.249,-86.9537,529,NA,United States,,Huntingburg,true,50
25102,JDA,KGCD,small_airport,Grant County Regional Airport / Ogilvie Field,44.4042,-118.963,3703,NA,United States,,John Day,true,50
28036,LMS,KLMS,small_airport,Louisville Winston County Airport,33.1462,-89.0625,575,NA,United States,,Louisville,true,50
29288,MLK,,small_airport,Malta Airport,48.3669,-107.919,2254,NA,United States,,Malta,true,50
13989,ASL,KASL,small_airport,Harrison County Airport,32.5205,-94.3078,357,NA,United States,,Marshall,true,50
35832,RNC,KRNC,small_airport,Warren County Memorial Airport,35.6987,-85.8438,1032,NA,United States,,Mc Minnville,true,50
29184,MIO,KMIO,small_airport,Miami Municipal Airport,36.9092,-94.8875,808,NA,United States,,Miami,true,50
29297,MLT,KMLT,small_airport,Millinocket Municipal Airport,45.6478,-68.6856,408,NA,United States,,Millinocket,true,50
29640,MVC,KMVC,small_airport,Monroe County Aeroplex Airport,31.458,-87.351,419,NA,United States,,Monroeville,true,50
32863,PCV,,small_airport,Punta Chivato Airport,27.0692,-111.962,49,NA,Mexico,,Mulegé,true,50
39658,ULM,KULM,small_airport,New Ulm Municipal Airport,44.3196,-94.5023,1011,NA,United States,,New Ulm,true,50
18704,EFK,KEFK,small_airport,Northeast Kingdom International Airport,44.8888,-72.2292,930,NA,United States,,Newport,true,50
31953,ONL,KONL,small_airport,O'Neill Municipal Airport–John L Baker Field,42.4689,-98.687,2031,NA,United States,,O'Neill,true,50
33315,PPF,KPPF,small_airport,Tri-City Airport,37.3299,-95.5062,900,NA,United States,,Parsons,true,50
33467,PTN,KPTN,small_airport,Harry P Williams Memorial Airport,29.7095,-91.339,9,NA,United States,,Patterson,true,50
33429,PSL,EGPT,small_airport,Perth/Scone Airport,56.4392,-3.3722,397,EU,United Kingdom,,"Perth, Perth and Kinross",true,50
33537,PVL,KPBX,small_airport,Pike County Airport Hatcher Field,37.5608,-82.5701,1473,NA,United States,,Pikeville,true,50
39549,UIL,KUIL,small_airport,Quillayute Airport,47.9366,-124.563,194,NA,United States,,Quillayute,true,50
35364,RAC,KRAC,small_airport,John H Batten Airport,42.7606,-87.8152,674,NA,United States,,Racine,true,50
36059,RTN,KRTN,small_airport,Raton Municipal Airport / Crews Field,36.7415,-104.502,6352,NA,United States,,Raton,true,50
36121,RVD,SWLC,small_airport,General Leite de Castro Airport,-17.8347,-50.9561,2464,SA,Brazil,,Rio Verde,true,50
35877,ROL,,small_airport,Roosevelt Municipal Airport,40.2783,-110.051,5172,NA,United States,,Roosevelt,true,50
36676,SAS,KSAS,small_airport,Salton Sea Airport,33.2414,-115.952,-84,NA,United States,,Salton City,true,50
34716,QSC,SDSC,small_airport,Mário Pereira Lopes–São Carlos International Airport,-21.875,-47.9039,2649,SA,Brazil,,São Carlos,true,50
36819,SER,KSER,small_airport,Freeman Municipal Airport,38.9236,-85.9074,583,NA,United States,,Seymour,true,50
31481,OAH,OASD,small_airport,Shindand Air Base,33.3913,62.261,3773,AS,Afghanistan,,Shindand,true,50
37421,SVH,KSVH,small_airport,Statesville Regional Airport,35.7653,-80.9539,968,NA,United States,,Statesville,true,50
27168,KYO,,small_airport,Tampa North Aero Park Airport,28.2213,-82.3745,68,NA,United States,,Tampa,true,50
38250,TII,OATN,small_airport,Tarinkot Airport,32.6042,65.8658,4429,AS,Afghanistan,,Tarinkot,true,50
38076,TDO,KTDO,small_airport,Ed Carlson Memorial Field South Lewis County Airport,46.4772,-122.806,374,NA,United States,,Toledo,true,50
37992,TBC,,small_airport,Tuba City Airport,36.0911,-111.3829,4513,NA,United States,,Tuba City,true,50
39305,UBT,SDUB,small_airport,Ubatuba Gastão Madeira State Airport,-23.4411,-45.0758,10,SA,Brazil,,Ubatuba,true,50
28389,LWL,KLWL,small_airport,Wells Municipal Airport/Harriet Field,41.1171,-114.922,5772,NA,United States,,Wells,true,50
22550,HEE,KHEE,small_airport,Thompson-Robbins Airport,34.5766,-90.6762,242,NA,United States,,West Helena,true,50
42611,WVN,EDWI,small_airport,JadeWeser Airport,53.5022,8.0522,19,EU,Germany,,Wilhelmshaven,true,50
15153,BOX,YBRL,small_airport,Borroloola Airport,-16.0753,136.302,55,OC,Australia,,,true,50
21985,GYP,YGYM,small_airport,Gympie Airport,-26.2901,152.703,260,OC,Australia,,,true,50
30840,NSO,YSCO,small_airport,Scone Airport,-32.038,150.832,745,OC,Australia,,,true,50
35416,RBS,YORB,small_airport,Orbost Airport,-37.79,148.61,28,OC,Australia,,,true,50
15495,BYF,LFAQ,small_airport,Albert Bray airport,49.97,2.6939,364,EU,France,,Albert,true,50
14159,AXB,,small_airport,Maxson Airfield,44.312,-75.9003,340,NA,United States,,Alexandria Bay,true,50
20034,FGI,NSFI,small_airport,Fagali'i Airport,-13.8492,-171.7399,131,OC,Samoa,,Apia,true,50
29322,MMI,KMMI,small_airport,McMinn County Airport,35.3973,-84.5626,875,NA,United States,,Athens,true,50
14245,AZP,MMJC,small_airport,Jorge Jiménez Cantú National Airport,19.5742,-99.2912,8120,NA,Mexico,,Atizapán de Zaragoza,true,50
13994,ASQ,,small_airport,Austin Airport,39.4677,-117.1976,5730,NA,United States,,Austin,true,50
15405,BVX,KBVX,small_airport,Batesville Regional Airport,35.7262,-91.6473,465,NA,United States,,Batesville,true,50
30483,NIR,,small_airport,Chase Field Industrial Airport,28.3624,-97.6619,190,NA,United States,,Beeville,true,50
30202,NAY,ZBNY,small_airport,Beijing Nanyuan Airport,39.7822,116.3863,96,AS,China,,Beijing,true,50
15045,BLX,LIDB,small_airport,Belluno Arturo dell'Oro Airport,46.1665,12.2504,1240,EU,Italy,,Belluno (BL),true,50
41895,WBR,KRQB,small_airport,Roben Hood Airport,43.7226,-85.5041,990,NA,United States,,Big Rapids,true,50
18993,ENL,KENL,small_airport,Centralia Municipal Airport,38.5151,-89.0911,534,NA,United States,,Centralia,true,50
16185,CHL,KLLJ,small_airport,Challis Airport,44.523,-114.218,5072,NA,United States,,Challis,true,50
16294,CKM,KCKM,small_airport,Fletcher Field,34.2997,-90.5123,173,NA,United States,,Clarksdale,true,50
43224,XCO,YOLA,small_airport,Colac Airport,-38.2867,143.68,450,OC,Australia,,Colac Otway Shire,true,50
44796,YKC,CYKC,small_airport,Collins Bay Airport,58.2361,-103.678,1341,NA,Canada,,Collins Bay,true,50
16114,CFM,,small_airport,Conklin (Leismer) Airport,55.6953,-111.279,1930,NA,Canada,,Conklin,true,50
16302,CKU,,small_airport,Cordova Municipal Airport,60.5439,-145.727,12,NA,United States,,Cordova,true,50
16118,CFQ,,small_airport,Creston Valley Regional Airport - Art Sutcliffe Field,49.0369,-116.498,2070,NA,Canada,,Creston,true,50
17704,DNS,KDNS,small_airport,Denison Municipal Airport,41.9864,-95.3807,1274,NA,United States,,Denison,true,50
44544,YDC,,small_airport,Drayton Valley Industrial Airport,53.2658,-114.96,2776,NA,Canada,,Drayton Valley,true,50
17834,DRE,KDRM,small_airport,Drummond Island Airport,46.0093,-83.7439,668,NA,United States,,Drummond Island,true,50
17267,DBN,KDBN,small_airport,W H 'Bud' Barron Airport,32.5644,-82.9853,309,NA,United States,,Dublin,true,50
19211,ETN,KETN,small_airport,Eastland Municipal Airport,32.4135,-98.8098,1464,NA,United States,,Eastland,true,50
21181,GCD,,small_airport,Grand Coulee Dam Airport,47.922,-119.083,1588,NA,United States,,Electric City,true,50
19216,ETS,KEDN,small_airport,Enterprise Municipal Airport,31.2997,-85.8999,361,NA,United States,,Enterprise,true,50
20227,FLV,KFLV,small_airport,Sherman Army Air Field,39.3683,-94.9147,772,NA,United States,,Fort Leavenworth,true,50
23317,HZP,CYNR,small_airport,Fort Mackay / Horizon Airport,57.3817,-111.701,916,NA,Canada,,Fort Mackay,true,50
21519,GLR,KGLR,small_airport,Gaylord Regional Airport,45.0135,-84.7036,1328,NA,United States,,Gaylord,true,50
27990,LLI,HALL,small_airport,Lalibela Airport,11.9752,38.9802,6506,AF,Ethiopia,,Girany Amba,true,50
21593,GNT,KGNT,small_airport,Grants-Milan Municipal Airport,35.1673,-107.902,6537,NA,United States,,Grants,true,50
36135,RVR,,small_airport,Green River Municipal Airport,38.9614,-110.227,4225,NA,United States,,Green River,true,50
22963,HPV,,small_airport,Princeville Airport,22.2093,-159.4452,344,OC,United States,,Hanalei,true,50
13607,AHZ,LFHU,small_airport,L'Alpe d'Huez - Henri Giraud Altiport,45.0874,6.0836,6102,EU,France,,"Huez, Isère",true,50
29222,MJQ,KMJQ,small_airport,Jackson Municipal Airport,43.65,-94.9865,1446,NA,United States,,Jackson,true,50
25686,JTI,SWJW,small_airport,Jataí Airport,-17.8299,-51.773,2529,SA,Brazil,,Jataí,true,50
30587,NLN,,small_airport,Kneeland Airport,40.7186,-123.9273,2737,NA,United States,,Kneeland,true,50
27816,LGO,EDWL,small_airport,Langeoog Airport,53.7424,7.4963,7,EU,Germany,,Langeoog,true,50
28317,LUL,KLUL,small_airport,Hesler Noble Field,31.6726,-89.1722,238,NA,United States,,Laurel,true,50
29085,MFX,LFKX,small_airport,Méribel Altiport,45.4075,6.5776,5636,EU,France,,Les Allues,true,50
27598,LAM,KLAM,small_airport,Los Alamos Airport,35.8798,-106.269,7171,NA,United States,,Los Alamos,true,50
27706,LDM,KLDM,small_airport,Mason County Airport,43.9625,-86.4079,646,NA,United States,,Ludington,true,50
24362,ISQ,KISQ,small_airport,Schoolcraft County Airport,45.9746,-86.1718,684,NA,United States,,Manistique,true,50
29192,MIW,KMIW,small_airport,Marshalltown Municipal Airport,42.1127,-92.9178,974,NA,United States,,Marshalltown,true,50
29714,MXE,KMEB,small_airport,Laurinburg Maxton Airport,34.7919,-79.3658,216,NA,United States,,Maxton,true,50
29362,MNM,KMNM,small_airport,Menominee–Marinette Twin County Airport,45.1267,-87.6384,625,NA,United States,,Menominee,true,50
29403,MOR,KMOR,small_airport,Morristown Regional Airport,36.1794,-83.3755,1313,NA,United States,,Morristown,true,50
29806,MZY,FAMO,small_airport,Mossel Bay Airport,-34.1587,22.0557,531,AF,South Africa,,Mossel Bay,true,50
29621,MUT,KMUT,small_airport,Muscatine Municipal Airport,41.3678,-91.1482,547,NA,United States,,Muscatine,true,50
30796,NRG,YNRG,small_airport,Narrogin Airport,-32.93,117.08,1080,OC,Australia,,Narrogin,true,50
38442,TNU,KTNU,small_airport,Newton Municipal Airport,41.6744,-93.0217,953,NA,United States,,Newton,true,50
31874,OLE,KOLE,small_airport,Cattaraugus County-Olean Airport,42.2412,-78.3714,2135,NA,United States,,Olean,true,50
31966,ONY,KONY,small_airport,Olney Municipal Airport,33.3509,-98.8192,1275,NA,United States,,Olney,true,50
32025,OPL,KOPL,small_airport,St Landry Parish Ahart Field,30.5584,-92.0994,75,NA,United States,,Opelousas,true,50
33244,PNG,SSPG,small_airport,Paranaguá Airport,-25.5401,-48.5312,16,SA,Brazil,,Paranaguá,true,50
33004,PGS,,small_airport,Grand Canyon Caverns Airport,35.5272,-113.2476,5386,NA,United States,,Peach Springs,true,50
33203,PMB,KPMB,small_airport,Pembina Municipal Airport,48.9425,-97.2408,795,NA,United States,,Pembina,true,50
32988,PGC,,small_airport,Grant County Airport,38.9949,-79.1459,963,NA,United States,,Petersburg,true,50
32854,PCM,,small_airport,Playa del Carmen National Airport,20.6228,-87.0822,20,NA,Mexico,,Playa del Carmen,true,50
35739,RKR,KRKR,small_airport,Robert S Kerr Airport,35.0216,-94.6213,451,NA,United States,,Poteau,true,50
33334,PPY,SNZA,small_airport,Pouso Alegre Airport,-22.2892,-45.9191,2904,SA,Brazil,,Pouso Alegre,true,50
33473,PTT,KPTT,small_airport,Pratt Regional Airport,37.7016,-98.7469,1953,NA,United States,,Pratt,true,50
35452,RCS,EGTO,small_airport,Rochester Airport,51.3519,0.5033,436,EU,United Kingdom,,"Rochester, Kent",true,50
35744,RKW,KRKW,small_airport,Rockwood Municipal Airport,35.9223,-84.6897,1664,NA,United States,,Rockwood,true,50
35925,RPX,KRPX,small_airport,Roundup Airport,46.4751,-108.5415,3500,NA,United States,,Roundup,true,50
37292,SRW,KRUQ,small_airport,Mid-Carolina Regional Airport,35.6459,-80.5203,772,NA,United States,,Salisbury,true,50
33425,PSH,EDXO,small_airport,Sankt Peter-Ording Airport,54.3089,8.6869,7,EU,Germany,,Sankt Peter-Ording,true,50
36658,SAA,KSAA,small_airport,Shively Field,41.4449,-106.824,7012,NA,United States,,Saratoga,true,50
36668,SAK,BIKR,small_airport,Sauðárkrókur Airport,65.7317,-19.5728,8,EU,Iceland,,Sauðárkrókur,true,50
36814,SEM,KSEM,small_airport,Craig Field,32.3439,-86.9878,166,NA,United States,,Selma,true,50
31954,ONM,KONM,small_airport,Socorro Municipal Airport,34.0225,-106.903,4875,NA,United States,,Socorro,true,50
23108,HTW,KHTW,small_airport,Lawrence County Airpark,38.4191,-82.4949,568,NA,United States,,South Point,true,50
37198,SPA,KSPA,small_airport,Spartanburg Downtown Memorial Airport,34.9157,-81.9565,801,NA,United States,,Spartanburg,true,50
37352,STK,KSTK,small_airport,Sterling Municipal Airport,40.6135,-103.2638,4040,NA,United States,,Sterling,true,50
36893,SGT,KSGT,small_airport,Stuttgart Municipal Airport / Carl Humphrey Field,34.5995,-91.575,224,NA,United States,,Stuttgart,true,50
37957,TAD,KTAD,small_airport,Perry Stokes Airport,37.2594,-104.341,5762,NA,United States,,Trinidad,true,50
39610,UKA,HKUK,small_airport,Ukunda Airstrip,-4.2933,39.5711,98,AF,Kenya,,Ukunda,true,50
40811,VHN,KVHN,small_airport,Culberson County Airport,31.0578,-104.784,3957,NA,United States,,Van Horn,true,50
41069,VOT,SDVG,small_airport,Domingos Pignatari Airport,-20.4584,-50.0031,1676,SA,Brazil,,Votuporanga,true,50
35993,RRT,KRRT,small_airport,Warroad International Memorial Airport,48.9414,-95.3484,1076,NA,United States,,Warroad,true,50
18935,ELZ,KELZ,small_airport,Wellsville Municipal Airport - Tarantine Field,42.1095,-77.99,2124,NA,United States,,Wellsville,true,50
16769,CXT,YCHT,small_airport,Charters Towers Airport,-20.0431,146.273,955,OC,Australia,,,true,50
28503,LZR,YLZI,small_airport,Lizard Island Airport,-14.6733,145.4546,70,OC,Australia,,,true,50
38048,TCW,YTOC,small_airport,Tocumwal Airport,-35.8117,145.608,372,OC,Australia,,,true,50
42275,WMB,YWBL,small_airport,Warrnambool Airport,-38.2953,142.447,242,OC,Australia,,,true,50
13589,AHH,KAHH,small_airport,Amery Municipal Airport,45.2811,-92.3754,1088,NA,United States,,Amery,true,50
13888,APS,SWNS,small_airport,Anápolis Airport,-16.3636,-48.9288,3648,SA,Brazil,,Anápolis,true,50
13822,ANY,KANY,small_airport,Anthony Municipal Airport,37.1585,-98.0796,1340,NA,United States,,Anthony,true,50
37029,SKL,EGEI,small_airport,Broadford Airstrip,57.2531,-5.8278,24,EU,United Kingdom,,"Ashaig, Highland",true,50
13623,AIF,,small_airport,Marcelo Pires Halzhausen Airport,-22.6386,-50.456,1850,SA,Brazil,,Assis,true,50
13632,AIO,KAIO,small_airport,Atlantic Municipal Airport,41.4073,-95.0469,1165,NA,United States,,Atlantic,true,50
14062,AUM,KAUM,small_airport,Austin Municipal Airport,43.665,-92.9334,1234,NA,United States,,Austin,true,50
15105,BNL,KBNL,small_airport,Barnwell Regional Airport,33.2578,-81.3883,246,NA,United States,,Barnwell,true,50
14791,BEV,LLBS,small_airport,Beersheba (Teyman) Airport,31.287,34.723,656,AS,Israel,,Beersheba,true,50
15290,BSQ,,small_airport,Bisbee Municipal Airport,31.364,-109.883,4780,NA,United States,,Bisbee,true,50
15114,BNU,SSBL,small_airport,Blumenau Airport,-26.8317,-49.0936,60,SA,Brazil,,Blumenau,true,50
22762,HKA,KHKA,small_airport,Blytheville Municipal Airport,35.9404,-89.8308,255,NA,United States,,Blytheville,true,50
14965,BJP,SBBP,small_airport,Estadual Arthur Siqueira Airport,-22.9788,-46.5371,2887,SA,Brazil,,Bragança Paulista,true,50
15140,BOK,KBOK,small_airport,Brookings Airport,42.0746,-124.29,459,NA,United States,,Brookings,true,50
15496,BYG,KBYG,small_airport,Johnson County Airport,44.3811,-106.722,4968,NA,United States,,Buffalo,true,50
16223,CIN,KCIN,small_airport,Arthur N Neu Airport,42.0462,-94.789,1204,NA,United States,,Carroll,true,50
31978,OOA,KOOA,small_airport,Oskaloosa Municipal Airport,41.2262,-92.4939,841,NA,United States,,Cedar,true,50
21370,GHM,KGHM,small_airport,Centerville Municipal Airport,35.8374,-87.4454,768,NA,United States,,Centerville,true,50
16253,CJH,,small_airport,Chilko Lake (Tsylos Park Lodge) Airport,51.6258,-124.1445,3850,NA,Canada,,Chilko Lake,true,50
16397,CNH,KCNH,small_airport,Claremont Municipal Airport,43.3704,-72.3687,545,NA,United States,,Claremont,true,50
16328,CLK,KCLK,small_airport,Clinton Regional Airport,35.5383,-98.9327,1616,NA,United States,,Clinton,true,50
16326,CLI,KCLI,small_airport,Clintonville Municipal Airport,44.6138,-88.7313,822,NA,United States,,Clintonville,true,50
16214,CIE,YCOI,small_airport,Collie Airport,-33.3667,116.217,818,OC,Australia,,Collie,true,50
16441,COP,,small_airport,Cooperstown-Westville Airport,42.6296,-74.8904,1260,NA,United States,,Cooperstown,true,50
30416,NGW,KNGW,small_airport,Cabaniss Field Naval Outlying Landing Field,27.7044,-97.4406,30,NA,United States,,Corpus Christi,true,50
16553,CRT,KCRT,small_airport,Z M Jack Stell Field,33.1783,-91.8802,184,NA,United States,,Crossett,true,50
16649,CUH,KCUH,small_airport,Cushing Municipal Airport,35.9505,-96.7724,916,NA,United States,,Cushing,true,50
17522,DIQ,SNDV,small_airport,Brigadeiro Cabral Airport,-20.1807,-44.8709,2608,SA,Brazil,,Divinópolis,true,50
44942,YOE,,small_airport,Donnelly Airport,55.7094,-117.094,1949,NA,Canada,,Donnelly,true,50
18626,EDE,KEDE,small_airport,Northeastern Regional Airport,36.0277,-76.5671,20,NA,United States,,Edenton,true,50
14889,BHL,,small_airport,Bahía de los Ángeles Airport,28.9786,-113.561,34,NA,Mexico,,Ensenada,true,50
19061,EPH,KEPH,small_airport,Ephrata Municipal Airport,47.3076,-119.516,1276,NA,United States,,Ephrata,true,50
19238,EUE,,small_airport,Eureka Airport,39.6042,-116.005,5954,NA,United States,,Eureka,true,50
19282,EVM,KEVM,small_airport,Eveleth–Virginia Municipal Airport,47.4246,-92.4992,1379,NA,United States,,Eveleth,true,50
20001,FFL,KFFL,small_airport,Fairfield Municipal Airport,41.053,-91.9801,799,NA,United States,,Fairfield,true,50
45932,ZFW,,small_airport,Fairview Airport,56.0814,-118.435,2166,NA,Canada,,Fairview,true,50
20002,FFM,KFFM,small_airport,Fergus Falls Municipal Airport - Einar Mickelson Field,46.2844,-96.1567,1183,NA,United States,,Fergus Falls,true,50
20446,FRY,KIZG,small_airport,Eastern Slopes Regional Airport,43.9911,-70.9479,454,NA,United States,,Fryeburg,true,50
18743,EGN,HSGN,small_airport,Geneina Airport,13.4819,22.4671,2651,AF,Sudan,,Geneina,true,50
21730,GRM,KCKC,small_airport,Grand Marais Cook County Airport,47.8383,-90.3829,1799,NA,United States,,Grand Marais,true,50
21796,GTG,KGTG,small_airport,Grantsburg Municipal Airport,45.7981,-92.6644,927,NA,United States,,Grantsburg,true,50
22403,HAB,KHAB,small_airport,Marion County Rankin Fite Airport,34.1176,-87.9982,436,NA,United States,,Hamilton,true,50
23162,HVE,KHVE,small_airport,Hanksville Airport,38.418,-110.704,4444,NA,United States,,Hanksville,true,50
16584,CSO,EDBC,small_airport,Cochstedt Airport,51.8564,11.4203,599,EU,Germany,,Hecklingen,true,50
22439,HBB,,small_airport,Industrial Airpark,32.7668,-103.209,3707,NA,United States,,Hobbs,true,50
23097,HTL,KHTL,small_airport,Roscommon County - Blodgett Memorial Airport,44.3598,-84.6711,1150,NA,United States,,Houghton Lake,true,50
23814,IDI,KIDI,small_airport,Indiana County–Jimmy Stewart Airport,40.6311,-79.1019,1405,NA,United States,,Indiana,true,50
24311,IRB,,small_airport,Iraan Municipal Airport,30.9057,-101.892,2200,NA,United States,,Iraan,true,50
26669,KKT,,small_airport,Kentland Municipal Airport,40.7587,-87.4295,698,NA,United States,,Kentland,true,50
26960,KSW,LLKS,small_airport,Kiryat Shmona Airport,33.2163,35.5962,386,AS,Israel,,Kiryat Shmona,true,50
32145,OSX,KOSX,small_airport,Kosciusko Attala County Airport,33.0903,-89.542,480,NA,United States,,Kosciusko,true,50
43300,XES,,small_airport,Grand Geneva Resort Airport,42.6149,-88.3896,835,NA,United States,,Lake Geneva,true,50
28207,LRJ,KLRJ,small_airport,Le Mars Municipal Airport,42.778,-96.1937,1197,NA,United States,,Le Mars,true,50
28248,LSO,LFOO,small_airport,Les Sables-d'Olonne Talmont Airport,46.4769,-1.7228,105,EU,France,,Les Sables-d'Olonne,true,50
27899,LIZ,,small_airport,Loring International Airport,46.9504,-67.8859,746,NA,United States,,Limestone,true,50
13798,ANA,,small_airport,Angama Mara Airport,-1.2716,34.9547,6180,AF,Kenya,,Lolgorien,true,50
29325,MML,KMML,small_airport,Southwest Minnesota Regional Airport - Marshall/Ryan Field,44.4505,-95.8219,1183,NA,United States,,Marshall,true,50
29480,MQW,KMQW,small_airport,Telfair Wheeler Airport,32.0958,-82.88,202,NA,United States,,Mc Rae,true,50
29724,MXO,KMXO,small_airport,Monticello Regional Airport,42.2204,-91.1633,832,NA,United States,,Monticello,true,50
29401,MOP,KMOP,small_airport,Mount Pleasant Municipal Airport,43.6217,-84.7375,755,NA,United States,,Mount Pleasant,true,50
29447,MPZ,KMPZ,small_airport,Mount Pleasant Municipal Airport,40.9466,-91.5111,730,NA,United States,,Mount Pleasant,true,50
29051,MEZ,,small_airport,Musina(Messina) Airport,-22.3557,29.9862,1904,AF,South Africa,,Musina,true,50
38406,TMU,MRTR,small_airport,Tambor Airport,9.7393,-85.0162,33,NA,Costa Rica,,Nicoya,true,50
37576,SZS,NZRC,small_airport,Ryan's Creek Aerodrome,-46.8997,168.101,62,OC,New Zealand,,Oban,true,50
31690,OGA,KOGA,small_airport,Ogallala Municipal Airport Searle Field,41.1195,-101.77,3279,NA,United States,,Ogallala,true,50
31884,OLO,LKOL,small_airport,Olomouc Airport,49.5877,17.2093,869,EU,Czech Republic,,Olomouc,true,50
31835,OKB,YORC,small_airport,Orchid Beach Airport,-24.9594,153.315,71,OC,Australia,,Orchid Beach,true,50
31852,OKS,KOKS,small_airport,Garden County Airport/King Rhiley Field,41.401,-102.355,3394,NA,United States,,Oshkosh,true,50
32305,OXD,KOXD,small_airport,Miami University Airport,39.5023,-84.7844,1041,NA,United States,,Oxford,true,50
33652,PYS,,small_airport,Paradise Skypark Airport,39.7103,-121.6165,1300,NA,United States,,Paradise,true,50
33037,PHP,KPHP,small_airport,Philip Airport,44.0485,-101.6009,2207,NA,United States,,Philip,true,50
33575,PWN,MYCP,small_airport,Pitts Town Airport,22.8297,-74.3461,0,NA,Bahamas,,Pitts Town,true,50
33298,POY,KPOY,small_airport,Powell Municipal Airport,44.8672,-108.793,5092,NA,United States,,Powell,true,50
35548,RFG,KRFG,small_airport,Rooke Field,28.2936,-97.323,56,NA,United States,,Refugio,true,50
35531,REZ,SDRS,small_airport,Resende Airport,-22.4785,-44.4803,1320,SA,Brazil,,Resende,true,50
27663,LCF,MGRD,small_airport,Las Vegas Airport,15.6684,-88.9618,28,NA,Guatemala,,Rio Dulce,true,50
35444,RCK,KRCK,small_airport,H H Coffield Regional Airport,30.6316,-96.9897,474,NA,United States,,Rockdale,true,50
35520,REO,KREO,small_airport,Rome State Airport,42.5777,-117.885,4053,NA,United States,,Rome,true,50
36745,SCP,LFNC,small_airport,Mont-Dauphin Saint-Crépin Airfield,44.7017,6.6003,2963,EU,France,,"Saint-Crépin, Hautes-Alpes",true,50
14630,BAE,LFMR,small_airport,Barcelonnette - Saint-Pons Airfield,44.3872,6.6088,3714,EU,France,,"Saint-Pons, Alpes-de-Haute-Provence",true,50
16590,CSU,SSSC,small_airport,Santa Cruz do Sul Airport,-29.6841,-52.4122,653,SA,Brazil,,Santa Cruz do Sul,true,50
36717,SBX,KSBX,small_airport,Shelby Airport,48.5407,-111.871,3443,NA,United States,,Shelby,true,50
42514,WSY,YSHR,small_airport,Shute Harbour/Whitsunday Airport,-20.2761,148.755,40,OC,Australia,,Shute Harbour,true,50
37136,SNK,KSNK,small_airport,Winston Field,32.6902,-100.9489,2430,NA,United States,,Snyder,true,50
37055,SLB,KSLB,small_airport,Storm Lake Municipal Airport,42.5973,-95.2407,1488,NA,United States,,Storm Lake,true,50
36967,SIV,KSIV,small_airport,Sullivan County Airport,39.1147,-87.4483,540,NA,United States,,Sullivan,true,50
38843,TYZ,KTYL,small_airport,Taylor Airport,34.4528,-110.115,5823,NA,United States,,Taylor,true,50
38218,THM,KTHM,small_airport,Thompson Falls Airport,47.5735,-115.281,2467,NA,United States,,Thompson Falls,true,50
38573,TRH,,small_airport,Trona Airport,35.8125,-117.327,1716,NA,United States,,Trona,true,50
38697,TUX,,small_airport,Tumbler Ridge Airport,55.025,-120.935,3075,NA,Canada,,Tumbler Ridge,true,50
29686,MWM,KMWM,small_airport,Windom Municipal Airport,43.9134,-95.1094,1410,NA,United States,,Windom,true,50
24368,ISW,KISW,small_airport,Alexander Field South Wood County Airport,44.3603,-89.839,1021,NA,United States,,Wisconsin Rapids,true,50
16578,CSI,YCAS,small_airport,Casino Airport,-28.8813,153.0607,86,OC,Australia,,,true,50
15981,CBX,YCDO,small_airport,Condobolin Airport,-33.0656,147.2132,650,OC,Australia,,,true,50
21624,GOO,YGDI,small_airport,Goondiwindi Airport,-28.5214,150.32,714,OC,Australia,,,true,50
26350,KBY,YKBY,small_airport,Streaky Bay Airport,-32.8366,134.293,69,OC,Australia,,,true,50
31055,NYN,YNYN,small_airport,Nyngan Airport,-31.5506,147.203,569,OC,Australia,,,true,50
37133,SNH,YSPE,small_airport,Stanthorpe Airport,-28.6201,151.9833,2938,OC,Australia,,,true,50
41867,WAZ,YWCK,small_airport,Warwick Airport,-28.1494,151.943,1500,OC,Australia,,,true,50
26766,KNI,YKNG,small_airport,Katanning Airport,-33.6994,117.657,0,OC,Australia,,,true,50
42242,WLE,YMLS,small_airport,Miles Airport,-26.8064,150.169,304,OC,Australia,,,true,50
30847,NSV,YNSH,small_airport,Noosa Airport,-26.4232,153.0649,1,OC,Australia,,,true,50
28923,MBF,YPOK,small_airport,Porepunkah Airport,-36.7177,146.89,935,OC,Australia,,,true,50
36926,SHQ,YSPT,small_airport,Southport Airport,-27.9218,153.3715,2,OC,Australia,,,true,50
16149,CGL,SPGL,small_airport,Chagual Airport,-7.7976,-77.6512,3967,SA,Peru,,,true,50
42108,WHO,,small_airport,Franz Josef Aerodrome,-43.3631,170.134,240,OC,New Zealand,,,true,50
21551,GMN,NZGM,small_airport,Greymouth Airport,-42.4617,171.19,10,OC,New Zealand,,,true,50
13371,ABF,NGAB,small_airport,Abaiang Airport,1.7986,173.041,26,OC,Kiribati,,Abaiang,true,50
14164,AXG,KAXA,small_airport,Algona Municipal Airport,43.0781,-94.2718,1219,NA,United States,,Algona,true,50
13893,APX,SSOG,small_airport,Arapongas Airport,-23.3526,-51.492,2599,SA,Brazil,,Arapongas,true,50
13984,ASG,NZAS,small_airport,Ashburton Airport,-43.9033,171.797,302,OC,New Zealand,,Ashburton,true,50
14915,BIB,HCMB,small_airport,Baidoa Airport,3.1019,43.6271,1820,AF,Somalia,,Baidoa,true,50
14669,BBH,EDBH,small_airport,Stralsund-Barth Airport,54.3383,12.7105,23,EU,Germany,,Barth,true,50
15096,BNC,FZNP,small_airport,Beni Airport,0.575,29.4739,3517,AF,Democratic Republic of the Congo,,Beni,true,50
14863,BGV,,small_airport,Aeroclube de Bento Gonçalves Airport,-29.1474,-51.5408,2209,SA,Brazil,,Bento Gonçalves,true,50
14742,BDI,FSSB,small_airport,Bird Island Airport,-3.7237,55.2061,6,AF,Seychelles,,Bird Island,true,50
14757,BDX,,small_airport,Broadus Airport,45.4705,-105.4571,3280,NA,United States,,Broadus,true,50
16038,CDI,SNKI,small_airport,Cachoeiro do Itapemirim - Raimundo de Andrade Airport,-20.8343,-41.1856,256,SA,Brazil,,Cachoeiro do Itapemirim,true,50
16227,CIR,KCIR,small_airport,Cairo Regional Airport,37.0645,-89.2196,321,NA,United States,,Cairo,true,50
29726,MXQ,,small_airport,Lorenzo Airport,-13.3894,-38.91,3,SA,Brazil,,Cairu,true,50
16335,CLR,KCLR,small_airport,Cliff Hatfield Memorial Airport,33.1315,-115.521,-182,NA,United States,,Calipatria,true,50
16037,CDH,KCDH,small_airport,Harrell Field,33.6228,-92.7634,130,NA,United States,,Camden,true,50
16841,CZT,KCZT,small_airport,Dimmit County Airport,28.5222,-99.8236,599,NA,United States,,Carrizo Springs,true,50
16752,CXC,,small_airport,Chitina Airport,61.5829,-144.427,556,NA,United States,,Chitina,true,50
16121,CFT,KCFT,small_airport,Greenlee County Airport,32.957,-109.2114,3798,NA,United States,,Clifton,true,50
43221,XCL,,small_airport,Cluff Lake Airport,58.3911,-109.516,1112,NA,Canada,,Cluff Lake,true,50
16400,CNK,KCNK,small_airport,Blosser Municipal Airport,39.5493,-97.6523,1486,NA,United States,,Concordia,true,50
16087,CEV,KCEV,small_airport,Mettel Field,39.6985,-85.1297,867,NA,United States,,Connersville,true,50
44525,YCT,CYCT,small_airport,Coronation Airport,52.075,-111.445,2595,NA,Canada,,Coronation,true,50
17380,DES,FSDR,small_airport,Desroches Airport,-5.6967,53.6558,10,AF,Seychelles,,Desroches Island,true,50
17439,DGF,,small_airport,Douglas Lake Airport,50.1655,-120.1713,2770,NA,Canada,,Douglas Lake,true,50
21798,GTI,EDCG,small_airport,Rügen Airport,54.3835,13.3255,69,EU,Germany,,Dreschvitz,true,50
18745,EGP,,small_airport,Maverick County Memorial International Airport,28.8598,-100.5167,887,NA,United States,,Eagle Pass,true,50
18920,ELK,KELK,small_airport,Elk City Regional Business Airport,35.4308,-99.3943,2013,NA,United States,,Elk City,true,50
18921,ELL,FAER,small_airport,Ellisras Matimba Airport,-23.7267,27.6883,2799,AF,South Africa,,Ellisras,true,50
19181,EST,KEST,small_airport,Estherville Municipal Airport,43.4074,-94.7464,1319,NA,United States,,Estherville,true,50
39326,UCE,,small_airport,Eunice Airport,30.4663,-92.4238,42,NA,United States,,Eunice,true,50
20249,FMH,KFMH,small_airport,Cape Cod Coast Guard Air Station,41.6579,-70.5216,131,NA,United States,,Falmouth,true,50
20221,FLP,KFLP,small_airport,Marion County Regional Airport,36.2909,-92.5903,719,NA,United States,,Flippin,true,50
30453,NHX,KNBJ,small_airport,Naval Outlying Field Barin,30.3891,-87.6353,54,NA,United States,,Foley,true,50
20260,FMS,KFSW,small_airport,Fort Madison Municipal Airport,40.6591,-91.3278,724,NA,United States,,Fort Madison,true,50
19973,FET,KFET,small_airport,Fremont Municipal Airport,41.4502,-96.5229,1204,NA,United States,,Fremont,true,50
21107,GAB,KGAB,small_airport,Gabbs Airport,38.9232,-117.9572,4700,NA,United States,,Gabbs,true,50
21363,GHF,EDQG,small_airport,Giebelstadt Airport,49.6481,9.9664,981,EU,Germany,,Giebelstadt,true,50
21866,GVE,KGVE,small_airport,Gordonsville Municipal Airport,38.156,-78.1658,454,NA,United States,,Gordonsville,true,50
21628,GOS,YSMB,small_airport,Somersby Airstrip,-33.3677,151.2998,860,OC,Australia,,Gosford,true,50
21733,GRP,SWGI,small_airport,Gurupi Airport,-11.7396,-49.1322,1148,SA,Brazil,,Gurupi,true,50
23176,HVS,KHVS,small_airport,Hartsville Regional Airport,34.4031,-80.1192,364,NA,United States,,Hartsville,true,50
23204,HWK,YHAW,small_airport,Wilpena Pound Airport,-31.8559,138.4681,321,OC,Australia,,Hawker,true,50
24602,IZE,,small_airport,Itzehoe Hungriger Wolf Airfield,53.992,9.5764,89,EU,Germany,,Hohenlockstedt,true,50
30808,NRS,KNRS,small_airport,Naval Outlying Field Imperial Beach (Ream Field),32.5667,-117.117,24,NA,United States,,Imperial Beach,true,50
23878,IFA,KIFA,small_airport,Iowa Falls Municipal Airport,42.4708,-93.27,1137,NA,United States,,Iowa Falls,true,50
24399,ITR,SBIT,small_airport,Francisco Vilela do Amaral Airport,-18.4447,-49.2134,1630,SA,Brazil,,Itumbiara,true,50
32843,PCB,WIHP,small_airport,Pondok Cabe Air Base,-6.337,106.765,200,AS,Indonesia,,Jakarta,true,50
25012,JAS,KJAS,small_airport,Jasper County Airport Bell Field,30.8857,-94.0349,213,NA,United States,,Jasper,true,50
39306,UBU,YKAL,small_airport,Kalumburu Airport,-14.2878,126.6332,29,OC,Australia,,Kalumburu,true,50
26331,KBF,,small_airport,Karubaga Airport,-3.6846,138.479,5200,AS,Indonesia,,Karubaga,true,50
29650,MVM,,small_airport,Kayenta Airport,36.7164,-110.2284,5688,NA,United States,,Kayenta,true,50
27196,KZG,,small_airport,Kitzingen Airfield,49.7443,10.2073,689,EU,Germany,,Kitzingen,true,50
27805,LGD,KLGD,small_airport,La Grande/Union County Airport,45.2902,-118.007,2717,NA,United States,,La Grande,true,50
28469,LYT,YLTT,small_airport,Lady Elliot Island Airstrip,-24.1129,152.7156,20,OC,Australia,,Lady Elliot Island,true,50
28353,LVL,KLVL,small_airport,Brunswick Municipal Airport,36.7742,-77.7938,329,NA,United States,,Lawrenceville,true,50
28250,LSQ,SCGE,small_airport,María Dolores Airport,-37.4017,-72.4254,374,SA,Chile,,Los Angeles,true,50
27991,LLJ,WIPB,small_airport,Silampari Airport,-3.2882,102.9145,371,AS,Indonesia,,Lubuk Linggau,true,50
28904,MAW,KMAW,small_airport,Malden Regional Airport,36.6006,-89.9922,294,NA,United States,,Malden,true,50
29734,MXY,PAMX,small_airport,Mc Carthy Airport,61.4371,-142.904,1531,NA,United States,,Mccarthy,true,50
29175,MIF,,small_airport,Roy Hurd Memorial Airport,31.5825,-102.909,2615,NA,United States,,Monahans,true,50
29409,MOX,KMOX,small_airport,Morris Municipal Airport Charlie Schmidt Field,45.566,-95.9672,1138,NA,United States,,Morris,true,50
19246,EUM,EDHN,small_airport,Neumünster Airport,54.0794,9.9414,72,EU,Germany,,Neumünster,true,50
30578,NLE,,small_airport,Jerry Tyler Memorial Airport,41.8359,-86.2252,750,NA,United States,,Niles,true,50
16774,CXY,MYCC,small_airport,Cat Cay Airport,25.5544,-79.2754,14,NA,Bahamas,,North Cat Cay,true,50
31873,OLD,KOLD,small_airport,Dewitt Field - Old Town Municipal Airport,44.9528,-68.6743,126,NA,United States,,Old Town,true,50
31894,OLY,KOLY,small_airport,Olney Noble Airport,38.7218,-88.1764,482,NA,United States,,Olney-Noble,true,50
20298,FNU,LIER,small_airport,Oristano-Fenosu Airport,39.8953,8.6427,36,EU,Italy,,Oristano,true,50
32124,OSC,KOSC,small_airport,Oscoda Wurtsmith Airport,44.4516,-83.3941,633,NA,United States,,Oscoda,true,50
32212,OUS,SDOU,small_airport,Jornalista Benedito Pimentel Airport,-22.9666,-49.912,1516,SA,Brazil,,Ourinhos,true,50
33658,PYY,,small_airport,Pai Airport,19.3721,98.4359,1676,AS,Thailand,,Pai,true,50
33003,PGR,KPGR,small_airport,Kirk Field,36.0629,-90.5078,290,NA,United States,,Paragould,true,50
33041,PHT,KPHT,small_airport,Henry County Airport,36.3382,-88.3829,580,NA,United States,,Paris,true,50
33283,POJ,SNPD,small_airport,Patos de Minas Airport,-18.6727,-46.4913,2794,SA,Brazil,,Patos de Minas,true,50
32919,PEF,EDCP,small_airport,Peenemünde Airport,54.1578,13.7744,7,EU,Germany,,Peenemünde,true,50
39811,UPV,EGDJ,small_airport,Upavon Aerodrome,51.2866,-1.7822,574,EU,United Kingdom,,"Pewsey, Wiltshire",true,50
13513,AFD,FAPA,small_airport,Port Alfred Airport,-33.5551,26.8817,275,AF,South Africa,,Port Alfred,true,50
33251,PNN,KPNN,small_airport,Princeton Municipal Airport,45.2007,-67.5644,266,NA,United States,,Princeton,true,50
23860,IES,EDAU,small_airport,Riesa-Göhlis Airport,51.2936,13.3561,322,EU,Germany,,Riesa,true,50
35889,ROX,KROX,small_airport,Roseau Municipal Rudy Billberg Field,48.856,-95.697,1060,NA,United States,,Roseau,true,50
36708,SBO,,small_airport,Salina Gunnison Airport,39.0291,-111.838,5159,NA,United States,,Salina,true,50
25119,JDR,SNJR,small_airport,Prefeito Octávio de Almeida Neves Airport,-21.0856,-44.2253,3117,SA,Brazil,,São João Del Rei,true,50
39772,UOS,KUOS,small_airport,Franklin County Airport,35.2048,-85.8991,1953,NA,United States,,Sewanee,true,50
37040,SKW,PASW,small_airport,Skwentna Airport,61.9653,-151.191,148,NA,United States,,Skwentna,true,50
16378,CMY,KCMY,small_airport,Sparta Fort McCoy Airport,43.958,-90.7379,837,NA,United States,,Sparta,true,50
37532,SYK,BIST,small_airport,Stykkishólmur Airport,65.0589,-22.7646,42,EU,Iceland,,Stykkishólmur,true,50
37390,SUM,KSMS,small_airport,Sumter Airport,33.995,-80.3613,182,NA,United States,,Sumter,true,50
38646,TTI,NTTE,small_airport,Tetiaroa Airport,-17.0151,-149.5894,7,OC,French Polynesia,,Tetiaroa,true,50
38589,TRX,KTRX,small_airport,Trenton Municipal Airport,40.0835,-93.5906,758,NA,United States,,Trenton,true,50
14635,BAJ,,small_airport,Bali Airport,-4.8833,149.1333,90,OC,Papua New Guinea,,Unea Island,true,50
39346,UCY,KUCY,small_airport,Everett-Stewart Regional Airport,36.3818,-88.9854,336,NA,United States,,Union City,true,50
42131,WIB,,small_airport,Wilbarger County Airport,34.2257,-99.2838,1265,NA,United States,,Vernon,true,50
41986,WEA,KWEA,small_airport,Parker County Airport,32.7463,-97.6824,990,NA,United States,,Weatherford,true,50
42543,WTR,,small_airport,Whiteriver Airport,33.8102,-109.9866,5153,NA,United States,,Whiteriver,true,50
28069,LNP,KLNP,small_airport,Lonesome Pine Airport,36.9875,-82.53,2684,NA,United States,,Wise,true,50
31743,OHR,EDXY,small_airport,Wyk auf Föhr Airport,54.6844,8.5283,26,EU,Germany,,Wyk auf Föhr,true,50
15505,BYP,YBRY,small_airport,Barimunya Airport,-22.6739,119.1661,2082,OC,Australia,,,true,50
19277,EVH,YEVD,small_airport,Evans Head Aerodrome,-29.1018,153.4193,20,OC,Australia,,,true,50
29221,MJP,YMJM,small_airport,Manjimup Airport,-34.2653,116.14,940,OC,Australia,,,true,50
36137,RVT,YNRV,small_airport,Ravensthorpe Airport,-33.7972,120.208,197,OC,Australia,,,true,50
42565,WUD,YWUD,small_airport,Wudinna Airport,-33.0433,135.447,310,OC,Australia,,,true,50
16535,CRB,YCBR,small_airport,Collarenebri Airport,-29.5232,148.5782,152,OC,Australia,,,true,50
16290,CKI,YCKI,small_airport,Croker Island Airport,-11.165,132.483,16,OC,Australia,,,true,50
16365,CML,YCMW,small_airport,Camooweal Airport,-19.9117,138.125,241,OC,Australia,,,true,50
16016,CCW,YCWL,small_airport,Cowell Airport,-33.6667,136.892,39,OC,Australia,,,true,50
17635,DLV,YDLV,small_airport,Delissaville Airport,-12.55,130.685,34,OC,Australia,,,true,50
21153,GBL,YGBI,small_airport,South Goulburn Is Airport,-11.65,133.382,19,OC,Australia,,,true,50
32136,OSO,YOSB,small_airport,Osborne Mine Airport,-22.0817,140.555,285,OC,Australia,,,true,50
35995,RRV,,small_airport,Robinson River Airport,-16.7183,136.945,0,OC,Australia,,,true,50
22816,HLS,YSTH,small_airport,St Helens Airport,-41.3367,148.282,48,OC,Australia,,,true,50
41958,WDI,YWND,small_airport,Wondai Airport,-26.2774,151.8617,320,OC,Australia,,,true,50
29566,MTA,NZMA,small_airport,Matamata Glider Airport,-37.7344,175.742,180,OC,New Zealand,,,true,50
29797,MZP,NZMK,small_airport,Motueka Airport,-41.1233,172.989,39,OC,New Zealand,,,true,50
30539,NKB,,small_airport,Noonkanbah Airport,-18.4947,124.852,0,OC,Australia,,,true,50
31558,OCM,YBGD,small_airport,Boolgeeda,-22.5411,117.2694,1871,OC,Australia,,,true,50
42253,WLP,YANG,small_airport,West Angelas Airport,-23.1356,118.7072,2340,OC,Australia,,,true,50
30397,NGD,TUPA,small_airport,Captain Auguste George Airport,18.7277,-64.3285,9,NA,British Virgin Islands,,Anegada,true,50
13890,APU,SSAP,small_airport,Captain João Busse Airport,-23.6091,-51.3843,2625,SA,Brazil,,Apucarana,true,50
16292,CKK,KCVK,small_airport,Sharp County Regional Airport,36.2649,-91.5626,716,NA,United States,,Ash Flat,true,50
14927,BIN,OABN,small_airport,Bamyan Airport,34.8089,67.8166,8367,AS,Afghanistan,,Bamyan,true,50
21772,GSS,,small_airport,Sabi Sabi Airport,-24.9474,31.4488,1276,AF,South Africa,,Belfast,true,50
13403,ACB,KACB,small_airport,Antrim County Airport,44.9886,-85.1984,623,NA,United States,,Bellaire,true,50
21541,GMD,GMMB,small_airport,Ben Slimane Airport,33.6554,-7.2214,627,AF,Morocco,,Ben Slimane,true,50
15323,BTN,KBBP,small_airport,Marlboro County Jetport - H E Avent Field Airport,34.6217,-79.7344,147,NA,United States,,Bennettsville,true,50
15429,BWL,KBKN,small_airport,Blackwell Tonkawa Municipal Airport,36.7452,-97.3496,1030,NA,United States,,Blackwell,true,50
15036,BLO,BIBL,small_airport,Blönduós Airport,65.645,-20.2875,131,EU,Iceland,,Blönduós,true,50
44484,YBO,,small_airport,Bob Quinn Lake Airport,56.9667,-130.25,2000,NA,Canada,,Bob Quinn Lake,true,50
15454,BXA,KBXA,small_airport,George R Carr Memorial Air Field,30.8137,-89.865,119,NA,United States,,Bogalusa,true,50
14851,BGJ,BIBF,small_airport,Borgarfjörður eystri Airport,65.5168,-13.8158,80,EU,Iceland,,Borgarfjörður eystri,true,50
15475,BXV,BIBV,small_airport,Breiðdalsvík Airport,64.79,-14.0439,8,EU,Iceland,,Breiðdalsvík,true,50
15976,CBS,SVON,small_airport,Oro Negro Airport,10.3307,-71.3225,164,SA,Venezuela,,Cabimas,true,50
16017,CCX,SWKC,small_airport,Cáceres Airport,-16.0436,-57.6299,492,SA,Brazil,,Cáceres,true,50
16620,CTO,,small_airport,Calverton Executive Airpark,40.9151,-72.7919,75,NA,United States,,Calverton,true,50
16498,CQA,SWEK,small_airport,Canarana Airport,-13.5765,-52.2683,1306,SA,Brazil,,Canarana,true,50
38856,TZC,KCFS,small_airport,Tuscola Area Airport,43.4588,-83.4455,701,NA,United States,,Caro,true,50
38375,TLZ,SWKT,small_airport,Catalão Airport,-18.2168,-47.8997,2612,SA,Brazil,,Catalão,true,50
15440,BWW,MUBR,small_airport,Las Brujas Airport,22.6213,-79.1472,13,NA,Cuba,,Cayo Santa Maria,true,50
16282,CKA,KCKA,small_airport,Kegelman AF Aux Field,36.7343,-98.1235,1202,NA,United States,,Cherokee,true,50
16541,CRH,,small_airport,Cherrabah Airport,-28.4301,152.089,2228,OC,Australia,,Cherrabah Homestead Resort,true,50
27988,LLG,YCGO,small_airport,Chillagoe Airport,-17.1384,144.5285,1110,OC,Australia,,Chillagoe,true,50
16183,CHJ,FVCH,small_airport,Chipinge Airport,-20.2067,32.6283,3720,AF,Zimbabwe,,Chipinge,true,50
16226,CIQ,,small_airport,Chiquimula Airport,14.8309,-89.5209,1484,NA,Guatemala,,Chiquimula,true,50
15936,CAO,KCAO,small_airport,Clayton Municipal Airpark,36.4462,-103.167,4965,NA,United States,,Clayton,true,50
26474,KFE,YFDF,small_airport,Fortescue - Dave Forrest Aerodrome,-22.2908,119.4371,1555,OC,Australia,,Cloudbreak Village,true,50
34145,QCH,,small_airport,Colatina Airport,-19.4875,-40.5794,502,SA,Brazil,,Colatina,true,50
16755,CXF,PACX,small_airport,Coldfoot Airport,67.2522,-150.204,1042,NA,United States,,Coldfoot,true,50
16438,COM,KCOM,small_airport,Coleman Municipal Airport,31.8411,-99.4036,1697,NA,United States,,Coleman,true,50
16803,CYR,SUCA,small_airport,Colonia Laguna de Los Patos International Airport,-34.4564,-57.7706,66,SA,Uruguay,,Colonia del Sacramento,true,50
13515,AFF,KAFF,small_airport,USAF Academy Airfield,38.9725,-104.8211,6572,NA,United States,,Colorado Springs,true,50
16318,CLA,VGCM,small_airport,Comilla Airport,23.4401,91.1887,25,AS,Bangladesh,,Comilla,true,50
16265,CJT,MMCO,small_airport,San Antonio Copalar Airport,16.1767,-92.0506,5161,NA,Mexico,,Comitán,true,50
16824,CZC,,small_airport,Copper Center 2 Airport,61.9437,-145.2994,1150,NA,United States,,Copper Center,true,50
16548,CRO,,small_airport,Corcoran Airport,36.1027,-119.5948,197,NA,United States,,Corcoran,true,50
17943,DUF,,small_airport,Pine Island Airport,36.2527,-75.7853,16,NA,United States,,Corolla,true,50
45310,YYM,CYYM,small_airport,Cowley Airport,49.6364,-114.094,3876,NA,Canada,,Cowley,true,50
16216,CIG,KCAG,small_airport,Craig Moffat Airport,40.4952,-107.522,6193,NA,United States,,Craig,true,50
16586,CSQ,KCSQ,small_airport,Creston Municipal Airport,41.0214,-94.3633,1300,NA,United States,,Creston,true,50
17984,DVK,,small_airport,Diavik Airport,64.5114,-110.289,1413,NA,Canada,,Diavik,true,50
17562,DJU,BIDV,small_airport,Djúpivogur Airport,64.6424,-14.2773,9,EU,Iceland,,Djúpivogur,true,50
17445,DGL,KDGL,small_airport,Douglas Municipal Airport,31.3426,-109.506,4173,NA,United States,,Douglas,true,50
17850,DRU,,small_airport,Drummond Airport,46.6216,-113.2018,4245,NA,United States,,Drummond,true,50
17272,DBS,,small_airport,Dubois Municipal Airport,44.1621,-112.2206,5123,NA,United States,,Dubois,true,50
17586,DKI,YDKI,small_airport,Dunk Island Airport,-17.9391,146.1414,6,OC,Australia,,Dunk Island,true,50
18586,ECA,,small_airport,Iosco County Airport,44.3128,-83.4223,606,NA,United States,,East Tawas,true,50
19184,ESW,KESW,small_airport,Easton State Airport,47.2542,-121.186,2226,NA,United States,,Easton,true,50
18954,EMI,AYEE,small_airport,Emirau Airport,-1.6539,149.9758,172,OC,Papua New Guinea,,Emirau Island,true,50
18952,EMG,FAEM,small_airport,Empangeni Airport,-28.72,31.89,251,AF,South Africa,,Empangeni,true,50
19314,EWI,WAYE,small_airport,Enarotali Airport,-3.9257,136.3786,5807,AS,Indonesia,,Enarotali,true,50
19138,ERM,SSER,small_airport,Erechim Airport,-27.6636,-52.2715,2498,SA,Brazil,,Erechim,true,50
19354,EXM,YEXM,small_airport,Exmouth Airport,-22.0407,114.1027,0,OC,Australia,,Exmouth,true,50
29589,MTX,,small_airport,Metro Field,64.8068,-147.762,432,NA,United States,,Fairbanks,true,50
19817,FAH,OAFR,small_airport,Farah Airport,32.3667,62.1653,3083,AS,Afghanistan,,Farah,true,50
20662,FXY,KFXY,small_airport,Forest City Municipal Airport,43.2347,-93.6241,1229,NA,United States,,Forest City,true,50
19906,FCY,KFCY,small_airport,Forrest City Municipal Airport,34.942,-90.775,249,NA,United States,,Forrest City,true,50
20315,FOB,,small_airport,Fort Bragg Airport,39.4724,-123.7953,71,NA,United States,,Fort Bragg,true,50
30621,NML,,small_airport,Fort McMurray / Mildred Lake Airport,57.0556,-111.574,1046,NA,Canada,,Fort McMurray,true,50
20478,FSU,KFSU,small_airport,Fort Sumner Municipal Airport,34.4834,-104.217,4165,NA,United States,,Fort Sumner,true,50
42032,WFK,KFVE,small_airport,Northern Aroostook Regional Airport,47.2855,-68.3128,988,NA,United States,,Frenchville,true,50
21362,GHE,,small_airport,Garachiné Airport,8.0644,-78.3673,42,SA,Panama,,Garachiné,true,50
34297,QGP,SNGN,small_airport,Garanhuns Airport,-8.8343,-36.4716,2533,SA,Brazil,,Garanhuns,true,50
21724,GRG,OAGZ,small_airport,Gardez Airport,33.6274,69.237,7790,AS,Afghanistan,,Gardez,true,50
21113,GAH,YGAY,small_airport,Gayndah Airport,-25.6159,151.6206,369,OC,Australia,,Gayndah,true,50
21254,GEE,YGTO,small_airport,George Town Airport,-41.0795,146.8391,131,OC,Australia,,George Town,true,50
21164,GBW,YGIA,small_airport,Ginbata Airport,-22.5812,120.0355,1409,OC,Australia,,Ginbata,true,50
13930,AQY,,small_airport,Girdwood-Alyeska Airport,60.9688,-149.1198,150,NA,United States,,Girdwood,true,50
21418,GIY,FAGI,small_airport,Giyani Airport,-23.2833,30.65,1584,AF,South Africa,,Giyani,true,50
21447,GJR,BIGJ,small_airport,Gjögur Airport,65.9953,-21.3269,83,EU,Iceland,,Gjögur,true,50
21731,GRN,KGRN,small_airport,Gordon Municipal Airport,42.806,-102.175,3562,NA,United States,,Gordon,true,50
21477,GKL,YGKL,small_airport,Great Keppel Is Airport,-23.1846,150.9416,21,OC,Australia,,Great Keppel Island,true,50
21289,GFD,KGFD,small_airport,Pope Field,39.7907,-85.735,895,NA,United States,,Greenfield,true,50
21815,GTZ,HTGR,small_airport,Kirawira B Aerodrome,-2.1608,34.2256,3970,AF,Tanzania,,Grumeti Game Reserve,true,50
21586,GNM,SNGI,small_airport,Guanambi Airport,-14.2082,-42.7461,1815,SA,Brazil,,Guanambi,true,50
21515,GLN,GMAG,small_airport,Guelmim Airport,29.0267,-10.0503,984,AF,Morocco,,Guelmim,true,50
22961,HPT,KHPT,small_airport,Hampton Municipal Airport,42.7237,-93.2263,1176,NA,United States,,Hampton,true,50
23323,HZV,,small_airport,Hazyview Airport,-25.0501,31.1319,1810,AF,South Africa,,Hazyview,true,50
22514,HDE,KHDE,small_airport,Brewster Field,40.4521,-99.3365,2313,NA,United States,,Holdrege,true,50
22810,HLM,,small_airport,Park Township Airport,42.7959,-86.162,603,NA,United States,,Holland,true,50
23168,HVK,BIHK,small_airport,Hólmavík Airport,65.7047,-21.6964,90,EU,Iceland,,Hólmavík,true,50
44687,YHB,CYHB,small_airport,Hudson Bay Airport,52.8167,-102.311,1175,NA,Canada,,Hudson Bay,true,50
23125,HUD,,small_airport,Humboldt Municipal Airport,42.7348,-94.2453,1093,NA,United States,,Humboldt,true,50
42210,WKI,FVWT,small_airport,Hwange (Town) Airport,-18.363,26.5198,2500,AF,Zimbabwe,,Hwange,true,50
23812,IDG,KIDG,small_airport,Ida Grove Municipal Airport,42.3326,-95.4449,1245,NA,United States,,Ida Grove,true,50
23807,IDB,ESUE,small_airport,Idre Airport,61.8697,12.6894,1480,EU,Sweden,,Idre,true,50
24101,ILH,ETIK,heliport,Illesheim Army Heliport,49.4739,10.3881,1079,EU,Germany,,Illesheim,true,50
24429,IUL,,small_airport,Ilu Airport,-3.7051,138.2002,6408,AS,Indonesia,,Ilu,true,50
24184,INS,KINS,small_airport,Creech Air Force Base,36.5872,-115.673,3133,NA,United States,,Indian Springs,true,50
23952,IHC,FQIA,small_airport,Inhaca Airport,-25.9971,32.9294,10,AF,Mozambique,,Inhaca,true,50
25408,JLS,SDJL,small_airport,Jales Airport,-20.2923,-50.5455,1493,SA,Brazil,,Jales,true,50
23746,IBM,,small_airport,Iron Bridge Mine Airport,-21.2876,118.8825,665,OC,Australia,,Japal Camp,true,50
44758,YJA,CYJA,small_airport,Jasper Airport,52.9964,-118.0602,3350,NA,Canada,,Jasper,true,50
13889,APT,KAPT,small_airport,Marion County Airport - Brown Field,35.0607,-85.5853,641,NA,United States,,Jasper,true,50
18716,EFW,KEFW,small_airport,Jefferson Municipal Airport,42.0099,-94.3417,1044,NA,United States,,Jefferson,true,50
16179,CHF,RKPE,small_airport,Jinhae Air Base,35.1402,128.6962,8,AS,South Korea,,Jinhae,true,50
25067,JCB,SSJA,small_airport,Santa Terezinha Airport,-27.1715,-51.5533,2546,SA,Brazil,,Joaçaba,true,50
25115,JDN,KJDN,small_airport,Jordan Airport,47.3288,-106.953,2662,NA,United States,,Jordan,true,50
25727,JUN,YJDA,small_airport,Jundah Airport,-24.838,143.062,145,OC,Australia,,Jundah,true,50
25731,JUR,YJUR,small_airport,Jurien Bay Airport,-30.3027,115.0556,15,OC,Australia,,Jurien Bay,true,50
37063,SLJ,YSOL,small_airport,Solomon Airport,-22.2568,117.8505,2030,OC,Australia,,Karijini National Park,true,50
26783,KNZ,GAKA,small_airport,Kenieba Airport,12.839,-11.2534,449,AF,Mali,,Kenieba,true,50
31887,OLR,OASL,small_airport,Salerno Airport,33.3638,69.9561,3780,AS,Afghanistan,,Khost,true,50
26564,KHW,FBKR,small_airport,Khwai River Lodge Airport,-19.1495,23.7879,3000,AF,Botswana,,Khwai River Lodge,true,50
26983,KTJ,,small_airport,Kichwa Tembo Airport,-1.2635,35.0275,0,AF,Kenya,,Kichwa Tembo,true,50
26674,KKY,EIKK,small_airport,Kilkenny Airport,52.6508,-7.2961,319,EU,Ireland,,Kilkenny,true,50
45049,YRD,,small_airport,Dean River Airport,52.8237,-126.965,62,NA,Canada,,Kimsquit Valley,true,50
26482,KFM,,small_airport,Kirby Lake Airport,55.3556,-110.637,2260,NA,Canada,,Kirby Lake,true,50
32014,OPA,BIKP,small_airport,Kópasker Airport,66.3108,-16.4667,20,EU,Iceland,,Kópasker,true,50
27781,LFP,YLFD,small_airport,Lakefield Airport,-14.9207,144.203,107,OC,Australia,,Lakefield,true,50
28214,LRQ,,small_airport,Laurie River Airport,56.2486,-101.304,1200,NA,Canada,,Laurie River,true,50
44848,YLS,,small_airport,Lebel-sur-Quevillon Airport,49.0303,-77.0172,960,NA,Canada,,Lebel-sur-Quévillon,true,50
28252,LSS,TFFS,small_airport,Terre-de-Haut Airport,15.8644,-61.5806,46,NA,Guadeloupe,,Les Saintes,true,50
27719,LDZ,FALD,small_airport,Londolozi Airport,-24.7478,31.4743,1300,AF,South Africa,,Londolozi,true,50
28098,LOI,SSLN,small_airport,Helmuth Baungarten Airport,-27.16,-49.5425,1095,SA,Brazil,,Lontras,true,50
28204,LRG,OPLL,small_airport,Loralai Airport,30.3555,68.6135,4631,AS,Pakistan,,Loralai,true,50
27661,LCD,FALO,small_airport,Louis Trichardt Airport,-23.0619,29.8647,3025,AF,South Africa,,Louis Trichardt,true,50
35510,REE,,small_airport,Reese Airpark,33.5903,-102.037,3338,NA,United States,,Lubbock,true,50
28359,LVR,SILC,small_airport,Municipal Bom Futuro Airport,-13.0379,-55.9502,1358,SA,Brazil,,Lucas do Rio Verde,true,50
28310,LUE,LZLU,small_airport,Lučenec Airfield,48.3394,19.7358,0,EU,Slovakia,,Lučenec,true,50
27767,LFB,FQLU,small_airport,Lumbo Airport,-15.0331,40.6717,33,AF,Mozambique,,Lumbo,true,50
28005,LLX,KCDA,small_airport,Caledonia County Airport,44.5691,-72.018,1188,NA,United States,,Lyndonville,true,50
28464,LYO,KLYO,small_airport,Lyons-Rice County Municipal Airport,38.3395,-98.2287,1691,NA,United States,,Lyons,true,50
13560,AGO,KAGO,small_airport,Magnolia Municipal Airport / Ralph C Weiser Field,33.228,-93.217,319,NA,United States,,Magnolia,true,50
25426,JMA,,small_airport,Aeroporto Elias Breder Airport,-20.2597,-42.1839,2723,SA,Brazil,,Manhuaçu,true,50
25443,JMR,,small_airport,Maricá Airport,-22.9195,-42.8309,5,SA,Brazil,,Maricá,true,50
35772,RLO,SAOS,small_airport,Valle Del Conlara International Airport,-32.3847,-65.1865,2021,SA,Argentina,,Merlo,true,50
35985,RRL,KRRL,small_airport,Merrill Municipal Airport,45.1989,-89.7129,1318,NA,United States,,Merrill,true,50
29177,MIH,YMIP,small_airport,Mitchell Plateau Airport,-14.7908,125.8257,0,OC,Australia,,Mitchell Plateau,true,50
34287,QGF,,small_airport,Montenegro Airport,-29.7194,-51.4894,125,SA,Brazil,,Montenegro,true,50
29400,MOO,YOOM,small_airport,Moomba Airport,-28.0994,140.197,143,OC,Australia,,Moomba,true,50
29613,MUL,KMUL,small_airport,Spence Airport,31.1416,-83.7037,292,NA,United States,,Moultrie,true,50
36886,SGM,,small_airport,San Ignacio Airport,27.2965,-112.9388,800,NA,Mexico,,Mulegé,true,50
27882,LII,WAVA,small_airport,Mulia Airport,-3.7019,137.957,5898,AS,Indonesia,,Mulia-Papua Island,true,50
16090,CEY,KCEY,small_airport,Murray-Calloway County Airport Kyle-Oakley Field,36.6646,-88.3728,577,NA,United States,,Murray,true,50
30328,NEG,MKNG,small_airport,Negril Airport,18.3417,-78.3342,9,NA,Jamaica,,Negril,true,50
30269,NCT,MRNC,small_airport,Guanacaste Airport,10.1394,-85.4458,365,NA,Costa Rica,,Nicoya/Guanacate,true,50
30479,NIN,,small_airport,Ninilchik Airport,60.0202,-151.589,276,NA,United States,,Ninilchik,true,50
30699,NOR,BINF,small_airport,Norðfjörður Airport,65.1319,-13.7464,13,EU,Iceland,,Norðfjörður,true,50
30946,NVM,,small_airport,Brigadeiro Eduardo Gomes Airport,-13.821,-56.0386,1411,SA,Brazil,,Nova Mutum,true,50
31059,NYR,UENN,small_airport,Nyurba Airport,63.2967,118.342,394,AS,Russia,,Nyurba,true,50
31839,OKF,FYOO,small_airport,Okaukuejo Airport,-19.1492,15.9119,3911,AF,Namibia,,Okaukuejo,true,50
31916,OMK,KOMK,small_airport,Omak Airport,48.4644,-119.518,1305,NA,United States,,Omak,true,50
32095,ORJ,SYOR,small_airport,Orinduik Airport,4.7253,-60.035,1797,SA,Guyana,,Orinduik,true,50
32241,OVL,SCOV,small_airport,El Tuqui Airport,-30.5592,-71.1756,1100,SA,Chile,,Ovalle,true,50
32236,OVG,FAOB,small_airport,Overberg Airport,-34.5635,20.2524,52,AF,South Africa,,Overberg,true,50
32374,OZA,KOZA,small_airport,Ozona Municipal Airport,30.7353,-101.203,2381,NA,United States,,Ozona,true,50
42396,WPO,,small_airport,North Fork Valley Airport,38.8314,-107.6458,5798,NA,United States,,Paonia,true,50
33071,PIN,SWPI,small_airport,Parintins Airport,-2.6735,-56.7776,87,SA,Brazil,,Parintins,true,50
33135,PKF,KPKF,small_airport,Park Falls Municipal Airport,45.955,-90.4244,1500,NA,United States,,Park Falls,true,50
24263,IPZ,MRSI,small_airport,San Isidro del General Airport,9.3487,-83.7123,2100,NA,Costa Rica,,Pérez Zeledón,true,50
33419,PSB,KPSB,small_airport,Mid-State Regional Airport,40.8844,-78.0873,1948,NA,United States,,Philipsburg,true,50
33038,PHQ,YTMO,small_airport,The Monument Airport,-21.8111,139.924,949,OC,Australia,,Phosphate Hill,true,50
43695,XPR,KIEN,small_airport,Pine Ridge Airport,43.0209,-102.5061,3333,NA,United States,,Pine Ridge,true,50
46284,ZPO,CZPO,small_airport,Pinehouse Lake Airport,55.5281,-106.582,1278,NA,Canada,,Pinehouse Lake,true,50
33565,PWD,KPWD,small_airport,Sher-Wood Airport,48.7903,-104.534,2250,NA,United States,,Plentywood,true,50
33281,POH,KPOH,small_airport,Pocahontas Municipal Airport,42.7428,-94.6473,1226,NA,United States,,Pocahontas,true,50
33609,PXL,,small_airport,Polacca Airport,35.7917,-110.423,5573,NA,United States,,Polacca,true,50
33187,PLV,UKHP,small_airport,Suprunovka Airport,49.5686,34.3972,505,EU,Ukraine,,Poltava,true,50
32862,PCU,,small_airport,Poplarville Pearl River County Airport,30.786,-89.5045,320,NA,United States,,Poplarville,true,50
17745,DOX,YDRA,small_airport,Dongara Airport,-29.2981,114.9273,0,OC,Australia,,Port Denison,true,50
32883,PDF,SNRD,small_airport,Prado Airport,-17.297,-39.2711,89,SA,Brazil,,Prado,true,50
33295,POV,LZPW,small_airport,Prešov Air Base,49.0297,21.3156,1060,EU,Slovakia,,Prešov,true,50
42382,WPA,SCAS,small_airport,Cabo Juan Román Airfield,-45.3992,-72.6703,30,SA,Chile,,Puerto Aysén,true,50
33680,PZK,NCPK,small_airport,Pukapuka Island Airport,-10.9145,-165.8393,20,OC,Cook Islands,,Pukapuka Atoll,true,50
25009,JAP,MRCH,small_airport,Chacarita Airport,9.9814,-84.7727,7,NA,Costa Rica,,Puntarenas,true,50
28175,LQN,OAQN,small_airport,Qala-i-Naw Airport,34.9855,63.1174,2999,AS,Afghanistan,,Qala-i-Naw,true,50
35629,RHP,VNRC,small_airport,Ramechhap Airport,27.394,86.0614,1555,AS,Nepal,,Ramechhap,true,50
35595,RGR,,small_airport,Ranger Municipal Airport,32.4526,-98.6828,1470,NA,United States,,Ranger,true,50
35471,RDB,PADG,small_airport,Red Dog Airport,68.0321,-162.899,969,NA,United States,,Red Dog,true,50
35483,RDN,WMPR,small_airport,LTS Pulau Redang Airport,5.7648,103.0049,36,AS,Malaysia,,Redang,true,50
18027,DWR,OADY,small_airport,Dwyer Airport,31.0913,64.0661,2380,AS,Afghanistan,,Reg,true,50
36132,RVO,FARI,small_airport,Reivilo Airport,-27.5472,24.1725,4715,AF,South Africa,,Reivilo,true,50
35656,RIG,,small_airport,Rio Grande Regional Airport,-32.0831,-52.1672,27,SA,Brazil,,Rio Grande,true,50
35758,RLA,,small_airport,Rolla Downtown Airport,37.9357,-91.8135,987,NA,United States,,Rolla,true,50
35620,RHG,HRYU,small_airport,Ruhengeri Airport,-1.4969,29.6313,6102,AF,Rwanda,,Ruhengeri,true,50
17762,DPE,LFAB,small_airport,Dieppe-Saint-Aubin Airport,49.8847,1.081,344,EU,France,,Saint-Aubin-sur-Scie,true,50
28019,LMB,FWSM,small_airport,Salima Airport,-13.7559,34.5842,1688,AF,Malawi,,Salima,true,50
36695,SBB,SVSB,small_airport,Santa Bárbara de Barinas Airport,7.8035,-71.1657,590,SA,Venezuela,,Santa Bárbara,true,50
30864,NTC,,small_airport,Paradise Island Airport,-21.615,35.338,30,AF,Mozambique,,Santa Carolina,true,50
36859,SFV,,small_airport,Santa Fé do Sul Airport,-20.2285,-50.9689,1276,SA,Brazil,,Santa Fé do Sul,true,50
36703,SBJ,SNMX,small_airport,São Mateus - Ernesto Bonomo Airport,-18.7213,-39.8337,98,SA,Brazil,,São Mateus,true,50
18826,EIY,LLEY,small_airport,Ein Yahav Airfield,30.6217,35.2033,-164,AS,Israel,,Sapir,true,50
46354,ZRM,WAJI,small_airport,Mararena Sarmi Airport,-1.8731,138.7533,10,AS,Indonesia,,Sarmi,true,50
21770,GSQ,HEOW,small_airport,El Owainat East International Airport,22.5843,28.7216,843,AF,Egypt,,Sharq El Owainat,true,50
14972,BJW,,small_airport,Bajawa Soa (Turelelo) Airport,-8.7078,121.0582,4326,AS,Indonesia,,"Soa, Ngada",true,50
21765,GSL,,small_airport,Taltheilei Narrows Airport,62.5981,-111.543,570,NA,Canada,,Taltheilei Narrows,true,50
38613,TSL,MMTN,small_airport,Tamuín National Airport,22.0383,-98.8065,164,NA,Mexico,,Tamuín,true,50
38626,TSY,WICM,small_airport,Cibeureum Airport,-7.3466,108.246,1148,AS,Indonesia,,Tasikmalaya-Java Island,true,50
38039,TCN,MMHC,small_airport,Tehuacán National Airport,18.4972,-97.4201,5509,NA,Mexico,,Tehuacán,true,50
38145,TFL,SNTO,small_airport,Juscelino Kubitscheck Airport,-17.8923,-41.5136,1572,SA,Brazil,,Teófilo Otoni,true,50
38050,TCY,FYTE,small_airport,Terrace Bay Airport,-19.9721,13.0255,32,AF,Namibia,,Terrace Bay,true,50
38221,THP,,small_airport,Hot Springs County Airport,43.7136,-108.3897,4895,NA,United States,,Thermopolis,true,50
38410,TMY,,small_airport,Tiom Airport,-3.9256,138.4555,6931,AS,Indonesia,,Tiom-Papua Island,true,50
45137,YTT,,small_airport,Tisdale Airport,52.8367,-104.067,1525,NA,Canada,,Tisdale,true,50
38618,TSQ,,small_airport,Torres Airport,-29.4149,-49.81,30,SA,Brazil,,Torres,true,50
38545,TQP,YTEE,small_airport,Trepell Airport,-21.835,140.888,891,OC,Australia,,Trepell,true,50
38605,TSD,,small_airport,Tshipise Airport,-22.6193,30.1756,1786,AF,South Africa,,Tshipise,true,50
38698,TUY,MMTU,small_airport,Base Aeronaval de Tulum,20.2273,-87.4382,7,NA,Mexico,,Tulum,true,50
41176,VRS,,small_airport,Roy Otten Memorial Airfield,38.4278,-92.8752,1030,NA,United States,,Versailles,true,50
40834,VIA,SSVI,small_airport,Videira Airport,-26.9997,-51.1419,2766,SA,Brazil,,Videira,true,50
14069,AUT,WPAT,small_airport,Atauro Airport,-8.2431,125.6064,29,AS,Timor-Leste,,Vila,true,50
41413,VYD,FAVY,small_airport,Vryheid Airport,-27.7869,30.7964,3799,AF,South Africa,,Vryheid,true,50
38546,TQQ,WAWC,small_airport,Maranggo Airport,-5.7664,123.9187,169,AS,Indonesia,,Waha-Tomea Island,true,50
39623,UKN,,small_airport,Waukon Municipal Airport,43.2805,-91.4695,1281,NA,United States,,Waukon,true,50
18568,EBS,KEBS,small_airport,Webster City Municipal Airport,42.4368,-93.8699,1122,NA,United States,,Webster City,true,50
41888,WBK,,small_airport,West Branch Community Airport,44.2448,-84.1798,882,NA,United States,,West Branch,true,50
16066,CEA,KCEA,small_airport,Cessna Aircraft Field,37.6486,-97.2506,1378,NA,United States,,Wichita,true,50
42368,WOW,PAUO,small_airport,Willow Airport,61.7542,-150.052,221,NA,United States,,Willow,true,50
42642,WWI,YWWI,small_airport,Woodie Woodie Airport,-21.6455,121.1912,0,OC,Australia,,Woodie Woodie,true,50
26629,KJP,ROKR,small_airport,Kerama Airport,26.1683,127.2934,156,AS,Japan,,Zamami,true,50
46174,ZMM,MMZM,small_airport,Zamora Airport,20.045,-102.276,5141,NA,Mexico,,Zamora,true,50
29786,MZE,,small_airport,Manatee Airport,17.2785,-89.0238,343,NA,Belize,,,true,50
26842,KPM,AYAQ,small_airport,Kompiam Airport,-5.3817,143.9247,5100,OC,Papua New Guinea,,,true,50
28059,LNF,AYYM,small_airport,Munbil Airport,-4.8559,141.2202,3126,OC,Papua New Guinea,,,true,50
26559,KHR,ZMHH,small_airport,Kharkhorin Airport,47.2467,102.8261,4759,AS,Mongolia,,,true,50
26834,KPE,AYYP,small_airport,Yapsiei Airport,-4.6281,141.0942,600,OC,Papua New Guinea,,,true,50
15419,BWB,YBWX,small_airport,Barrow Island Airport,-20.8644,115.4061,26,OC,Australia,,,true,50
23889,IFL,YIFL,small_airport,Innisfail Airport,-17.5594,146.012,46,OC,Australia,,,true,50
14673,BBL,YLLE,small_airport,Ballera Airport,-27.4056,141.8095,385,OC,Australia,,,true,50
30180,NAC,YNRC,small_airport,Naracoorte Airport,-36.9853,140.725,169,OC,Australia,,,true,50
30899,NUB,YNUM,small_airport,Numbulwar Airport,-14.2717,135.717,31,OC,Australia,,,true,50
32022,OPI,YOEN,small_airport,Oenpelli Airport,-12.325,133.006,30,OC,Australia,,,true,50
39555,UIR,YQDI,small_airport,Quirindi Airport,-31.4982,150.5217,1054,OC,Australia,,,true,50
42719,WYN,YWYM,small_airport,Wyndham Airport,-15.5114,128.153,14,OC,Australia,,,true,50
45158,YUE,YYND,small_airport,Yuendumu Airport,-22.2542,131.782,2205,OC,Australia,,,true,50
14053,AUD,YAGD,small_airport,Augustus Downs Airport,-18.5087,139.8821,46,OC,Australia,,,true,50
14160,AXC,YAMC,small_airport,Aramac Airport,-22.9579,145.2495,232,OC,Australia,,,true,50
14205,AYL,,small_airport,Anthony Lagoon Airport,-18.0181,135.5351,0,OC,Australia,,,true,50
14137,AWP,,small_airport,Austral Downs Airport,-20.5,137.75,0,OC,Australia,,,true,50
15073,BMP,YBPI,small_airport,Brampton Island Airport,-20.8046,149.2799,11,OC,Australia,,,true,50
14708,BCK,,small_airport,Bolwarra Airport,-17.3883,144.169,0,OC,Australia,,,true,50
16159,CGV,YCAG,small_airport,Caiguna Airport,-32.2805,125.4779,87,OC,Australia,,,true,50
30471,NIF,YCNF,small_airport,Camp Nifty Airport,-21.6717,121.587,295,OC,Australia,,,true,50
16030,CDA,YCOO,small_airport,Cooinda Airport,-12.9033,132.532,13,OC,Australia,,,true,50
16648,CUG,YCUA,small_airport,Cudal Airport,-33.278,148.7687,491,OC,Australia,,,true,50
17559,DJR,,small_airport,Dajarra Airport,-21.7083,139.533,335,OC,Australia,,,true,50
17339,DDN,YDLT,small_airport,Delta Downs Airport,-16.9917,141.317,15,OC,Australia,,,true,50
17989,DVP,YDPD,small_airport,Davenport Downs Airport,-24.15,141.108,95,OC,Australia,,,true,50
19236,EUC,YECL,small_airport,Eucla Airport,-31.7071,128.8772,22,OC,Australia,,,true,50
21325,GGD,YGDS,small_airport,Gregory Downs Airport,-18.625,139.233,52,OC,Australia,,,true,50
21877,GVP,YGNV,small_airport,Greenvale Airport,-18.9966,145.0136,0,OC,Australia,,,true,50
22705,HIP,YHDY,small_airport,Headingly Airport,-21.3333,138.283,0,OC,Australia,,,true,50
23883,IFF,YIFY,small_airport,Iffley Airport,-18.9,141.217,43,OC,Australia,,,true,50
24178,INM,YINN,small_airport,Innamincka Airport,-27.6976,140.7395,54,OC,Australia,,,true,50
28385,LWH,YLAH,small_airport,Lawn Hill Airport,-18.5745,138.5861,122,OC,Australia,,,true,50
28919,MBB,YMBL,small_airport,Marble Bar Airport,-21.1633,119.833,194,OC,Australia,,,true,50
29077,MFP,YMCR,small_airport,Manners Creek Airport,-22.1,137.983,0,OC,Australia,,,true,50
39935,UTB,YMTB,small_airport,Muttaburra Airport,-22.5833,144.533,230,OC,Australia,,,true,50
30915,NUR,YNUB,small_airport,Nullabor Motel Airport,-31.4417,130.902,67,OC,Australia,,,true,50
31960,ONS,YOLW,small_airport,Onslow Airport,-21.6702,115.1149,7,OC,Australia,,,true,50
35873,ROH,YROB,small_airport,Robinhood Airport,-18.845,143.71,460,OC,Australia,,,true,50
26959,KSV,YSPV,small_airport,Springvale Airport,-23.55,140.7,0,OC,Australia,,,true,50
43839,XTR,YTAA,small_airport,Tara Airport,-27.1631,150.4764,360,OC,Australia,,,true,50
43836,XTO,YTAM,small_airport,Taroom Airport,-25.8017,149.9,240,OC,Australia,,,true,50
38079,TDR,YTDR,small_airport,Theodore Airport,-24.9868,150.0931,171,OC,Australia,,,true,50
42240,WLC,YWCH,small_airport,Walcha Airport,-31.0095,151.5474,0,OC,Australia,,,true,50
32103,ORR,YYOR,small_airport,Yorketown Airport,-35.0036,137.6193,0,OC,Australia,,,true,50
26979,KTF,NZTK,small_airport,Takaka Airport,-40.8133,172.775,102,OC,New Zealand,,,true,50
37967,TAN,YTGA,small_airport,Tangalooma Airport,-27.1377,153.3641,0,OC,Australia,,,true,50
14756,BDW,YBDF,small_airport,Bedford Downs Airport,-17.2867,127.463,1750,OC,Australia,,,true,50
14929,BIP,,small_airport,Bulimba Airport,-16.8808,143.479,470,OC,Australia,,,true,50
29760,MYO,YMYR,small_airport,Myroodan Station Airport,-18.124,124.2703,0,OC,Australia,,,true,50
13474,AEA,NGTB,small_airport,Abemama Airport,0.4908,173.8303,8,OC,Kiribati,,Abemama,true,50
13372,ABG,YABI,small_airport,Abingdon Downs Airport,-17.6088,143.1835,573,OC,Australia,,Abingdon Downs,true,50
13380,ABO,DIAO,small_airport,Aboisso Airport,5.4619,-3.2347,95,AF,Côte d'Ivoire,,Aboisso,true,50
36028,RSS,HSDZ,small_airport,Damazin Airport,11.7859,34.3367,1582,AF,Sudan,,Ad Damazin,true,50
13333,AAD,HCAD,small_airport,Adado Airport,6.0958,46.6375,1001,AF,Somalia,,Adado,true,50
21323,GGB,SWHP,small_airport,Frederico Carlos Müller Airport,-14.02,-52.152,1476,SA,Brazil,,Água Boa,true,50
41950,WDA,,small_airport,"Al Ain Airport Ain District, Shabwah Governorate, Yemen",14.8596,45.5457,0,AS,Yemen,,Ain District,true,50
14214,AYU,AYAY,small_airport,Aiyura Airport,-6.3381,145.9042,5355,OC,Papua New Guinea,,Aiyura Valley,true,50
13663,AJJ,GQNJ,small_airport,Akjoujt Airport,19.728,-14.3772,403,AF,Mauritania,,Akjoujt,true,50
13379,ABN,SMBN,small_airport,Albina Airport,5.5127,-54.0501,19,SA,Suriname,,Albina,true,50
13742,ALQ,SSLT,small_airport,Alegrete Novo Airport,-29.8116,-55.8947,410,SA,Brazil,,Alegrete,true,50
13639,AIV,KAIV,small_airport,George Downer Airport,33.1065,-88.1978,150,NA,United States,,Aliceville,true,50
13462,ADY,FAAL,small_airport,Alldays Airport,-22.679,29.0555,2600,AF,South Africa,,Alldays,true,50
13373,ABH,YAPH,small_airport,Alpha Airport,-23.6528,146.5827,1255,OC,Australia,,Alpha,true,50
28061,LNH,YLKN,small_airport,Lake Nash Airport,-20.9807,137.9178,640,OC,Australia,,Alpurrurulam,true,50
13766,AME,,small_airport,Alto Molocue Airport,-15.6103,37.6814,1950,AF,Mozambique,,Alto Molocue,true,50
13486,AEM,UHTG,small_airport,Amgu Airport,45.8413,137.6736,10,AS,Russia,,Amgu,true,50
46453,ZUD,SCAC,small_airport,Pupelde Airport,-41.9043,-73.7966,315,SA,Chile,,Ancud,true,50
13440,ADC,AYAN,small_airport,Andakombe Airport,-7.1372,145.7447,3600,OC,Papua New Guinea,,Andekombe,true,50
13849,AOP,,small_airport,Alferez FAP Alfredo Vladimir Sara Bauer Airport,-2.7961,-76.4666,728,SA,Peru,,Andoas,true,50
13455,ADR,KPHH,small_airport,Robert F Swinnie Airport,33.4517,-79.5262,26,NA,United States,,Andrews,true,50
13809,ANL,,small_airport,Andulo Airport,-11.4723,16.7109,0,AF,Angola,,Andulo,true,50
14181,AXX,KAXX,small_airport,Angel Fire Airport,36.422,-105.29,8380,NA,United States,,Angel Fire,true,50
13812,ANO,FQAG,small_airport,Angoche Airport,-16.1819,39.9452,121,AF,Mozambique,,Angoche,true,50
38661,TTX,YTST,small_airport,Truscott-Mungalalu Airport,-14.0897,126.381,181,OC,Australia,,Anjo Peninsula,true,50
14018,ATE,,small_airport,Antlers Municipal Airport,34.1926,-95.6499,575,NA,United States,,Antlers,true,50
14207,AYN,ZHAY,small_airport,Anyang Yindu Airport,36.1339,114.344,0,AS,China,,Anyang,true,50
13348,AAS,,small_airport,Apalapsili Airport,-3.8825,139.3109,3100,AS,Indonesia,,Apalapsili,true,50
14236,AZG,,small_airport,Apatzingán - Pablo L. Sidar Airport,19.0934,-102.394,1033,NA,Mexico,,Apatzingán,true,50
13664,AJK,OIHR,small_airport,Arak Airport,34.1381,49.8473,5440,AS,Iran,,Araak,true,50
13960,ARS,,small_airport,Aragarças Airport,-15.8994,-52.2411,1061,SA,Brazil,,Aragarças,true,50
13996,ASS,FAAR,small_airport,Arathusa Safari Lodge Airport,-24.7405,31.518,1289,AF,South Africa,,Arathusa,true,50
13635,AIR,SSOU,small_airport,Aripuanã Airport,-10.1874,-59.4575,755,SA,Brazil,,Aripuanã,true,50
35777,RLT,DRZL,small_airport,Arlit Airport,18.7904,7.366,1443,AF,Niger,,Arlit,true,50
13636,AIS,NGTR,small_airport,Arorae Island Airport,-2.6162,176.8022,0,OC,Kiribati,,Arorae Island,true,50
37059,SLF,OESL,small_airport,As-Sulayyil Airport,20.4647,45.6196,2021,AS,Saudi Arabia,,As-Sulayyil,true,50
18929,ELT,HETR,small_airport,At Tur Airport,28.209,33.6455,52,AS,Egypt,,At Tur,true,50
14035,ATV,FTTI,small_airport,Ati Airport,13.2398,18.3159,1089,AF,Chad,,Ati,true,50
14034,ATU,PAAT,small_airport,Casco Cove Coast Guard Station,52.8298,173.1738,40,NA,United States,,Attu,true,50
14196,AYC,,small_airport,Ayacucho Airport,8.6021,-73.6129,415,SA,Colombia,,Ayacucho,true,50
16218,CII,LTBD,small_airport,Aydın Çıldır Airport,37.8154,27.8876,102,AS,Turkey,,Aydın,true,50
14211,AYR,YAYR,small_airport,Ayr Airport,-19.5958,147.3245,41,OC,Australia,,Ayr,true,50
29255,MKN,AYMV,small_airport,Malekolon Airport,-4.0234,153.6573,5,OC,Papua New Guinea,,Babase Island,true,50
15457,BXD,WAKE,small_airport,Bade Airport,-7.1759,139.5833,59,AS,Indonesia,,Bade,true,50
14747,BDN,OPTH,small_airport,Talhar Airport,24.8415,68.8384,28,AS,Pakistan,,Badin,true,50
17759,DPB,,small_airport,Pampa Guanaco Airport,-54.05,-68.8092,591,SA,Chile,,Bahia Inutil,true,50
15224,BQW,YBGO,small_airport,Balgo Hill Airport,-20.1483,127.9739,1440,OC,Australia,,Balgo,true,50
15244,BRG,,small_airport,Siau/Sitaro Airport,2.6486,125.4233,155,AS,Indonesia,,Balirangen,true,50
35585,RGH,VEBG,small_airport,Balurghat Airport,25.2617,88.7956,78,AS,India,,Balurghat,true,50
15513,BYX,,small_airport,Baniyala Airport,-13.1981,136.227,20,OC,Australia,,Baniyala,true,50
31474,OAA,OASH,small_airport,Shank Air Base,33.9222,69.0779,6890,AS,Afghanistan,,Baraki Barak,true,50
22799,HLB,KHLB,small_airport,Batesville Airport,39.3429,-85.2584,973,NA,United States,,Batesville,true,50
15466,BXM,,small_airport,Batom Airport,-4.4427,140.8836,396,AS,Indonesia,,Batom,true,50
15368,BUW,WAWB,small_airport,Betoambari Airport,-5.486,122.5698,164,AS,Indonesia,,Bau Bau,true,50
14700,BCC,,small_airport,Bear Creek 3 Airport,63.5733,-156.1495,740,NA,United States,,Bear Creek,true,50
38172,TGC,WBTM,small_airport,Tanjung Manis Airport,2.1778,111.202,15,AS,Malaysia,,Belawai,true,50
14716,BCS,,small_airport,Southern Seaplane Airport,29.8661,-90.0216,0,NA,United States,,Belle Chasse,true,50
15402,BVU,PABG,small_airport,Beluga Airport,61.1722,-151.044,130,NA,United States,,Beluga,true,50
14663,BBB,KBBB,small_airport,Benson Municipal Airport,45.3319,-95.6506,1039,NA,United States,,Benson,true,50
24460,IVG,LYBR,small_airport,Berane Airport,42.839,19.862,2287,EU,Montenegro,,Berane,true,50
14795,BEZ,NGBR,small_airport,Beru Airport,-1.3547,176.007,6,OC,Kiribati,,Beru,true,50
15081,BMX,PABM,small_airport,Big Mountain Airport,59.3623,-155.2601,663,NA,United States,,Big Mountain,true,50
30870,NTI,,small_airport,Stenkol Airport,-2.1026,133.516,51,AS,Indonesia,,Bintuni,true,50
26637,KJX,WITO,small_airport,Kuala Batu Airport,3.7357,96.7901,3,AS,Indonesia,,Blangpidie,true,50
14715,BCR,SWNK,small_airport,Novo Campo Airport,-8.8346,-67.3125,394,SA,Brazil,,Boca do Acre,true,50
15526,BZA,MNBZ,small_airport,San Pedro Airport,14.0315,-84.6243,600,NA,Nicaragua,,Bonanza,true,50
15490,BYA,,small_airport,Boundary Airport,64.0777,-141.1221,2940,NA,United States,,Boundary,true,50
45780,ZBO,YBWN,small_airport,Bowen Airport,-20.018,148.2152,8,OC,Australia,,Bowen,true,50
34683,QRF,,small_airport,Bragado Airport,-35.1458,-60.4803,196,SA,Argentina,,Bragado,true,50
14897,BHT,,small_airport,Brighton Downs Airport,-23.3633,141.5628,390,OC,Australia,,Brighton Downs,true,50
38652,TTO,KBTN,small_airport,Britton Municipal Airport,45.8152,-97.7431,1318,NA,United States,,Britton,true,50
20111,FIN,AYFI,small_airport,Finschhafen Airport,-6.6218,147.8541,60,OC,Papua New Guinea,,Buki,true,50
15357,BUL,AYBU,small_airport,Bulolo Airport,-7.2163,146.6495,2240,OC,Papua New Guinea,,Bulolo,true,50
15533,BZH,,small_airport,Bumi Hills Airport,-16.8165,28.3448,1650,AF,Zimbabwe,,Bumi,true,50
34175,QDB,,small_airport,Cachoeira do Sul Airport,-30.0019,-52.9408,253,SA,Brazil,,Cachoeira Do Sul,true,50
16107,CFF,FNCF,small_airport,Cafunfo Airport,-8.7836,17.9897,0,AF,Angola,,Cafunfo,true,50
16379,CMZ,,small_airport,Caia Airport,-17.8331,35.3341,156,AF,Mozambique,,Caia,true,50
16762,CXM,FNCX,small_airport,Camaxilo Airport,-8.3736,18.9236,3957,AF,Angola,,Camaxilo,true,50
16356,CMC,SNWC,small_airport,Camocim - Pinto Martins Airport,-2.8956,-40.8593,16,SA,Brazil,,Camocim,true,50
15980,CBW,SSKM,small_airport,Campo Mourão Airport,-24.0092,-52.3568,1883,SA,Brazil,,Campo Mourão,true,50
39694,UMM,PAST,small_airport,Summit Airport,63.3315,-149.127,2409,NA,United States,,Cantwell,true,50
15966,CBI,,small_airport,Cape Barren Island Airport,-40.3905,148.0169,154,OC,Australia,,Cape Barren Island,true,50
42495,WSF,PACS,small_airport,Cape Sarichef Airport,54.5839,-164.9057,291,NA,United States,,Cape Sarichef,true,50
32903,PDZ,SVPE,small_airport,Pedernales Airport,9.9787,-62.2313,25,SA,Venezuela,,Capure,true,50
16558,CRY,,small_airport,Carlton Hill Airport,-15.5019,128.534,0,OC,Australia,,Carlton Hill,true,50
16144,CGG,,small_airport,Casiguran Airport,16.1941,122.0651,48,AS,Philippines,,Casiguran,true,50
16588,CSS,SSCL,small_airport,Cassilândia Airport,-19.1469,-51.6769,1568,SA,Brazil,,Cassilândia,true,50
41914,WCA,SCST,small_airport,Gamboa Airport,-42.4903,-73.7728,151,SA,Chile,,Castro,true,50
38253,TIL,,small_airport,Cheadle Airport,51.0575,-113.624,3300,NA,Canada,,Cheadle,true,50
16089,CEX,,small_airport,Chena Hot Springs Airport,65.0518,-146.047,1195,NA,United States,,Chena Hot Springs,true,50
16175,CHB,OPCL,small_airport,Chilas Airport,35.4267,74.0817,4146,AS,Pakistan,,Chilas,true,50
24170,INE,,small_airport,Chinde Airport,-18.59,36.4489,22,AF,Mozambique,,Chinde,true,50
32994,PGI,FNCH,small_airport,Chitato Airport,-7.3589,20.8047,2500,AF,Angola,,Chitato,true,50
25654,JSM,SAWS,small_airport,Jose De San Martin Airport,-44.0486,-70.4589,2407,SA,Argentina,,Chubut,true,50
15971,CBN,WICD,small_airport,Cakrabhuwana  Airport,-6.757,108.5388,89,AS,Indonesia,,Cirebon-Java Island,true,50
14784,BEO,YLMQ,small_airport,Lake Macquarie Airport,-33.066,151.6463,5,OC,Australia,,City of Lake Macquarie,true,50
40548,VAC,EDWU,small_airport,Varrelbusch Airfield,52.9083,8.0406,128,EU,Germany,,Cloppenburg,true,50
16235,CIZ,SWKO,small_airport,Danilson Municipal Airport,-4.1341,-63.1326,151,SA,Brazil,,Coari,true,50
15968,CBK,KCBK,small_airport,Shalz Field,39.4275,-101.047,3187,NA,United States,,Colby,true,50
16116,CFO,,small_airport,Confresa Airport,-10.6333,-51.5658,781,SA,Brazil,,Confresa,true,50
16251,CJF,YCWA,small_airport,Coondewanna Airport,-22.9667,118.8133,2300,OC,Australia,,Coondewanna,true,50
16296,CKO,SSCP,small_airport,Cornélio Procópio Airport,-23.1527,-50.6029,1860,SA,Brazil,,Cornélio Procópio,true,50
16000,CCG,,small_airport,Crane County Airport,31.4151,-102.363,2552,NA,United States,,Crane,true,50
16574,CSE,,small_airport,Crested Butte Airpark,38.8519,-106.9283,8980,NA,United States,,Crested Butte,true,50
20652,FXO,FQCB,small_airport,Cuamba Airport,-14.815,36.53,1919,AF,Mozambique,,Cuamba,true,50
17837,DRH,WAJC,small_airport,Dabra Airport,-3.2706,138.6134,208,AS,Indonesia,,Dabra,true,50
17346,DDU,,small_airport,Dadu West Airport,26.7408,67.6666,128,AS,Pakistan,,Dadu,true,50
17300,DCK,,small_airport,Dahl Creek Airport,66.9433,-156.905,260,NA,United States,,Dahl Creek,true,50
17476,DHG,,small_airport,Dalnegorsk Airport,44.5587,135.49,833,EU,Russia,,Dalnegorsk,true,50
18104,DYW,,small_airport,Daly Waters Airport,-16.2647,133.3834,700,OC,Australia,,Daly Waters,true,50
14774,BEE,,small_airport,Beagle Bay Airport,-17.0165,122.6464,124,OC,Australia,,Dampier Peninsula,true,50
17701,DNP,VNDG,small_airport,Tulsipur Airport,28.1111,82.2942,2100,AS,Nepal,,Dang,true,50
17243,DAZ,OADZ,small_airport,Darwaz Airport,38.4618,70.8816,5250,AS,Afghanistan,,Darwaz,true,50
17478,DHI,VNDH,small_airport,Dhangarhi Airport,28.7553,80.5834,690,AS,Nepal,,Dhangarhi,true,50
18094,DYM,,small_airport,Diamantina Lakes Airport,-23.7617,141.145,0,OC,Australia,,Diamantina Lakes,true,50
45770,ZBE,LKZA,small_airport,Zábřeh Dolní Benešov Airfield,49.9283,18.0756,791,EU,Czech Republic,,Dolní Benešov,true,50
17764,DPG,KDPG,small_airport,Michael AAF (Dugway Proving Ground) Airport,40.1974,-112.9351,4349,NA,United States,,Dugway Proving Ground,true,50
44579,YEB,,small_airport,Bar River Airport,46.4212,-84.0965,591,NA,Canada,,Echo Bay,true,50
19139,ERN,SWEI,small_airport,Eirunepé Airport,-6.6395,-69.8797,400,SA,Brazil,,Eirunepé,true,50
15922,CAA,MHGE,small_airport,El Aguacate Airport,14.875,-85.7761,1296,NA,Honduras,,El Aguacate,true,50
18969,EMX,SAVD,small_airport,El Maitén Airport,-42.0292,-71.1725,2355,SA,Argentina,,El Maitén,true,50
18991,ENJ,,small_airport,El Naranjo Airport,14.1069,-90.8175,140,NA,Guatemala,,El Naranjo,true,50
18927,ELR,,small_airport,Elelim Airport,-3.7859,139.3845,1490,AS,Indonesia,,Elelim,true,50
19126,ERA,HCMU,small_airport,Erigavo Airport,10.6421,47.388,5720,AF,Somalia,,Erigavo,true,50
19143,ERR,KERR,small_airport,Errol Airport,44.7925,-71.1642,1245,NA,United States,,Errol,true,50
19176,ESO,,small_airport,Ohkay Owingeh Airport,36.0261,-106.0454,5790,NA,United States,,Espanola,true,50
22486,HCM,HCME,small_airport,Eil Airport,8.104,49.82,879,AF,Somalia,,Eyl,true,50
19816,FAG,BIFM,small_airport,Fagurhólsmýri Airport,63.8747,-16.6411,56,EU,Iceland,,Fagurhólsmýri,true,50
19870,FBY,KFBY,small_airport,Fairbury Municipal Airport,40.183,-97.1693,1479,NA,United States,,Fairbury,true,50
20282,FNE,AYFA,small_airport,Fane Airport,-8.5493,147.0858,4500,OC,Papua New Guinea,,Fane Mission,true,50
20213,FLH,,small_airport,Flotta Isle Airstrip,58.8258,-3.1428,50,EU,United Kingdom,,Flotta Isle,true,50
44620,YFG,,small_airport,Fontanges Airport,54.5539,-71.1733,1550,NA,Canada,,Fontanges,true,50
20334,FOU,FOGF,small_airport,Fougamou Airport,-1.2783,10.6125,263,AF,Gabon,,Fougamou,true,50
20432,FRK,FSSF,small_airport,Frégate Island Airport (UNUSABLE),-4.5828,55.9449,610,AF,Seychelles,,Frégate Island,true,50
20441,FRT,,small_airport,El Avellano Airport,-41.0517,-73.3511,489,SA,Chile,,Frutillar,true,50
20010,FFU,SCFT,small_airport,Futaleufú Airport,-43.1892,-71.8511,1148,SA,Chile,,Futaleufu,true,50
21128,GAW,VYGG,small_airport,Gangaw Airport,22.1747,94.1344,200,AS,Myanmar,,Gangaw,true,50
21154,GBM,,small_airport,Garbaharey Airport,3.3229,42.2131,755,AF,Somalia,,Garbaharey,true,50
21771,GSR,HCMG,small_airport,Gardo Airport,9.546,49.1191,2632,AF,Somalia,,Gardo,true,50
21809,GTT,YGTN,small_airport,Georgetown Airport,-18.3027,143.5309,995,OC,Australia,,Georgetown,true,50
22014,GZI,OAGN,small_airport,Ghazni Airport,33.4879,68.5252,0,AS,Afghanistan,,Ghazni,true,50
21236,GDW,KGDW,small_airport,Gladwin Zettel Memorial Airport,43.9706,-84.475,776,NA,United States,,Gladwin,true,50
21469,GKD,LTFK,small_airport,Gökçeada Airport,40.2045,25.8833,73,AS,Turkey,,Gökçeada,true,50
17236,DAS,,small_airport,Great Bear Lake Airport,66.7031,-119.7168,562,NA,Canada,,Great Bear Lake,true,50
21274,GEY,KGEY,small_airport,South Big Horn County Airport,44.5168,-108.083,3939,NA,United States,,Greybull,true,50
21846,GUU,BIGF,small_airport,Grundarfjörður Airport,64.9914,-23.2247,17,EU,Iceland,,Grundarfjörður,true,50
21840,GUO,,small_airport,Guriel Airport,5.3174,45.9853,0,AF,Somalia,,Guriel,true,50
21121,GAP,AYGP,small_airport,Gusap Airport,-6.0532,145.959,1504,OC,Papua New Guinea,,Gusap,true,50
22709,HIT,AYHO,small_airport,Haivaro Airport,-6.9406,143.059,180,OC,Papua New Guinea,,Haivaro,true,50
16462,CPA,GLCP,small_airport,Cape Palmas Airport,4.3788,-7.6966,20,AF,Liberia,,Harper,true,50
23051,HSB,KHSB,small_airport,Harrisburg-Raleigh Airport,37.8113,-88.5503,398,NA,United States,,Harrisburg,true,50
22552,HEG,HSHG,small_airport,Heglig Airport,9.9949,29.3977,1325,AF,Sudan,,Heglig,true,50
22819,HLV,,small_airport,Helenvale Airport,-15.6858,145.215,0,OC,Australia,,Helenvale,true,50
22840,HMG,YHMB,small_airport,Hermannsburg Airport,-23.9265,132.8078,593,OC,Australia,,Hermannsburg (Ntaria),true,50
22820,HLW,FAHL,small_airport,Hluhluwe Airport,-28.0166,32.2752,249,AF,South Africa,,Hluhluwe,true,50
22929,HOX,VYHL,small_airport,Hommalinn Airport,24.8996,94.914,534,AS,Myanmar,,Hommalinn,true,50
23039,HRZ,SSHZ,small_airport,Walter Bündchen Airport,-27.6383,-54.3391,1063,SA,Brazil,,Horizontina,true,50
23124,HUC,,small_airport,Dr Hermenegildo Ortiz Quinones Airport,18.1381,-65.8007,33,NA,Puerto Rico,,Humacao,true,50
23144,HUW,SWHT,small_airport,Humaitá Airport,-7.5321,-63.0721,230,SA,Brazil,,Humaitá,true,50
23794,ICY,,small_airport,Icy Bay Airport,59.9663,-141.6601,50,NA,United States,,Icy Bay,true,50
34360,QIG,,small_airport,Iguatu Airport,-6.3463,-39.2944,699,SA,Brazil,,Iguatu,true,50
23964,IHO,FMSI,small_airport,Ihosy Airport,-22.4047,46.1649,2500,AF,Madagascar,,Ihosy,true,50
24042,IJU,SSIJ,small_airport,João Batista Bos Filho Airport,-28.3687,-53.8466,1197,SA,Brazil,,Ijuí,true,50
24094,ILA,,small_airport,Ilaga Airport,-3.9765,137.6225,7989,AS,Indonesia,,Ilaga,true,50
24141,IML,KIML,small_airport,Imperial Municipal Airport,40.5093,-101.621,3275,NA,United States,,Imperial,true,50
24215,ION,FCOI,small_airport,Impfondo Airport,1.59,18.0466,1050,AF,Republic of the Congo,,Impfondo,true,50
24171,INF,DATG,small_airport,In Guezzam Airport,19.5605,5.7493,1312,AF,Algeria,,In Guezzam,true,50
24175,INJ,YINJ,small_airport,Injune Airport,-25.851,148.5497,401,OC,Australia,,Injune,true,50
24314,IRE,SNIC,small_airport,Irecê Airport,-11.3399,-41.847,2561,SA,Brazil,,Irecê,true,50
32914,PEA,YPSH,small_airport,Penneshaw Airport,-35.7558,137.9629,0,OC,Australia,,Ironstone,true,50
30616,NMG,,small_airport,San Miguel Airport,8.4565,-78.9342,70,NA,Panama,,Isla del Rey,true,50
24355,ISJ,MMIM,small_airport,Isla Mujeres National Airport,21.246,-86.7404,16,NA,Mexico,,Isla Mujeres,true,50
24462,IVI,,small_airport,Viveros Island Airport,8.4693,-79.0016,100,NA,Panama,,Isla Viveros,true,50
24391,ITJ,,small_airport,Campo Comandantes Airport,-26.9831,-48.8164,33,SA,Brazil,,Itajaí,true,50
25293,JIL,ZYJL,small_airport,Jilin Ertaizi Airport,44.0027,126.3952,0,AS,China,,Jilin,true,50
22568,HEW,,small_airport,Dongyang Hengdian General Airport,29.1226,120.2429,364,AS,China,,Jinhua (Dongyang),true,50
25295,JIN,HUJI,small_airport,Jinja Airport,0.4531,33.1936,3855,AF,Uganda,,Jinja,true,50
26340,KBO,FZRM,small_airport,Kabalo Airport,-6.083,26.917,1840,AF,Democratic Republic of the Congo,,Kabalo,true,50
26421,KDX,HSLI,small_airport,Kadugli Airport,11.138,29.7011,1848,AF,Sudan,,Kadugli,true,50
21334,GGM,HKKG,small_airport,Kakamega Airport,0.2714,34.7881,5020,AF,Kenya,,Kakamega,true,50
26698,KLM,OINE,small_airport,Kalaleh Airport,37.3833,55.452,425,AS,Iran,,Kalaleh,true,50
26743,KMV,VYKL,small_airport,Kalay Airport,23.1888,94.0511,439,AS,Myanmar,,Kalemyo,true,50
17889,DSX,RCLM,small_airport,Dongsha Island (Pratas Island) Airport,20.7066,116.721,10,AS,Taiwan,,Kaohsiung (Cijin - Pratas Island),true,50
29350,MNA,WAMN,small_airport,Melangguane Airport,4.0103,126.6732,3,AS,Indonesia,,Karakelong Island,true,50
44454,YAU,,small_airport,Donaldson Airport,61.6622,-73.3214,1902,NA,Canada,,Kattiniq,true,50
27096,KWO,AYKW,small_airport,Kawito Airport,-7.977,142.8236,72,OC,Papua New Guinea,,Kawito,true,50
27995,LLN,,small_airport,Kelila Airport,-3.729,138.7101,9092,AS,Indonesia,,Kelila,true,50
27155,KYB,,small_airport,Ken's Bore airport,-22.1572,116.1562,709,OC,Australia,,Ken's Bore,true,50
26526,KGU,WBKG,small_airport,Keningau Airport,5.3555,116.1649,1036,AS,Malaysia,,Keningau,true,50
21368,GHK,,small_airport,Gahcho Kue,63.4352,-109.1448,1371,NA,Canada,,Kennedy Lake,true,50
26442,KEI,WAKP,small_airport,Kepi Airport,-6.543,139.3324,67,AS,Indonesia,,Kepi,true,50
26556,KHO,,small_airport,Khoka Moya Airport,-24.593,31.4151,1440,AF,South Africa,,Khoka Moya,true,50
24539,IXN,VEKW,small_airport,Khowai Airport,24.0619,91.6039,95,AS,India,,Khowai,true,50
27089,KWH,OAHN,small_airport,Khwahan Airport,37.89,70.2038,3593,AS,Afghanistan,,Khwahan,true,50
26734,KMM,,small_airport,Kimaam Airport,-7.9779,138.8518,26,AS,Indonesia,,Kimaam,true,50
26372,KCK,UIKK,small_airport,Kirensk Airport,57.773,108.064,840,AS,Russia,,Kirensk,true,50
26598,KIU,HKIU,small_airport,Kiunga Airport,-1.7413,41.4827,1,AF,Kenya,,Kiunga,true,50
26408,KDK,PAKD,small_airport,Kodiak Municipal Airport,57.8062,-152.3737,139,NA,United States,,Kodiak,true,50
31745,OHT,OPKT,small_airport,Kohat Airport,33.57,71.44,1650,AS,Pakistan,,Kohat,true,50
26799,KOF,FAKP,small_airport,Komatipoort Airport,-25.4403,31.93,541,AF,South Africa,,Komatipoort,true,50
26806,KOM,AYOO,small_airport,Komo-Manda Airport,-6.0682,142.8598,5057,OC,Papua New Guinea,,Komo,true,50
26808,KOO,FZRQ,small_airport,Kongolo Airport,-5.3939,26.9899,1850,AF,Democratic Republic of the Congo,,Kongolo,true,50
36702,SBI,GUSB,small_airport,Sambailo Airport,12.5753,-13.3633,295,AF,Guinea,,Koundara,true,50
27956,LKK,PAKL,small_airport,Kulik Lake Airport,58.9821,-155.121,717,NA,United States,,Kulik Lake,true,50
39980,UUK,PAKU,small_airport,Ugnu-Kuparuk Airport,70.3308,-149.598,67,NA,United States,,Kuparuk,true,50
27012,KUC,NGKT,small_airport,Kuria Airport,0.2186,173.442,0,OC,Kiribati,,Kuria,true,50
37322,SSQ,,small_airport,La Sarre Airport,48.9172,-79.1786,1048,NA,Canada,,La Sarre,true,50
39870,URI,SKUB,small_airport,Uribe Airport,3.2375,-74.3472,8377,SA,Colombia,,La Uribe,true,50
27818,LGQ,SENL,small_airport,Nueva Loja Airport,0.0931,-76.8675,980,SA,Ecuador,,Lago Agrio,true,50
28102,LOM,,small_airport,Francisco Primo de Verdad y Ramos Airport,21.259,-101.9438,6227,NA,Mexico,,Lagos de Moreno,true,50
27707,LDN,VNLD,small_airport,Lamidanda Airport,27.2531,86.67,4100,AS,Nepal,,Lamidanda,true,50
28276,LTG,VNLT,small_airport,Langtang Airport,28.2,85.583,12000,AS,Nepal,,Langtang,true,50
35507,REB,EDAX,small_airport,Müritz Airpark,53.3064,12.7522,220,EU,Germany,,Lärz,true,50
36948,SIC,,small_airport,San José Island Airport,8.2622,-79.078,150,NA,Panama,,Las Perlas,true,50
15293,BST,OABT,small_airport,Bost Airport,31.5597,64.365,2464,AS,Afghanistan,,Lashkar Gah,true,50
28281,LTL,FOOR,small_airport,Lastourville Airport,-0.8267,12.7486,1585,AF,Gabon,,Lastourville,true,50
28308,LUC,NFNH,small_airport,Laucala Island Airport,-16.7481,-179.667,10,OC,Fiji,,Laucala Island,true,50
41183,VRZ,,small_airport,Padre Israel Airport,-21.2406,-44.9639,3146,SA,Brazil,,Lavras,true,50
31618,OEA,,small_airport,O'Neal Airport,38.6852,-87.5431,414,NA,United States,,Lawrenceville,true,50
27897,LIX,FWLK,small_airport,Likoma Island Airport,-12.0798,34.7363,1600,AF,Malawi,,Likoma Island,true,50
28345,LVD,,small_airport,Lime Village Airport,61.3591,-155.44,552,NA,United States,,Lime Village,true,50
27895,LIV,,small_airport,Livengood Camp Airport,65.467,-148.6534,425,NA,United States,,Livengood,true,50
28001,LLT,FNLB,small_airport,Lobito Airport,-12.3712,13.5366,10,AF,Angola,,Lobito,true,50
27647,LBZ,FNLK,small_airport,Lucapa Airport,-8.4423,20.7327,3029,AF,Angola,,Lucapa,true,50
27825,LGX,HCMJ,small_airport,Lugh Ganane Airport,3.8124,42.5459,507,AF,Somalia,,Luuq,true,50
28920,MBC,FOGG,small_airport,M'Bigou Airport,-1.8931,11.9125,2346,AF,Gabon,,M'Bigou,true,50
29134,MHA,SYMD,small_airport,Mahdia Airport,5.2728,-59.1493,300,SA,Guyana,,Mahdia,true,50
29360,MNK,NGMA,small_airport,Maiana Airport,1.0036,173.031,8,OC,Kiribati,,Maiana,true,50
29576,MTK,NGMN,small_airport,Makin Island Airport,3.3744,172.992,0,OC,Kiribati,,Makin Island,true,50
27694,LDA,VEMH,small_airport,Malda Airport,25.0102,88.1269,79,AS,India,,Malda,true,50
29441,MPT,WPMN,small_airport,Maliana Airport,-8.9722,125.215,0,AS,Timor-Leste,,Maliana,true,50
29076,MFO,,small_airport,Manguna Airport,-5.5778,151.7923,187,OC,Papua New Guinea,,Manguna,true,50
24542,IXQ,VEKM,small_airport,Kamalpur Airport,24.1343,91.8108,131,AS,India,,Manik Bhandar,true,50
29710,MXA,KMXA,small_airport,Manila Municipal Airport,35.8944,-90.1546,242,NA,United States,,Manila,true,50
29364,MNO,FZRA,small_airport,Manono Airport,-7.2889,27.3944,2077,AF,Democratic Republic of the Congo,,Manono,true,50
16054,CDY,RPMU,small_airport,Cagayan de Sulu Airport,7.014,118.496,0,AS,Philippines,,Mapun,true,50
22779,HKR,,small_airport,Mara North Conservancy Airstrip,-1.1454,35.1249,5500,AF,Kenya,,Mara Rianta,true,50
32131,OSJ,HKOY,small_airport,Ol Seki Naboisho Airstrip,-1.3785,35.3803,6500,AF,Kenya,,Mara Simba,true,50
13417,ACP,OITM,small_airport,Sahand Airport,37.348,46.1279,4396,AS,Iran,,Maragheh,true,50
31918,OMM,OOMX,small_airport,Marmul Airport,18.139,55.179,925,AS,Oman,,Marmul,true,50
35986,RRM,,small_airport,Marromeu Airport,-18.3193,35.9495,39,AF,Mozambique,,Marromeu,true,50
29747,MYB,FOOY,small_airport,Mayumba Airport,-3.4584,10.6765,13,AF,Gabon,,Mayumba,true,50
29353,MND,,small_airport,Medina Airport,4.4837,-73.3447,1315,SA,Colombia,,Medina,true,50
29303,MLZ,SUMO,small_airport,Cerro Largo International Airport,-32.3379,-54.2167,364,SA,Uruguay,,Melo,true,50
30298,NDM,HAMN,small_airport,Mendi Airport,9.767,35.1,5500,AF,Ethiopia,,Mendi,true,50
29769,MYX,AYMC,small_airport,Menyamya Airport,-7.2117,146.0194,3880,OC,Papua New Guinea,,Menyamya,true,50
23721,IAX,WAMS,small_airport,Miangas Airport,5.5604,126.5801,9,AS,Indonesia,,Miangas,true,50
29185,MIP,LLMR,small_airport,Mitzpe Ramon Airfield,30.6506,34.8069,2556,AS,Israel,,Mitzpe Ramon,true,50
29445,MPX,AYIY,small_airport,Miyanmin Airport,-4.9031,141.6208,2500,OC,Papua New Guinea,,Miyanmin,true,50
31950,ONI,WABD,small_airport,Moanamani Airport,-4.0066,136.0377,5204,AS,Indonesia,,Moanamani,true,50
14755,BDV,FZRB,small_airport,Moba Airport,-7.0849,29.7371,2953,AF,Democratic Republic of the Congo,,Moba,true,50
31854,OKU,FYMO,small_airport,Mokuti Lodge Airport,-18.8128,17.0594,3665,AF,Namibia,,Mokuti Lodge,true,50
23060,HSK,LEHC,small_airport,Huesca-Pirineos Airport,42.0761,-0.3167,1769,EU,Spain,,Monflorite/Alcalá del Obispo,true,50
29652,MVO,FTTM,small_airport,Mongo Airport,12.1705,18.6756,1414,AF,Chad,,Mongo,true,50
29771,MYZ,FWMY,small_airport,Monkey Bay Airport,-14.0836,34.9197,1580,AF,Malawi,,Monkey Bay,true,50
29586,MTU,,small_airport,Montepuez Airport,-13.1219,39.0528,0,AF,Mozambique,,Montepuez,true,50
29642,MVE,KMVE,small_airport,Montevideo Chippewa County Airport,44.9691,-95.7103,1034,NA,United States,,Montevideo,true,50
31064,NYW,VYMY,small_airport,Monywar Airport,22.2216,95.0935,298,AS,Myanmar,,Monywar,true,50
29692,MWS,WAMP,small_airport,Indonesia Morowali Industrial Park (IMIP) Airport,-2.7993,122.1414,24,AS,Indonesia,,Morowali,true,50
34722,QSI,HTMS,small_airport,Moshi Airport,-3.3633,37.3269,2801,AF,Tanzania,,Moshi,true,50
29553,MSX,FCMM,small_airport,Mossendjo Airport,-2.95,12.7,1519,AF,Republic of the Congo,,Mossendjo,true,50
21649,GPD,YGON,small_airport,Mount Gordon Airport,-19.7726,139.4042,900,OC,Australia,,Mount Gordon Mine,true,50
29147,MHN,,small_airport,Hooker County Airport,42.0422,-101.0591,3260,NA,United States,,Mullen,true,50
27858,LHU,FYLS,small_airport,Lianshulu Lodge Airstrip,-18.1165,23.3935,3143,AF,Namibia,,Muneambuanas,true,50
42570,WUI,YMMI,small_airport,Murrin Murrin Airport,-28.7053,121.891,1535,OC,Australia,,Murrin Murrin,true,50
30375,NFR,HLNR,small_airport,Nafurah 1 Airport,29.2132,21.5924,125,AF,Libya,,Nafurah 1,true,50
30656,NNK,,small_airport,Naknek Airport,58.7356,-157.0222,70,NA,United States,,Naknek,true,50
30221,NBH,,small_airport,Nambucca Heads Airport,-30.6731,152.9842,0,OC,Australia,,Nambucca Heads,true,50
37529,SYH,VNSB,small_airport,Syangboche Airport,27.8112,86.7124,12400,AS,Nepal,,Namche Bazaar,true,50
30562,NKY,FCBY,small_airport,Yokangassi Airport,-4.2231,13.2863,541,AF,Republic of the Congo,,Nkayi,true,50
32276,OWK,KOWK,small_airport,Central Maine/Norridgewock Airport,44.7155,-69.8665,270,NA,United States,,Norridgewock,true,50
30692,NOK,SWXV,small_airport,Xavantina Airport,-14.6978,-52.3472,1037,SA,Brazil,,Nova Xavantina,true,50
34339,QHV,,small_airport,Novo Hamburgo Airport,-29.6961,-51.0817,66,SA,Brazil,,Novo Hamburgo,true,50
46200,ZNC,,small_airport,Nyac Airport,60.9807,-159.994,460,NA,United States,,Nyac,true,50
32171,OTN,,small_airport,Ed-Air Airport,38.8518,-87.4999,426,NA,United States,,Oaktown,true,50
31733,OHH,UHSH,small_airport,Okha Airport,53.5164,142.8814,123,AS,Russia,,Okha,true,50
32247,OVR,SAZF,small_airport,Olavarria Airport,-36.89,-60.2166,551,SA,Argentina,,Olavarria,true,50
31962,ONU,NFOL,small_airport,Ono-i-Lau Airport,-20.6589,-178.7411,110,OC,Fiji,,Ono-i-Lau,true,50
31997,OOT,NGON,small_airport,Onotoa Airport,-1.7961,175.526,7,OC,Kiribati,,Onotoa,true,50
44488,YBS,,small_airport,Opapimiskan Lake Airport,52.6067,-90.3769,1023,NA,Canada,,Opapimiskan Lake,true,50
32088,ORC,SKOE,small_airport,Orocue Airport,4.7904,-71.3482,434,SA,Colombia,,Orocue,true,50
39887,URZ,OARG,small_airport,Orūzgān Airport,32.903,66.6309,6725,AS,Afghanistan,,Orūzgān,true,50
31762,OIA,SDOW,small_airport,Ourilândia do Norte Airport,-6.763,-51.0499,751,SA,Brazil,,Ourilândia do Norte,true,50
32351,OYN,YOUY,small_airport,Ouyen Airport,-35.0888,142.3548,0,OC,Australia,,Ouyen,true,50
35879,RON,SKPA,small_airport,Juan Jose Rondon Airport,5.7645,-73.1054,8205,SA,Colombia,,Paipa,true,50
41857,WAP,SCAP,small_airport,Alto Palena Airport,-43.6115,-71.8055,794,SA,Chile,,Palena,true,50
29684,MWK,,small_airport,Matak Airport,3.3481,106.258,10,AS,Indonesia,,Palmatak,true,50
33310,PPA,KPPA,small_airport,Perry Lefors Field,35.613,-100.996,3245,NA,United States,,Pampa,true,50
33258,PNU,,small_airport,Panguitch Municipal Airport,37.8452,-112.392,6763,NA,United States,,Panguitch,true,50
33144,PKO,DBBP,small_airport,Parakou Airport,9.3577,2.6097,1266,AF,Benin,,Parakou,true,50
32807,PBB,SSPN,small_airport,Paranaíba Airport,-19.6512,-51.1994,1446,SA,Brazil,,Paranaíba,true,50
33534,PVI,SSPI,small_airport,Paranavaí Airport,-23.0899,-52.4885,1526,SA,Brazil,,Paranavaí,true,50
36968,SIW,WIMP,small_airport,Sibisa Airport,2.602,98.9624,4234,AS,Indonesia,,Parapat-Sumatra Island,true,50
24545,IXT,VEPG,small_airport,Pasighat Airport,28.0648,95.337,477,AS,India,,Pasighat,true,50
33327,PPR,,small_airport,Tuanku Tambusai Airport,0.8454,100.3702,151,AS,Indonesia,,Pasir Pengarayan,true,50
36962,SIQ,WIDS,small_airport,Dabo Airport,-0.4796,104.5795,95,AS,Indonesia,,Pasirkuning-Singkep Island,true,50
33440,PSW,,small_airport,José Figueiredo Municipal Airport,-20.7318,-46.662,2697,SA,Brazil,,Passos,true,50
32929,PEP,,small_airport,Peppimenarti Airport,-14.1442,130.091,83,OC,Australia,,Peppimenarti,true,50
33396,PRO,KPRO,small_airport,Perry Municipal Airport,41.828,-94.1599,1013,NA,United States,,Perry,true,50
26335,KBJ,YKCA,small_airport,Kings Canyon Airport,-24.2602,131.4889,2100,OC,Australia,,Petermann,true,50
33681,PZL,FADQ,small_airport,Zulu Inyala Airport,-27.8494,32.3097,160,AF,South Africa,,Phinda,true,50
32858,PCQ,,small_airport,Boun Neau Airport,21.6475,101.9,3050,AS,Laos,,Phongsaly,true,50
32860,PCS,SNPC,small_airport,Picos Airport,-7.0614,-41.5259,1099,SA,Brazil,,Picos,true,50
37235,SQB,,small_airport,Santa Ana Airport,4.4083,-75.0217,2192,SA,Colombia,,Piedras,true,50
33139,PKJ,MGPG,small_airport,Playa Grande Airport,15.9975,-90.7417,577,NA,Guatemala,,Playa Grande,true,50
30876,NTO,GVAN,small_airport,Agostinho Neto Airport,17.2028,-25.0906,32,AF,Cape Verde,,Ponta do Sol,true,50
33404,PRW,,small_airport,Prentice Airport,45.5383,-90.276,1578,NA,United States,,Prentice,true,50
36269,RZH,,small_airport,Preobrazheniye Airport,42.9217,133.9044,34,AS,Russia,,Preobrazheniye,true,50
33634,PYA,SKVL,small_airport,Velásquez Airport,5.939,-74.457,566,SA,Colombia,,Puerto Boyacá,true,50
29540,MSK,,small_airport,Morelia Airport,3.7505,-71.4561,607,SA,Colombia,,Puerto Gaitán,true,50
33494,PUE,MPOA,small_airport,Puerto Obaldía Airport,8.6688,-77.4174,223,NA,Panama,,Puerto Obaldía,true,50
33513,PUX,SCPV,small_airport,El Mirador Airport,-41.3494,-72.9467,430,SA,Chile,,Puerto Varas,true,50
33503,PUN,FZOP,small_airport,Punia Airport,-1.3907,26.3481,1742,AF,Democratic Republic of the Congo,,Punia,true,50
17840,DRK,MRDK,small_airport,Drake Bay Airport,8.7189,-83.6417,12,NA,Costa Rica,,Puntarenas,true,50
33573,PWL,WAHP,small_airport,Jenderal Besar Soedirman Airport,-7.4612,109.4141,225,AS,Indonesia,,Purwokerto-Java Island,true,50
33402,PRU,VYPY,small_airport,Pyay Airport,18.8245,95.266,120,AS,Myanmar,,Pye,true,50
35368,RAG,NZRA,small_airport,Raglan Aerodrome,-37.8047,174.86,10,OC,New Zealand,,Raglan,true,50
35378,RAQ,WAWR,small_airport,Sugimanuru Airport,-4.7633,122.5664,132,AS,Indonesia,,Raha,true,50
35555,RFN,BIRG,small_airport,Raufarhöfn Airport,66.4064,-15.9183,39,EU,Iceland,,Raufarhöfn,true,50
35472,RDC,SNDC,small_airport,Redenção Airport,-8.0312,-49.9797,679,SA,Brazil,,Redenção,true,50
35614,RHA,BIRE,small_airport,Reykhólar Airport,65.4526,-22.2061,60,EU,Iceland,,Reykhólar,true,50
35890,ROY,SAWM,small_airport,Rio Mayo Airport,-45.7039,-70.2456,1784,SA,Argentina,,Rio Mayo,true,50
35418,RBU,YROE,small_airport,Roebourne Airport,-20.7639,117.1552,0,OC,Australia,,Roebourne,true,50
37526,SYE,OYSH,small_airport,Sadah Airport,16.9675,43.7281,5938,AS,Yemen,,Sa'dah,true,50
45082,YSA,,small_airport,Sable Island Airport.,43.9282,-59.949,6,NA,Canada,,Sable Island,true,50
36678,SAU,WATS,small_airport,Sabu-Tardanu Airport,-10.4924,121.8482,71,AS,Indonesia,,Sabu-Sawu Island,true,50
36858,SFU,AYSF,small_airport,Safia Airport,-9.5945,148.6393,430,OC,Papua New Guinea,,Safia,true,50
45103,YSV,,small_airport,Saglek Airport,58.4743,-62.654,269,NA,Canada,,Saglek,true,50
37068,SLO,KSLO,small_airport,Salem–Leckrone Airport,38.6429,-88.9642,573,NA,United States,,Salem,true,50
37253,SQT,AYCS,small_airport,China Strait Airstrip,-10.5628,150.6907,10,OC,Papua New Guinea,,Samarai Island,true,50
30267,NCR,MNSC,small_airport,San Carlos Airport,11.1356,-84.7687,91,NA,Nicaragua,,San Carlos,true,50
37142,SNQ,,small_airport,San Quintín Military Airstrip,30.5288,-115.9462,68,NA,Mexico,,San Quintín,true,50
29329,MMP,SKMP,small_airport,San Bernardo Airport,9.2583,-74.4384,60,SA,Colombia,,Santa Cruz de Mompóx,true,50
13907,AQB,MGQC,small_airport,Quiché Airport,15.0122,-91.1506,6631,NA,Guatemala,,Santa Cruz del Quiché,true,50
24244,IPG,SWII,small_airport,Ipiranga Airport,-2.9401,-69.6943,220,SA,Brazil,,Santo Antônio do Içá,true,50
25643,JSB,,small_airport,Walfrido Salmito de Almeida Airport,-4.0428,-40.8938,2900,SA,Brazil,,São Benedito,true,50
25048,JBS,,small_airport,São Borja Airport,-28.6549,-56.0346,262,SA,Brazil,,São Borja,true,50
37500,SXO,SWFX,small_airport,São Félix do Araguaia Airport,-11.6324,-50.6896,650,SA,Brazil,,São Félix Do Araguaia,true,50
37509,SXX,SNFX,small_airport,São Félix do Xingu Airport,-6.6413,-51.9523,656,SA,Brazil,,São Félix do Xingu,true,50
37320,SSO,SNLO,small_airport,São Lourenço Airport,-22.0909,-45.0445,2871,SA,Brazil,,São Lourenço,true,50
37258,SQY,SSRU,small_airport,São Lourenço do Sul Airport,-31.3833,-52.0328,28,SA,Brazil,,São Lourenço Do Sul,true,50
37246,SQM,SWUA,small_airport,São Miguel do Araguaia Airport,-13.3313,-50.1976,1249,SA,Brazil,,São Miguel do Araguaia,true,50
30843,NSR,,small_airport,Serra da Capivara Airport,-9.0834,-42.6447,1362,SA,Brazil,,São Raimundo Nonato,true,50
46396,ZSS,DISS,small_airport,Sassandra Airport,4.9289,-6.1332,203,AF,Côte d'Ivoire,,Sassandra,true,50
37419,SVF,DBBS,small_airport,Savé Airport,8.0182,2.4646,597,AF,Benin,,Savé,true,50
37433,SVT,FBSV,small_airport,Savuti Airport,-18.5185,24.0777,3150,AF,Botswana,,Savuti,true,50
29479,MQV,,small_airport,Mostaganem Airport,35.9052,0.1445,732,AF,Algeria,,Sayada,true,50
36731,SCB,KSCB,small_airport,Scribner State Airport,41.6103,-96.6299,1325,NA,United States,,Scribner,true,50
24610,IZM,LTFB,small_airport,Selçuk Efes Airport,37.9507,27.329,10,AS,Turkey,,Selçuk,true,50
29695,MWV,VDMK,small_airport,Mondulkiri Airport,12.4646,107.188,2299,AS,Cambodia,,Sen Monorom,true,50
22858,HMY,RKTP,small_airport,Seosan Air Base,36.704,126.486,39,AS,South Korea,,Seosan,true,50
31893,OLX,HKOK,small_airport,Mara-Olkiombo Airport,-1.4086,35.1107,5011,AF,Kenya,,Serena,true,50
37570,SZM,FYSS,small_airport,Sesriem Airport,-24.5128,15.7467,2454,AF,Namibia,,Sesriem,true,50
45994,ZHM,VGSH,small_airport,Shamshernagar Airport,24.3983,91.9169,56,AS,Bangladesh,,Shamshernagar,true,50
37451,SWB,,small_airport,Shaw River Airport,-21.5103,119.362,0,OC,Australia,,Shaw River,true,50
36889,SGP,YSHG,small_airport,Shay Gap Airport,-20.4247,120.141,620,OC,Australia,,Shay Gap,true,50
37463,SWN,,small_airport,Sarsawa Air Force Station,29.9943,77.4246,891,AS,India,,Sherpur Naqeebpur,true,50
36874,SGA,OASN,small_airport,Sheghnan Airport,37.4976,71.5085,6700,AS,Afghanistan,,Shiveh,true,50
36710,SBQ,OPSB,small_airport,Sibi Airport,29.5712,67.8479,436,AS,Pakistan,,Sibi,true,50
21414,GIU,VCCS,small_airport,Sigiriya Air Force Base,7.9567,80.7285,630,AS,Sri Lanka,,Sigiriya,true,50
37321,SSP,,small_airport,Silver Plains Airport,-13.9754,143.5537,48,OC,Australia,,Silver Plains,true,50
30484,NIS,AYSE,small_airport,Simberi Airport,-2.6622,151.9978,10,OC,Papua New Guinea,,Simberi Island,true,50
30541,NKD,WABS,small_airport,Sinak Airport,-3.8222,137.8392,7299,AS,Indonesia,,Sinak,true,50
37027,SKJ,WIOD,small_airport,Singkawang Airport,0.7899,108.9604,55,AS,Indonesia,,Singkawang,true,50
36969,SIX,YSGT,small_airport,Singleton Airport,-32.6008,151.1931,46,OC,Australia,,Singleton,true,50
27027,KUR,OARZ,small_airport,Razer Airport,36.0299,70.7142,0,AS,Afghanistan,,Skazar,true,50
30837,NSL,KDVP,small_airport,Slayton Municipal Airport,43.9868,-95.7826,1623,NA,United States,,Slayton,true,50
44925,YNX,,small_airport,Snap Lake Airport,63.5936,-110.906,1557,NA,Canada,,Snap Lake Mine,true,50
36897,SGX,HTSO,small_airport,Songea Airport,-10.683,35.583,3445,AF,Tanzania,,Songea,true,50
37251,SQR,WAWS,small_airport,Soroako Airport,-2.5306,121.3561,1388,AS,Indonesia,,Soroako,true,50
37252,SQS,,small_airport,Matthew Spain Airport,17.1859,-89.0099,199,NA,Belize,,Spanish Lookout,true,50
25090,JCY,,small_airport,LBJ Ranch Airport,30.2518,-98.6225,1515,NA,United States,,Stonewall,true,50
37381,SUD,KSUD,small_airport,Stroud Municipal Airport,35.7896,-96.6557,900,NA,United States,,Stroud,true,50
39706,UMY,UKHS,small_airport,Sumy Airport,50.8583,34.7625,594,EU,Ukraine,,Sumy,true,50
38011,TBV,,small_airport,Tabal Airstrip,8.3027,171.1615,32,OC,Marshall Islands,,Tabal Island,true,50
38622,TSU,NGTS,small_airport,Tabiteuea South Airport,-1.4744,175.064,0,OC,Kiribati,,Tabiteuea South,true,50
38443,TNV,PLFA,small_airport,Tabuaeran Island Airport,3.8994,-159.389,0,OC,Kiribati,,Tabuaeran Island,true,50
37976,TAW,SUTB,small_airport,Tacuarembo Airport,-31.749,-55.9258,440,SA,Uruguay,,Tacuarembo,true,50
34198,QDY,,small_airport,Taean Airport,36.5938,126.2966,16,AS,South Korea,,Taean,true,50
38500,TPG,WMBI,small_airport,Taiping (Tekah) Airport,4.8664,100.7154,40,AS,Malaysia,,Taiping,true,50
23103,HTR,RORH,small_airport,Hateruma Airport,24.0598,123.8056,43,AS,Japan,,Taketomi,true,50
38360,TLK,UECT,small_airport,Talakan Airport,59.8764,111.0444,1329,EU,Russia,,Talakan Oil Field,true,50
38543,TQN,OATQ,small_airport,Taleqan Airport,36.7707,69.532,2606,AS,Afghanistan,,Taleqan,true,50
37505,SXT,WMAN,small_airport,Sungai Tiang Airport,4.3303,102.395,10,AS,Malaysia,,Taman Negara,true,50
38436,TNO,MRTM,small_airport,Tamarindo Airport,10.3135,-85.8155,41,NA,Costa Rica,,Tamarindo,true,50
13331,AAB,YARY,small_airport,Arrabury Airport,-26.6964,141.0487,334,OC,Australia,,Tanbar,true,50
36060,RTO,WIRR,small_airport,Budiarto Airport,-6.2932,106.57,151,AS,Indonesia,,Tangerang-Java Island,true,50
38504,TPK,,small_airport,Teuku Cut Ali Airport,3.169,97.2883,17,AS,Indonesia,,Tapaktuan,true,50
38351,TLB,OPTA,small_airport,Tarbela Dam Airport,33.9861,72.6114,1114,AS,Pakistan,,Tarbela,true,50
29442,MPU,AYMZ,small_airport,Mapua(Mabua) Airport,-2.8114,151.9911,40,OC,Papua New Guinea,,Tatau Island,true,50
25678,JTA,,small_airport,Pedro Teixeira Castelo Airport,-5.9334,-40.2975,1457,SA,Brazil,,Tauá,true,50
30330,NEI,,small_airport,Terney Airport,45.0825,136.5912,33,EU,Russia,,Terney,true,50
38433,TNL,UKLT,small_airport,Ternopil International Airport,49.5242,25.7001,1072,EU,Ukraine,,Ternopil,true,50
38116,TES,HHTS,small_airport,Tessenei Airport,15.1043,36.6817,2018,AF,Eritrea,,Tessenei,true,50
38106,TEI,VETJ,small_airport,Tezu Airport,27.9412,96.1344,800,AS,India,,Tezu,true,50
38299,TJV,VOTJ,small_airport,Thanjavur Air Force Station,10.7238,79.1095,253,AS,India,,Thanjavur,true,50
38230,THY,FATH,small_airport,Thohoyandou Airport,-23.0769,30.3836,2021,AF,South Africa,,Thohoyandou,true,50
38214,THI,GQNC,small_airport,Tichitt Airport,18.4339,-9.4864,561,AF,Mauritania,,Tichitt,true,50
38866,TZM,,small_airport,Aeródromo de Cupul,21.1557,-88.1729,56,NA,Mexico,,Tizimin,true,50
38833,TYP,YTMY,small_airport,Tobermorey Airport,-22.2558,137.953,0,OC,Australia,,Tobermorey,true,50
38511,TPR,YTMP,small_airport,Tom Price Airport,-22.746,117.869,2300,OC,Australia,,Tom Price,true,50
43789,XSD,KTNX,small_airport,Tonopah Test Range Airport,37.7988,-116.781,5549,NA,United States,,Tonopah,true,50
40678,VDY,VOJV,small_airport,Jindal Vijaynagar Airport,15.1759,76.633,1670,AS,India,,Toranagallu,true,50
38014,TBY,FBTS,small_airport,Tshabong Airport,-26.0345,22.4013,3179,AF,Botswana,,Tshabong,true,50
38440,TNS,,small_airport,Tungsten (Cantung) Airport,61.9569,-128.203,3500,NA,Canada,,Tungsten,true,50
38338,TKY,YTKY,small_airport,Turkey Creek Airport,-17.0408,128.206,0,OC,Australia,,Turkey Creek,true,50
46644,ZZO,UHSO,small_airport,Zonalnoye Airport,50.6699,142.7601,479,AS,Russia,,Tymovskoye,true,50
39669,ULX,FAUS,small_airport,Ulusaba Airport,-24.7854,31.3549,1263,AF,South Africa,,Ulusaba,true,50
39358,UDA,YUDA,small_airport,Undara Airport,-18.1913,144.6122,2451,OC,Australia,,Undara,true,50
39900,USC,,small_airport,"Union County, Troy Shelton Field",34.687,-81.6411,610,NA,United States,,Union,true,50
39875,URN,OAOG,small_airport,Urgun Airport,32.9311,69.1532,7300,AS,Afghanistan,,Urgun,true,50
35922,RPU,,small_airport,Urucu Airport,-4.8843,-65.3554,210,SA,Brazil,,Urucu,true,50
41312,VVK,ESSW,small_airport,Västervik Airport,57.78,16.5236,118,EU,Sweden,,Västervik,true,50
40561,VAP,SCRD,small_airport,Rodelillo Airport,-33.0681,-71.5575,1100,SA,Chile,,Viña Del Mar,true,50
41058,VOI,GLVA,small_airport,Voinjama Airport,8.3235,-9.7692,1400,AF,Liberia,,Voinjama,true,50
41236,VTG,VVVT,small_airport,Vung Tau Airport,10.3751,107.0962,13,AS,Vietnam,,Vũng Tàu,true,50
41847,WAF,OPWN,small_airport,Wana Airport,32.3047,69.5704,4550,AS,Pakistan,,Waana,true,50
41878,WBA,WAPV,small_airport,Wahai Airport,-2.8114,129.484,558,AS,Indonesia,,Wahai,true,50
42140,WIK,NZKE,small_airport,Waiheke Island Aerodrome,-36.8089,175.086,445,OC,New Zealand,,Waiheke Island,true,50
42219,WKR,MYAW,small_airport,Walkers Cay Airport,27.2597,-78.4005,10,NA,Bahamas,,Walkers Cay,true,50
41853,WAL,KWAL,small_airport,Wallops Flight Facility Airport,37.9408,-75.4623,40,NA,United States,,Wallops Island,true,50
13557,AGL,AYWG,small_airport,Wanigela Airport,-9.3375,149.1556,53,OC,Papua New Guinea,,Wanigela,true,50
42507,WSR,,small_airport,Wasior Airport,-2.7204,134.5059,49,AS,Indonesia,,Wasior,true,50
42568,WUG,AYWU,small_airport,Wau Airport,-7.3456,146.7186,3600,OC,Papua New Guinea,,Wau,true,50
41862,WAU,,small_airport,Wauchope Airport,-20.6406,134.2153,1186,OC,Australia,,Wauchope,true,50
41851,WAJ,AYWF,small_airport,Wawoi Falls Airport,-6.9523,142.6557,370,OC,Papua New Guinea,,Wavoi Falls,true,50
41866,WAY,KWAY,small_airport,Greene County Airport,39.9011,-80.1307,1069,NA,United States,,Waynesburg,true,50
19060,EPG,,small_airport,Browns Airport,40.8675,-96.11,1183,NA,United States,,Weeping Water,true,50
42105,WHL,,small_airport,Welshpool Airport,-38.6824,146.4453,35,OC,Australia,,Welshpool,true,50
42529,WTD,MYGW,small_airport,West End Airport,26.6853,-78.975,5,NA,Bahamas,,West End,true,50
42112,WHS,EGEH,small_airport,Whalsay Airstrip,60.3768,-0.9272,100,EU,United Kingdom,,"Whalsay, Shetlands",true,50
42551,WTZ,NZWT,small_airport,Whitianga Airport,-36.8287,175.6828,10,OC,New Zealand,,Whitianga,true,50
42359,WON,YWDL,small_airport,Wondoola Airport,-18.575,140.892,58,OC,Australia,,Wondoola,true,50
21131,GAZ,AYGJ,small_airport,Guasopa Airport,-9.2259,152.9444,10,OC,Papua New Guinea,,Woodlark (Muyua) Island,true,50
27162,KYI,YYTA,small_airport,Yalata Mission Airport,-31.4706,131.825,0,OC,Australia,,Yalata Mission,true,50
18635,EDN,,small_airport,Yedinka Airport,47.1782,138.6574,98,EU,Russia,,Yedinka,true,50
46149,ZLX,HSZA,small_airport,Zalingei Airport,12.9437,23.5631,2953,AF,Sudan,,Zalingei,true,50
13807,ANJ,FCBZ,small_airport,Zanaga Airport,-2.8467,13.8212,1870,AF,Republic of the Congo,,Zanaga,true,50
23059,HSJ,,small_airport,Zhengzhou Shangjie Airport,34.8422,113.274,450,AS,China,,Zhengzhou,true,50
46431,ZTR,UKKV,small_airport,Zhytomyr Airport,50.2706,28.7386,0,EU,Ukraine,,Zhytomyr,true,50
38122,TEY,BITE,small_airport,Þingeyri Airport,65.8703,-23.56,65,EU,Iceland,,Þingeyri,true,50
23921,IGH,YIGM,small_airport,Ingham Airport,-18.6641,146.1458,49,OC,Australia,,,true,50
24354,ISI,YISF,small_airport,Isisford Airport,-24.2583,144.425,694,OC,Australia,,,true,50
29295,MLR,YMCT,small_airport,Millicent Airport,-37.5836,140.366,56,OC,Australia,,,true,50
29582,MTQ,YMIT,small_airport,Mitchell Airport,-26.4833,147.937,1144,OC,Australia,,,true,50
29326,MMM,YMMU,small_airport,Middlemount Airport,-22.8014,148.7068,547,OC,Australia,,,true,50
29366,MNQ,YMTO,small_airport,Monto Airport,-24.8923,151.1018,757,OC,Australia,,,true,50
42144,WIO,YWCA,small_airport,Wilcannia Airport,-31.5221,143.3784,250,OC,Australia,,,true,50
14169,AXL,YALX,small_airport,Alexandria Homestead Airport,-19.0602,136.71,0,OC,Australia,,,true,50
13781,AMT,YAMT,small_airport,Amata Airport,-26.0974,131.2027,695,OC,Australia,,,true,50
15001,BKP,YBAW,small_airport,Barkly Downs Airport,-20.4958,138.4747,810,OC,Australia,,,true,50
15333,BTX,YBEO,small_airport,Betoota Airport,-25.6948,140.7383,91,OC,Australia,,,true,50
27671,LCN,YBLC,small_airport,Balcanoona Airport,-30.535,139.337,144,OC,Australia,,,true,50
15040,BLS,YBLL,small_airport,Bollon Airport,-28.0512,147.4818,182,OC,Australia,,,true,50
14808,BFC,,small_airport,Bloomfield River Airport,-15.8736,145.33,0,OC,Australia,,,true,50
15313,BTD,,small_airport,Brunette Downs Airport,-18.6375,135.9384,700,OC,Australia,,,true,50
16623,CTR,,small_airport,Cattle Creek Airport,-17.607,131.549,0,OC,Australia,,,true,50
16325,CLH,YCAH,small_airport,Coolah Airport,-31.7739,149.6153,504,OC,Australia,,,true,50
16110,CFI,YCFD,small_airport,Camfield Airport,-17.0217,131.327,0,OC,Australia,,,true,50
16513,CQP,,small_airport,Cape Flattery Airport,-14.9708,145.3117,43,OC,Australia,,,true,50
16046,CDQ,YCRY,small_airport,Croydon Airport,-18.225,142.258,107,OC,Australia,,,true,50
26366,KCE,YCSV,small_airport,Collinsville Airport,-20.5967,147.86,180,OC,Australia,,,true,50
16666,CUY,YCUE,small_airport,Cue Airport,-27.4507,117.9177,442,OC,Australia,,,true,50
17278,DBY,YDAY,small_airport,Dalby Airport,-27.1585,151.2634,1137,OC,Australia,,,true,50
17473,DHD,YDRH,small_airport,Durham Downs Airport,-27.075,141.9,116,OC,Australia,,,true,50
17847,DRR,YDRI,small_airport,Durrie Airport,-25.685,140.228,58,OC,Australia,,,true,50
19127,ERB,YERN,small_airport,Ernabella Airport,-26.2633,132.182,707,OC,Australia,,,true,50
20230,FLY,YFIL,small_airport,Finley Airport,-35.6589,145.5612,380,OC,Australia,,,true,50
20333,FOT,YFST,small_airport,Forster (Wallis Is) Airport,-32.2025,152.4811,4,OC,Australia,,,true,50
21508,GLG,YGLE,small_airport,Glengyle Airport,-24.8083,139.6,91,OC,Australia,,,true,50
21514,GLM,YGLO,small_airport,Glenormiston Airport,-22.8883,138.825,158,OC,Australia,,,true,50
26733,KML,YKML,small_airport,Kamileroi Airport,-19.375,140.057,91,OC,Australia,,,true,50
28090,LOA,YLOR,small_airport,Lorraine Airport,-18.9933,139.907,61,OC,Australia,,,true,50
28326,LUU,YLRA,small_airport,Laura Airport,-15.5605,144.4514,627,OC,Australia,,,true,50
29119,MGV,YMGR,small_airport,Margaret River (Station) Airport,-18.6217,126.883,289,OC,Australia,,,true,50
43581,XML,YMIN,small_airport,Minlaton Airport,-34.7438,137.5291,0,OC,Australia,,,true,50
31959,ONR,YMNK,small_airport,Monkira Airport,-24.8167,140.533,107,OC,Australia,,,true,50
32326,OXY,YMNY,small_airport,Morney Airport,-25.3583,141.433,104,OC,Australia,,,true,50
31995,OOR,YMOO,small_airport,Mooraberree Airport,-25.25,140.983,85,OC,Australia,,,true,50
29183,MIN,YMPA,small_airport,Minnipa Airport,-32.8433,135.145,155,OC,Australia,,,true,50
29675,MWB,YMRW,small_airport,Morawa Airport,-29.2017,116.022,270,OC,Australia,,,true,50
29569,MTD,YMSF,small_airport,Mount Sanford Station Airport,-16.9783,130.555,231,OC,Australia,,,true,50
29194,MIY,,small_airport,Mittebah Airport,-18.8093,137.0815,865,OC,Australia,,,true,50
29730,MXU,YMWA,small_airport,Mullewa Airport,-28.475,115.517,290,OC,Australia,,,true,50
36070,RTY,YMYT,small_airport,Merty Merty Airport,-28.5827,140.3033,0,OC,Australia,,,true,50
30627,NMR,YNAP,small_airport,Nappa Merrie Airport,-27.5492,141.1584,55,OC,Australia,,,true,50
30592,NLS,,small_airport,Nicholson Airport,-18.05,128.9,0,OC,Australia,,,true,50
30585,NLL,YNUL,small_airport,Nullagine Airport,-21.9133,120.198,381,OC,Australia,,,true,50
31585,ODD,YOOD,small_airport,Oodnadatta Airport,-27.5625,135.4429,118,OC,Australia,,,true,50
32882,PDE,YPDI,small_airport,Pandie Pandie Airport,-26.1222,139.4035,0,OC,Australia,,,true,50
39398,UEE,YQNS,small_airport,Queenstown Airport,-42.0757,145.5301,867,OC,Australia,,,true,50
36011,RSB,YRSB,small_airport,Roseberth Airport,-25.8257,139.6275,55,OC,Australia,,,true,50
37236,SQC,YSCR,small_airport,Southern Cross Airport,-31.24,119.36,354,OC,Australia,,,true,50
45957,ZGL,YSGW,small_airport,South Galway Airport,-25.6746,142.0892,116,OC,Australia,,,true,50
36736,SCG,YSPK,small_airport,Spring Creek Airport,-18.6377,144.5457,0,OC,Australia,,,true,50
38000,TBK,YTBR,small_airport,Timber Creek Airport,-15.62,130.445,16,OC,Australia,,,true,50
38824,TYG,YTHY,small_airport,Thylungra Airport,-26.093,143.4514,165,OC,Australia,,,true,50
16846,CZY,YUNY,small_airport,Cluny Airport,-24.5167,139.617,90,OC,Australia,,,true,50
41031,VNR,YVRS,small_airport,Vanrook Station Airport,-16.9615,141.9523,43,OC,Australia,,,true,50
41863,WAV,YWAV,small_airport,Wave Hill Airport,-17.3933,131.118,201,OC,Australia,,,true,50
42249,WLL,YWOR,small_airport,Wollogorang Airport,-17.2199,137.9345,199,OC,Australia,,,true,50
42252,WLO,YWTL,small_airport,Waterloo Airport,-16.63,129.32,132,OC,Australia,,,true,50
42008,WEW,YWWA,small_airport,Wee Waa Airport,-30.2583,149.408,190,OC,Australia,,,true,50
42476,WRW,YWWG,small_airport,Warrawagine Airport,-20.8442,120.702,0,OC,Australia,,,true,50
27159,KYF,YYLR,small_airport,Yeelirrie Airport,-27.2771,120.0957,0,OC,Australia,,,true,50
13767,AMF,AYAA,small_airport,Ama Airport,-4.1011,141.67,145,OC,Papua New Guinea,,,true,50
14231,AZB,,small_airport,Amazon Bay Airport,-10.2992,149.3383,12,OC,Papua New Guinea,,,true,50
13835,AOB,,small_airport,Annanberg Airport,-4.9042,144.6358,130,OC,Papua New Guinea,,,true,50
13957,ARP,,small_airport,Aragip Airport,-9.8833,149.4833,1750,OC,Papua New Guinea,,,true,50
13885,APP,,small_airport,Asapa Airport,-8.9792,148.1036,1930,OC,Papua New Guinea,,,true,50
14003,ASZ,,small_airport,Asirim Airport,-6.0097,150.3686,1050,OC,Papua New Guinea,,,true,50
13786,AMY,FMMB,small_airport,Ambatomainty Airport,-17.6867,45.6239,1025,AF,Madagascar,,,true,50
15427,BWJ,,small_airport,Bawan Airport,-6.3969,146.8817,4700,OC,Papua New Guinea,,,true,50
15960,CBC,,small_airport,Cherrabun Airport,-18.9178,125.5378,540,OC,Australia,,,true,50
14759,BDZ,AYBG,small_airport,Baindoung Airport,-6.3472,146.9422,4400,OC,Papua New Guinea,,,true,50
17232,DAO,,small_airport,Dabo Airport,-8.4319,147.8431,118,OC,Papua New Guinea,,,true,50
17338,DDM,,small_airport,Dodoima Airport,-8.1774,147.8094,75,OC,Papua New Guinea,,,true,50
17437,DGD,YDGA,small_airport,Dalgaranga Gold Mine Airport,-27.8297,117.3164,1459,OC,Australia,,,true,50
26338,KBM,AYKB,small_airport,Kabwum,-6.1555,147.1915,4450,OC,Papua New Guinea,,,true,50
16470,CPI,,small_airport,Cape Orford Airport,-5.4483,152.0819,20,OC,Papua New Guinea,,,true,50
16689,CVL,,small_airport,Cape Vogel Airport,-9.67,150.0197,20,OC,Papua New Guinea,,,true,50
35385,RAX,AYYO,small_airport,Oram Airport,-9.6329,148.0481,3500,OC,Papua New Guinea,,,true,50
27033,KUX,AYUY,small_airport,Kuyol Airport,-5.3724,141.6239,3290,OC,Papua New Guinea,,,true,50
28066,LNM,AYLN,small_airport,Langimar Airport,-7.2231,146.2271,5127,OC,Papua New Guinea,,,true,50
28056,LNC,AYLT,small_airport,Lengbati Airport,-6.3846,147.3686,5750,OC,Papua New Guinea,,,true,50
31694,OGE,AYOG,small_airport,Ogeranang Airport,-6.4668,147.3642,5850,OC,Papua New Guinea,,,true,50
35807,RMN,AYRG,small_airport,Rumginae Airport,-5.8972,141.2717,160,OC,Papua New Guinea,,,true,50
32990,PGE,,small_airport,Yegepa Airport,-7.1344,146.1564,4179,OC,Papua New Guinea,,,true,50
44594,YEQ,AYYK,small_airport,Yenkis(Yankisa) Airport,-5.1097,143.9177,3692,OC,Papua New Guinea,,,true,50
36698,SBE,AYSA,small_airport,Suabi Airport,-6.1044,142.2783,465,OC,Papua New Guinea,,,true,50
17223,DAF,,small_airport,Daup Airport,-4.7403,145.9515,280,OC,Papua New Guinea,,,true,50
16073,CEH,FWCD,small_airport,Chelinda Airfield,-10.5573,33.7971,7759,AF,Malawi,,,true,50
16731,CWR,YCWI,small_airport,Cowarie Airport,-27.7117,138.328,52,OC,Australia,,,true,50
38411,TMZ,NZTH,small_airport,Thames Aerodrome,-37.1567,175.55,10,OC,New Zealand,,,true,50
35625,RHL,YRYH,small_airport,Roy Hill Station Airport,-22.6258,119.959,0,OC,Australia,,,true,50
36930,SHU,YSMP,small_airport,Smith Point Airport,-11.1336,132.1596,0,OC,Australia,,,true,50
38001,TBL,YTAB,small_airport,Tableland Homestead Airport,-17.2833,126.9,0,OC,Australia,,,true,50
14135,AWN,,small_airport,Alton Downs Airport,-26.489,139.2599,0,OC,Australia,,,true,50
13785,AMX,,small_airport,Ammaroo Airport,-21.7383,135.242,0,OC,Australia,,,true,50
14936,BIW,,small_airport,Billiluna Airport,-19.5667,127.667,1000,OC,Australia,,,true,50
15404,BVW,,small_airport,Batavia Downs Airport,-12.6592,142.675,0,OC,Australia,,,true,50
18877,EKD,,small_airport,Elkedra Airport,-21.1725,135.444,0,OC,Australia,,,true,50
20577,FVL,YFLO,small_airport,Flora Valley Airport,-18.2978,128.4559,0,OC,Australia,,,true,50
23123,HUB,YHBR,small_airport,Humbert River Airport,-16.4897,130.6303,0,OC,Australia,,,true,50
29372,MNW,YMDS,small_airport,Macdonald Downs Airport,-22.444,135.199,0,OC,Australia,,,true,50
29535,MSF,YMNS,small_airport,Mount Swan Airport,-22.6247,135.0345,1641,OC,Australia,,,true,50
29617,MUP,YMUP,small_airport,Mulga Park Airport,-25.86,131.65,0,OC,Australia,,,true,50
29371,MNV,,small_airport,Mount Valley Airport,-14.0833,133.817,0,OC,Australia,,,true,50
26782,KNY,,small_airport,Kodinsk Airport,58.4794,99.0939,990,AS,Russia,,,true,50
24322,IRM,USHI,small_airport,Igrim Airport,63.2004,64.4401,79,AS,Russia,,,true,50
27821,LGT,SKGA,small_airport,La Gaviota Airport,4.5505,-70.9254,591,SA,Colombia,,,true,50
14923,BIJ,,small_airport,Biliau Airport,-5.5775,146.334,981,OC,Papua New Guinea,,,true,50
23138,HUQ,HLON,small_airport,Hon Airport,29.1101,15.9656,919,AF,Libya,,,true,50
13763,AMB,FMNE,small_airport,Ambilobe Airport,-13.1884,48.988,72,AF,Madagascar,,,true,50
24454,IVA,,small_airport,Ampampamena Airport,-13.4848,48.6327,49,AF,Madagascar,,,true,50
35722,RKA,NTKK,small_airport,Aratika Nord Airport,-15.4857,-145.4648,10,OC,French Polynesia,,,true,50
31704,OGO,DIAU,small_airport,Abengourou Airport,6.7156,-3.4703,676,AF,Côte d'Ivoire,,Abengourou,true,50
13837,AOD,,small_airport,Abou-Deïa Airport,11.4773,19.2874,1592,AF,Chad,,Abou-Deïa,true,50
18515,EAB,,small_airport,Abs Airport,16.011,43.1768,651,AS,Yemen,,Abs,true,50
13405,ACD,SKAD,small_airport,Alcides Fernández Airport,8.4978,-77.2741,50,SA,Colombia,,Acandí,true,50
16463,CPB,SKCA,small_airport,Capurganá Airport,8.6322,-77.3503,49,SA,Colombia,,Acandí,true,50
13947,ARF,,small_airport,Acaricuara Airport,0.5333,-70.1333,587,SA,Colombia,,Acaricuara,true,50
17481,DHL,,small_airport,Ad-Dali Airport,13.7385,44.7272,0,AS,Yemen,,Ad-Dali,true,50
13846,AOM,,small_airport,Adam Airport,22.4919,57.3839,1075,AS,Oman,,Adam,true,50
13478,AEE,,small_airport,Adareil Airport,10.0536,32.9594,1301,AF,South Sudan,,Adar,true,50
40582,VBA,VYAN,small_airport,Ann Airport,19.7692,94.0261,74,AS,Myanmar,,Aeng,true,50
13527,AFR,AYAF,small_airport,Afore Airstrip,-9.1387,148.3907,2500,OC,Papua New Guinea,,Afore,true,50
19310,EWE,,small_airport,Ewer Asmat Airport,-5.4962,138.0784,27,AS,Indonesia,,Agats,true,50
14065,AUP,AYAG,small_airport,Agaun Airport,-9.9277,149.39,3200,OC,Papua New Guinea,,Agaun,true,50
13568,AGW,,small_airport,Agnew Airport,-12.1456,142.1494,160,OC,Australia,,Agnew,true,50
22426,HAY,SKAG,small_airport,Hacaritama Airport,8.247,-73.5814,545,SA,Colombia,,Aguachica,true,50
13640,AIW,FYAA,small_airport,Ai-Ais Airport,-27.995,17.5966,2000,AF,Namibia,,Ai-Ais,true,50
13625,AIH,AYAK,small_airport,Aiambak Airport,-7.3428,141.2675,90,OC,Papua New Guinea,,Aiambak,true,50
13622,AIE,AYAO,small_airport,Aiome Airport,-5.1457,144.7307,350,OC,Papua New Guinea,,Aiome,true,50
13593,AHL,SYAH,small_airport,Aishalton Airport,2.474,-59.3208,587,SA,Guyana,,Aishalton,true,50
13694,AKE,FOGA,small_airport,Akieni Airport,-1.1397,13.9036,1660,AF,Gabon,,Akieni,true,50
27635,LBN,,small_airport,Lake Baringo (Kampi Ya Samaki) Airport,0.6032,36.013,3000,AF,Kenya,,Akorian,true,50
23126,HUE,HAHU,small_airport,Humera Airport,13.8301,36.8824,1930,AF,Ethiopia,,Akwi,true,50
18623,EDB,HSDB,small_airport,Al Dabbah Airport,18.0146,30.9595,843,AF,Sudan,,Al Dabbah,true,50
15493,BYD,,small_airport,Al-Bayda Airport,14.106,45.4411,6120,AS,Yemen,,Al-Bayda,true,50
15356,BUK,,small_airport,Al-Bough Airport,17.3504,44.6255,3800,AS,Yemen,,Al-Bough,true,50
13445,ADH,UEEA,small_airport,Aldan Airport,58.6028,125.409,2241,AS,Russia,,Aldan,true,50
39520,UHS,,small_airport,Aleksandrovsk-Sakhalinskiy Airport,50.8771,142.1756,12,AS,Russia,,Aleksandrovsk-Sakhalinskiy,true,50
13745,ALT,,small_airport,Alenquer Municipal Airport,-1.917,-54.7231,55,SA,Brazil,,Alenquer,true,50
13626,AII,HDAS,small_airport,Ali-Sabieh Airport,11.1469,42.72,2313,AF,Djibouti,,Ali-Sabieh,true,50
13771,AMJ,SNAR,small_airport,Cirilo Queiróz Airport,-16.1656,-40.684,640,SA,Brazil,,Almenara,true,50
14197,AYD,,small_airport,Alroy Downs Airport,-19.2908,136.079,711,OC,Australia,,Alroy Downs,true,50
13894,APY,,small_airport,Alto Parnaíba Airport,-9.0853,-45.9556,968,SA,Brazil,,Alto Parnaíba,true,50
13959,ARR,SAVR,small_airport,D. Casimiro Szlapelis Airport,-45.0136,-70.8122,2286,SA,Argentina,,Alto Rio Senguerr,true,50
13764,AMC,FTTN,small_airport,Am Timan Airport,11.034,20.274,1420,AF,Chad,,Am Timan,true,50
13590,AHI,WAPA,small_airport,Amahai Airport,-3.3479,128.9271,29,AS,Indonesia,,Amahai,true,50
13518,AFI,SKAM,small_airport,Amalfi Airport,6.895,-75.0473,5507,SA,Colombia,,Amalfi,true,50
13782,AMU,AYAM,small_airport,Amanab Airport,-3.586,141.2143,1307,OC,Papua New Guinea,,Amanab,true,50
13606,AHY,,small_airport,Ambatolhy Airport,-20.0158,45.535,340,AF,Madagascar,,Ambatolahy,true,50
26911,KRJ,AYQA,small_airport,Karawari Airstrip,-4.5967,143.5225,70,OC,Papua New Guinea,,Amboin,true,50
14255,AZZ,FNAM,small_airport,Ambriz Airport,-7.8622,13.1161,144,AF,Angola,,Ambriz,true,50
14059,AUJ,AYAT,small_airport,Ambunti Airport,-4.2157,142.8232,50,OC,Papua New Guinea,,Ambunti,true,50
36087,RUF,,small_airport,Yuruf Airport [UNUSABLE],-3.6289,140.9537,1844,AS,Indonesia,,Amgotro,true,50
15286,BSM,OINJ,small_airport,Bishe Kola Air Base,36.6551,52.3496,-79,AS,Iran,,Amol,true,50
13777,AMP,FMSY,small_airport,Ampanihy Airport,-24.6997,44.7342,771,AF,Madagascar,,Ampanihy,true,50
13452,ADO,YAMK,small_airport,Andamooka Airport,-30.4383,137.137,76,OC,Australia,,Andamooka,true,50
17977,DVD,,small_airport,Andavadoaka Airport,-22.0661,43.2596,30,AF,Madagascar,,Andavadoaka,true,50
41845,WAD,,small_airport,Andriamena Airport,-17.631,47.7233,2475,AF,Madagascar,,Andriamena,true,50
13549,AGD,,small_airport,Anggi Airport,-1.3858,133.8737,6644,AS,Indonesia,,Anggi-Papua Island,true,50
13552,AGG,,small_airport,Angoram Airport,-4.0571,144.0738,75,OC,Papua New Guinea,,Angoram,true,50
13696,AKG,AYGU,small_airport,Anguganak Airport,-3.5605,142.2173,937,OC,Papua New Guinea,,Anguganak,true,50
13823,ANZ,,small_airport,Angus Downs Airport,-25.0325,132.2748,1724,OC,Australia,,Angus Downs Station,true,50
41852,WAK,FMSZ,small_airport,Ankazoabo Airport,-22.2964,44.5315,1411,AF,Madagascar,,Ankazoabo,true,50
38868,TZO,,small_airport,Tsimiroro Airport,-18.3451,45.0156,755,AF,Madagascar,,Ankisatra,true,50
30552,NKO,,small_airport,Ankokoambo Airport,-16.5949,44.4537,29,AF,Madagascar,,Ankokoambo,true,50
30186,NAI,SYAN,small_airport,Annai Airport,3.9594,-59.1242,301,SA,Guyana,,Annai,true,50
14023,ATJ,FMME,small_airport,Antsirabe Airport,-19.8392,47.0637,4997,AF,Madagascar,,Antsirabe,true,50
27056,KVK,,small_airport,Kirovsk-Apatity Airport,67.4629,33.5853,515,EU,Russia,,Apatity,true,50
13871,APB,SLAP,small_airport,Apolo Airport,-14.7356,-68.4119,4639,SA,Bolivia,,Apolo,true,50
13887,APR,AYPE,small_airport,April River Airport,-4.6767,142.5401,220,OC,Papua New Guinea,,April River,true,50
24433,IUP,,small_airport,Apuí Airport,-7.1728,-59.8396,197,SA,Brazil,,Apuí,true,50
36190,RXA,,small_airport,Ar Rawdah Airport,14.4487,47.2796,2730,AS,Yemen,,Ar Rawdah,true,50
13642,AIY,,small_airport,Araçuaí Airport,-16.8516,-42.0456,1076,SA,Brazil,,Araçuaí,true,50
13587,AHF,,small_airport,Arapahoe Municipal Airport,40.3416,-99.9078,2270,NA,United States,,Arapahoe,true,50
13886,APQ,SNAL,small_airport,Arapiraca Airport,-9.7766,-36.629,886,SA,Brazil,,Arapiraca,true,50
13419,ACR,SKAC,small_airport,Araracuara Airport,-0.6009,-72.398,1250,SA,Colombia,,Araracuara,true,50
25016,JAW,,small_airport,Araripina Airport,-7.5864,-40.5354,2428,SA,Brazil,,Araripina,true,50
13958,ARQ,SKAT,small_airport,El Troncal Airport,7.0211,-71.3889,512,SA,Colombia,,Arauquita,true,50
35384,RAW,,small_airport,Arawa Airport,-6.2206,155.5714,20,OC,Papua New Guinea,,Arawa,true,50
13956,ARO,,small_airport,Arboletes Airport,8.8551,-76.4227,13,SA,Colombia,,Arboletes,true,50
43155,XAR,DFOY,small_airport,Aribinda Airport,14.217,-0.883,1122,AF,Burkina Faso,,Aribinda,true,50
13414,ACM,,small_airport,Arica Airport,-2.1437,-71.7593,316,SA,Colombia,,Arica,true,50
13918,AQM,,small_airport,Ariquemes Airport,-9.8804,-63.0471,466,SA,Brazil,,Ariquemes,true,50
14204,AYK,UAUR,small_airport,Arkalyk North Airport,50.3186,66.9528,1266,AS,Kazakhstan,,Arkalyk,true,50
13953,ARL,DFER,small_airport,Arly Airport,11.597,1.483,761,AF,Burkina Faso,,Arly,true,50
30195,NAR,SKPN,small_airport,Puerto Nare Airport,6.21,-74.5906,476,SA,Colombia,,Armenia,true,50
35830,RNA,AGAR,small_airport,Ulawa Airport,-9.8605,161.9795,40,OC,Solomon Islands,,Arona,true,50
13338,AAI,,small_airport,Arraias Airport,-13.0252,-46.8841,1923,SA,Brazil,,Arraias,true,50
14022,ATI,SUAG,small_airport,Artigas International Airport,-30.4007,-56.5079,410,SA,Uruguay,,Artigas,true,50
13980,ASC,SLAS,small_airport,Ascención de Guarayos Airport,-15.9334,-63.1556,807,SA,Bolivia,,Ascensión de Guarayos,true,50
13484,AEK,AYAX,small_airport,Aseki Airport,-7.3508,146.194,4106,OC,Papua New Guinea,,Aseki,true,50
14002,ASY,KASY,small_airport,Ashley Municipal Airport,46.0239,-99.3526,2032,NA,United States,,Ashley,true,50
14037,ATX,,small_airport,Atbasar Airport,51.8523,68.3669,1010,AS,Kazakhstan,,Atbasar,true,50
38794,TXM,WAST,small_airport,Teminabuan Airport,-1.4454,132.0211,141,AS,Indonesia,,Atinjoe,true,50
13381,ABP,,small_airport,Atkamba Airport,-6.0646,141.0952,150,OC,Papua New Guinea,,Atkamba Mission,true,50
13854,AOU,VLAP,small_airport,Attopeu Airport,14.7931,107.0453,344,AS,Laos,,Attopeu,true,50
21729,GRL,AYGG,small_airport,Garasa Airport,-7.9807,147.2135,2539,OC,Papua New Guinea,,Au,true,50
14058,AUI,AYND,small_airport,Aua Island Airport,-1.4606,143.0647,4,OC,Papua New Guinea,,Aua Island,true,50
39254,UAE,AYAE,small_airport,Mount Aue Airport,-6.23,144.6642,4250,OC,Papua New Guinea,,Aue,true,50
14071,AUV,AYUM,small_airport,Aumo Airport,-5.7311,148.4453,450,OC,Papua New Guinea,,Aumo,true,50
14092,AVG,YAUV,small_airport,Auvergne Airport,-15.6906,130.0088,0,OC,Australia,,Auvergne Station,true,50
14106,AVU,AGGJ,small_airport,Avu Avu Airport,-9.8683,160.4106,25,OC,Solomon Islands,,Avu Avu,true,50
14139,AWR,,small_airport,Awar Airport (unusable),-4.1223,144.8533,35,OC,Papua New Guinea,,Awar,true,50
13339,AAJ,SMCA,small_airport,Cayana Airstrip,3.8987,-55.5779,360,SA,Suriname,,Awaradam,true,50
14194,AYA,,small_airport,Ayapel Airport,8.3,-75.15,120,SA,Colombia,,Ayapel,true,50
14216,AYW,WASA,small_airport,Ayawasi Airport,-1.1598,132.4641,1560,AS,Indonesia,,Ayawasi,true,50
14237,AZH,,small_airport,Azamgarh Airport,26.1533,83.1183,250,AS,India,,Azamgarh,true,50
15298,BSY,HCMD,small_airport,Baardheere Airport,2.3302,42.3118,396,AF,Somalia,,Baardheere,true,50
15210,BQI,,small_airport,Bagani Airport,-18.1185,21.6233,3314,AF,Namibia,,Bagani,true,50
14853,BGL,VNBL,small_airport,Baglung Airport,28.2128,83.6663,3320,AS,Nepal,,Baglung,true,50
42059,WGB,,small_airport,Bahawalnagar Airport,29.9463,73.2491,500,AS,Pakistan,,Bahawalnagar,true,50
14878,BHA,SESV,small_airport,Los Perales Airport,-0.6081,-80.4027,10,SA,Ecuador,,Bahía de Caraquez,true,50
14806,BFA,SGBN,small_airport,Bahía Negra Airport,-20.2308,-58.1705,277,SA,Paraguay,,Bahía Negra,true,50
14883,BHF,SKCP,small_airport,Cupica Airport,6.6948,-77.4936,0,SA,Colombia,,Bahía Solano,true,50
14966,BJQ,,small_airport,Bahja Airport,19.8731,56.0678,515,AS,Oman,,Bahja,true,50
15007,BKV,,small_airport,Bailing Airport,41.6569,110.3125,4645,AS,China,,Bailingmiao,true,50
23271,HYF,AYHF,small_airport,Hayfields Airport,-3.6984,143.0579,466,OC,Papua New Guinea,,Bainyik,true,50
14933,BIT,VNBT,small_airport,Baitadi Airport,29.4634,80.549,4200,AS,Nepal,,Baitadi,true,50
14957,BJH,VNBG,small_airport,Bajhang Airport,29.539,81.1854,4100,AS,Nepal,,Bajhang,true,50
33687,PZR,,small_airport,Pizarro Airport,4.9616,-77.3639,7,SA,Colombia,,Bajo Baudó,true,50
14970,BJU,VNBR,small_airport,Bajura Airport,29.502,81.669,4300,AS,Nepal,,Bajura,true,50
15063,BMF,FEGM,small_airport,Bakouma Airport,5.694,22.801,1640,AF,Central African Republic,,Bakouma,true,50
14954,BJE,,small_airport,Baleela Airport,11.1994,28.5231,1690,AF,Sudan,,Baleela Base Camp,true,50
15282,BSI,RPLE,small_airport,Balesin Island Airport,14.4186,122.0392,25,AS,Philippines,,Balesin,true,50
15024,BLC,FKKG,small_airport,Bali Airport,5.8953,10.0339,4465,AF,Cameroon,,Bali,true,50
15292,BSS,SNBS,small_airport,Balsas Airport,-7.5253,-46.0534,948,SA,Brazil,,Balsas,true,50
15071,BMN,ORBB,small_airport,Bamarni Airport,37.0988,43.2666,3455,AS,Iraq,,Bamarni,true,50
14686,BBY,FEFM,small_airport,Bambari Airport,5.847,20.6499,1549,AF,Central African Republic,,Bambari,true,50
14713,BCP,AYBC,small_airport,Bambu Airport,-5.8636,146.4925,6790,OC,Papua New Guinea,,Bambu,true,50
15083,BMZ,AYBF,small_airport,Bamu Airport,-7.8485,143.2433,50,OC,Papua New Guinea,,Bamu,true,50
30183,NAF,,small_airport,Banaina Airport,2.7231,117.126,60,AS,Indonesia,,Banaina-Borneo Island,true,50
22527,HDR,OIKP,small_airport,Havadarya Airport,27.1583,56.1725,19,AS,Iran,,Bandar Abbas,true,50
15111,BNR,DFOB,small_airport,Banfora Airport,10.6889,-4.7277,984,AF,Burkina Faso,,Banfora,true,50
14862,BGU,FEFG,small_airport,Bangassou Airport,4.785,22.781,1706,AF,Central African Republic,,Bangassou,true,50
15509,BYT,EIBN,small_airport,Bantry Aerodrome,51.6772,-9.4871,7,EU,Ireland,,Bantry,true,50
15169,BPD,AYBP,small_airport,Bapi Airstrip,-7.7436,147.0206,2930,OC,Papua New Guinea,,Bapi,true,50
40711,VEV,AGBA,small_airport,Barakoma Airport,-7.9128,156.706,0,OC,Solomon Islands,,Barakoma,true,50
15067,BMJ,SYBR,small_airport,Baramita Airport,7.3711,-60.4893,328,SA,Guyana,,Baramita,true,50
15218,BQQ,SNBX,small_airport,Barra Airport,-11.0808,-43.1475,1345,SA,Brazil,,Barra,true,50
14736,BDC,SNBC,small_airport,Barra do Corda Airport,-5.5025,-45.2158,526,SA,Brazil,,Barra do Corda,true,50
14628,BAC,,small_airport,Barranca De Upia Airport,4.5833,-72.9667,670,SA,Colombia,,Barranca De Upia,true,50
30215,NBB,SKBM,small_airport,Barranco Minas Airport,3.4907,-69.8082,430,SA,Colombia,,Barranco Minas,true,50
21300,GFO,SYBT,small_airport,Bartica A Airport,6.3589,-58.6552,3,SA,Guyana,,Bartica,true,50
30625,NMP,,small_airport,New Moon Airport,-19.2,145.773,1099,OC,Australia,,Basalt,true,50
14639,BAN,FZVR,small_airport,Basongo Airport,-4.3158,20.4149,1640,AF,Democratic Republic of the Congo,,Basongo,true,50
15316,BTG,FEGF,small_airport,Batangafo Airport,7.3141,18.3088,1378,AF,Central African Republic,,Batangafo,true,50
32211,OUR,FKKI,small_airport,Batouri Airport,4.475,14.3625,2152,AF,Cameroon,,Batouri,true,50
15171,BPF,AGBT,small_airport,Batuna Aerodrome,-8.562,158.1193,24,OC,Solomon Islands,,Batuna Mission Station,true,50
15393,BVL,,small_airport,Baures Airport,-13.6544,-63.7047,470,SA,Bolivia,,Baures,true,50
41882,WBE,,small_airport,Ankaizina Airport,-14.5443,48.6914,3675,AF,Madagascar,,Bealanana,true,50
41881,WBD,FMNF,small_airport,Avaratra Airport,-15.2,48.483,820,AF,Madagascar,,Befandriana,true,50
32230,OVA,FMSL,small_airport,Bekily Airport,-24.2357,45.3045,1270,AF,Madagascar,,Bekily,true,50
15501,BYL,,small_airport,Bella Yella Airport,7.3692,-9.9937,690,AF,Liberia,,Beliyela,true,50
15367,BUV,SUBU,small_airport,Placeres Airport,-30.3198,-57.5588,252,SA,Uruguay,,Bella Union,true,50
15037,BLP,,small_airport,Huallaga Airport,-7.0606,-76.5822,980,SA,Peru,,Bellavista,true,50
15394,BVM,,small_airport,Belmonte Airport,-15.8717,-38.8719,10,SA,Brazil,,Belmonte,true,50
15046,BLY,EIBT,small_airport,Belmullet Aerodrome,54.2228,-10.0308,150,EU,Ireland,,Belmullet,true,50
14721,BCX,UWUB,small_airport,Beloretsk Airport,53.9384,58.3401,1827,AS,Russia,,Beloretsk,true,50
15538,BZM,,small_airport,Bemolanga Airport,-17.6925,45.0888,950,AF,Madagascar,,Bemolanga,true,50
36818,SEQ,WIBS,small_airport,Sungai Pakning Bengkalis Airport,1.37,102.14,3,AS,Indonesia,,Bengkalis-Sumatra Island,true,50
15289,BSP,AYBH,small_airport,Bensbach Airport,-8.8581,141.2594,30,OC,Papua New Guinea,,Bensbach,true,50
33598,PXA,WIPY,small_airport,Atung Bungsu Airport,-4.0225,103.3792,40,AS,Indonesia,,Bentayan,true,50
41892,WBO,FMSB,small_airport,Antsoa Airport,-21.607,45.136,820,AF,Madagascar,,Beroroha,true,50
15310,BTA,FKKO,small_airport,Bertoua Airport,4.5486,13.7261,2133,AF,Cameroon,,Bertoua,true,50
15295,BSV,,small_airport,Besakoa Airport,-15.6725,47.0617,40,AF,Madagascar,,Besakoa,true,50
15006,BKU,FMSV,small_airport,Betioky Airport,-23.733,44.389,919,AF,Madagascar,,Betioky,true,50
15311,BTB,FCOT,small_airport,Betou Airport,3.0576,18.5144,1168,AF,Republic of the Congo,,Betou,true,50
15433,BWP,AYBI,small_airport,Bewani Airport,-3.0217,141.1653,550,OC,Papua New Guinea,,Bewani,true,50
14900,BHW,,small_airport,Bhagatanwala Airport,32.0561,72.9484,600,AS,Pakistan,,Bhagatanwala,true,50
14893,BHP,VNBJ,small_airport,Bhojpur Airport,27.1474,87.0508,4000,AS,Nepal,,Bhojpur,true,50
14880,BHC,,small_airport,Bhurban Heliport,33.961,73.452,5750,AS,Pakistan,,Bhurban,true,50
14626,BAA,AYBL,small_airport,Bialla Airport,-5.3306,151.008,51,OC,Papua New Guinea,,"Bialla, Matalilu, Ewase",true,50
15176,BPK,AYBQ,small_airport,Biangabip Airport,-5.5264,141.7446,1069,OC,Papua New Guinea,,Biangabip,true,50
15253,BRP,AYBR,small_airport,Biaru Airport,-7.6693,146.7594,4900,OC,Papua New Guinea,,Biaru,true,50
14723,BCZ,,small_airport,Milyakburra Airport,-13.7808,136.2017,85,OC,Australia,,Bickerton Island,true,50
45063,YRR,,small_airport,Stuart Island Airstrip,50.4094,-125.1316,360,NA,Canada,,Big Bay,true,50
43337,XFT,KBPD,small_airport,Big Pine Sands STOLGround,24.7237,-81.3879,0,NA,United States,,"Big Pine Key, Florida",true,50
45777,ZBL,,small_airport,Biloela Airport,-24.3208,150.5096,643,OC,Australia,,Biloela,true,50
43187,XBN,AYBZ,small_airport,Biniguni Airport,-9.6425,149.3039,215,OC,Papua New Guinea,,Biniguni,true,50
15983,CBZ,,small_airport,Binzhou Dagao General Aviation Airport,37.6106,117.8857,25,AS,China,,Binzhou,true,50
24324,IRO,FEFI,small_airport,Birao Airport,10.2364,22.7169,1696,AF,Central African Republic,,Birao,true,50
16467,CPF,WARC,small_airport,Ngloram Airport,-7.1955,111.5453,131,AS,Indonesia,,Blora,true,50
15115,BNV,,small_airport,Boana Airport,-6.4266,146.8267,2950,OC,Papua New Guinea,,Boana,true,50
15151,BOV,,small_airport,Boang Airport,-3.3834,153.2812,85,OC,Papua New Guinea,,Boang Island,true,50
15106,BNM,AYBD,small_airport,Bodinumu Airport,-9.1078,147.6667,3700,OC,Papua New Guinea,,Bodinumu,true,50
15467,BXN,LTBV,small_airport,Bodrum-Imsık Airport,37.1401,27.6697,202,AS,Turkey,,Bodrum,true,50
43180,XBG,DFEB,small_airport,Bogande Airport,12.983,-0.167,984,AF,Burkina Faso,,Bogande,true,50
14849,BGH,GQNE,small_airport,Abbaye Airport,16.6333,-14.2,66,AF,Mauritania,,Boghe,true,50
14860,BGS,,small_airport,Boguchany Airport,58.3806,97.4723,446,AS,Russia,,Boguchany,true,50
14995,BKJ,GUOK,small_airport,Boké Baralande Airport,10.9658,-14.2811,164,AF,Guinea,,Boké,true,50
15003,BKR,FTTK,small_airport,Bokoro Airport,12.3855,17.071,984,AF,Chad,,Bokoro,true,50
40597,VBP,VYBP,small_airport,Bokpyinn Airport,11.1494,98.7359,100,AS,Myanmar,,Bokpyinn,true,50
32160,OTC,FTTL,small_airport,Bol-Berim Airport,13.4436,14.7393,955,AF,Chad,,Bol,true,50
15065,BMH,AYBO,small_airport,Bomai Airport,-6.3732,144.637,3300,OC,Papua New Guinea,,Bomai,true,50
14744,BDK,DIBU,small_airport,Soko Airport,8.0172,-2.7619,1247,AF,Côte d'Ivoire,,Bondoukou,true,50
13873,APD,,small_airport,Arung Palakka Airport,-4.4596,120.3104,130,AS,Indonesia,,Bone,true,50
31707,OGR,FTTB,small_airport,Bongor Airport,10.2883,15.3796,1076,AF,Chad,,Bongor,true,50
39587,UJN,RKTL,small_airport,Uljin Airport,36.777,129.4619,191,AS,South Korea,,"Bongsan-ri, Uljin",true,50
14843,BGB,FOGB,small_airport,Booue Airport,-0.1075,11.9438,604,AF,Gabon,,Booue,true,50
15463,BXJ,UAAR,small_airport,Boralday Airport,43.3521,76.883,2313,AS,Kazakhstan,,Boralday,true,50
15166,BPA,,small_airport,Borongan Airport,11.6743,125.4793,7,AS,Philippines,,Borongan City,true,50
15287,BSN,FEFS,small_airport,Bossangoa Airport,6.492,17.429,1637,AF,Central African Republic,,Bossangoa,true,50
15296,BSW,,small_airport,Boswell Bay Airport,60.4231,-146.146,230,NA,United States,,Boswell Bay,true,50
15145,BOP,FEFO,small_airport,Bouar Airport,5.958,15.637,3360,AF,Central African Republic,,Bouar,true,50
14703,BCF,FEGU,small_airport,Bouca Airport,6.517,18.267,1532,AF,Central African Republic,,Bouca,true,50
43188,XBO,DFEA,small_airport,Boulsa Airport,12.65,-0.567,984,AF,Burkina Faso,,Boulsa,true,50
15216,BQO,DIBN,small_airport,Bouna Airport,9.2556,-3.0333,1148,AF,Côte d'Ivoire,,Bouna,true,50
15462,BXI,DIBI,small_airport,Boundiali Airport,9.5406,-6.4698,1286,AF,Côte d'Ivoire,,Boundiali,true,50
15134,BOE,FCOB,small_airport,Boundji Airport,-1.031,15.336,1247,AF,Republic of the Congo,,Boundji,true,50
32213,OUT,FTTS,small_airport,Bousso Airport,10.483,16.717,1099,AF,Chad,,Bousso,true,50
32169,OTL,GQNB,small_airport,Boutilimit Airport,17.5283,-14.7141,121,AF,Mauritania,,Boutilimit,true,50
13877,APH,KAPH,small_airport,Mary Walker LZ Airport,38.0686,-77.3193,220,NA,United States,,Bowling Green,true,50
15430,BWM,,small_airport,Bowman Regional Airport,46.1655,-103.3007,2965,NA,United States,,Bowman,true,50
15535,BZJ,ZSBO,small_airport,Bozhou Airport (under construction),33.5608,115.9119,0,AS,China,,Bozhou,true,50
15155,BOZ,FEGZ,small_airport,Bozoum Airport,6.3442,16.3219,2215,AF,Central African Republic,,Bozoum,true,50
14739,BDF,,small_airport,Rinkenberger Restricted Landing Area,41.2309,-89.6157,808,NA,United States,,Bradford,true,50
15245,BRH,,small_airport,Brahman Airstrip,-5.741,145.3785,440,OC,Papua New Guinea,,Brahman Mission,true,50
20248,FMG,,small_airport,Flamingo Airport,10.4186,-85.7827,270,NA,Costa Rica,,Brasilito,true,50
15545,BZT,,small_airport,Eagle Air Park,28.9822,-95.5797,15,NA,United States,,Brazoria,true,50
14935,BIV,FEFR,small_airport,Bria Airport,6.5278,21.9894,1975,AF,Central African Republic,,Bria,true,50
15076,BMS,SSXH,small_airport,Sócrates Mariani Bittencourt Airport,-14.2554,-41.8175,1673,SA,Brazil,,Brumado,true,50
15206,BQE,GGBU,small_airport,Bubaque Airport,11.2974,-15.8381,0,AF,Guinea-Bissau,,Bubaque,true,50
39335,UCN,GLBU,small_airport,Buchanan Airport,5.9055,-10.0583,41,AF,Liberia,,Buchanan,true,50
39294,UBI,AYUI,small_airport,Buin Airport,-6.7292,155.6833,230,OC,Papua New Guinea,,Buin,true,50
28038,LMU,WIDL,small_airport,Letung Airport,2.9645,105.7548,33,AS,Indonesia,,Bukit Padi,true,50
22458,HBU,ZMBS,small_airport,Bulgan Sum Airport,46.1006,91.5842,3921,AS,Mongolia,,Bulgan,true,50
39938,UTE,FABU,small_airport,Bultfontein Airport,-28.2734,26.1358,4400,AF,South Africa,,Bultfontein,true,50
15059,BMB,FZFU,small_airport,Bumba Airport,2.1833,22.4796,0,AF,Democratic Republic of the Congo,,Bumba,true,50
15113,BNT,AYDI,small_airport,Bundi Airport,-5.7422,145.2275,4400,OC,Papua New Guinea,,Bundi,true,50
15479,BXZ,AYNS,small_airport,Bunsil Airport,-5.7243,147.8667,201,OC,Papua New Guinea,,Bunsil - Umboi Island,true,50
35795,RMB,OOBR,small_airport,Buraimi Airport,24.2416,55.7837,970,AS,Oman,,Buraimi,true,50
15347,BUB,KBUB,small_airport,Cram Field,41.7767,-99.1497,2182,NA,United States,,Burwell,true,50
15326,BTQ,HRYI,small_airport,Butare Airport,-2.5958,29.7367,5801,AF,Rwanda,,Butare,true,50
36086,RUE,,small_airport,Rughenda Airfield,0.1171,29.313,5757,AF,Democratic Republic of the Congo,,Butembo,true,50
32806,PBA,,small_airport,Fábio Perini Airport,-13.5648,-38.94,20,SA,Brazil,,Cairu,true,50
16686,CVI,,small_airport,Caleta Olivia Airport,-46.3743,-67.5941,37,SA,Argentina,,Caleta Olivia,true,50
16043,CDN,KCDN,small_airport,Woodward Field,34.2836,-80.5649,302,NA,United States,,Camden,true,50
16373,CMT,,small_airport,New Cametá Airport,-2.2468,-49.56,60,SA,Brazil,,Cametá,true,50
15934,CAM,SLCA,small_airport,Camiri Airport,-20.0066,-63.5278,2614,SA,Bolivia,,Camiri,true,50
16729,CWP,,small_airport,Campbellpore Airport,33.7667,72.3669,1175,AS,Pakistan,,Campbellpore,true,50
23031,HRR,,small_airport,Herrera Airport,3.2167,-75.85,5740,SA,Colombia,,Campiña,true,50
16390,CNA,MMCA,small_airport,Cananea National Airport,31.0662,-110.0979,4921,NA,Mexico,,Cananea,true,50
16572,CSC,MRMJ,small_airport,Mojica Airport,10.4307,-85.1746,87,NA,Costa Rica,,Cañas,true,50
16411,CNV,SNED,small_airport,Sócrates Rezende Airport,-15.667,-38.9547,19,SA,Brazil,,Canavieiras,true,50
16763,CXN,HCMC,small_airport,Candala Airport,11.4956,49.9098,30,AF,Somalia,,Candala,true,50
16249,CJD,,small_airport,Candilejas Airport,2.0667,-74.5833,1000,SA,Colombia,,Candilejas,true,50
16041,CDL,,small_airport,Candle 2 Airport,65.9077,-161.926,15,NA,United States,,Candle,true,50
16415,CNZ,,small_airport,Cangamba Airport,-13.7106,19.8611,3894,AF,Angola,,Cangamba,true,50
15982,CBY,,small_airport,Canobie Airport,-19.4794,140.927,0,OC,Australia,,Canobie,true,50
16616,CTK,,small_airport,Canton Municipal Airport,43.3088,-96.5712,1290,NA,United States,,Canton,true,50
26773,KNP,FNCP,small_airport,Kapanda Airport,-9.7694,15.4553,3366,AF,Angola,,Capanda,true,50
16140,CGC,AYCG,small_airport,Cape Gloucester Airport,-5.4552,148.4223,78,OC,Papua New Guinea,,Cape Gloucester,true,50
16475,CPN,,small_airport,Cape Rodney Airport,-10.1798,148.379,22,OC,Papua New Guinea,,Cape Rodney,true,50
16517,CQT,,small_airport,Caquetania Airport,2.0333,-74.2167,900,SA,Colombia,,Caquetania,true,50
23784,ICO,,small_airport,Sicogon Airstrip,11.4595,123.2506,25,AS,Philippines,,Carles,true,50
16366,CMM,MGCR,small_airport,Carmelita Airport,17.4612,-90.0537,753,NA,Guatemala,,Carmelita,true,50
16468,CPG,,small_airport,Carmen de Patagones Airport,-40.7781,-62.9803,131,SA,Argentina,,Carmen de Patagones,true,50
16539,CRF,FEFC,small_airport,Carnot Airport,4.937,15.894,1985,AF,Central African Republic,,Carnot,true,50
16117,CFP,,small_airport,Carpentaria Downs Airport,-18.7185,144.313,1585,OC,Australia,,Carpentaria Downs,true,50
16610,CTE,,small_airport,Cartí Airport,9.4529,-78.9789,6,NA,Panama,,Cartí Islands,true,50
16656,CUO,SKCR,small_airport,Carurú Airport,1.0138,-71.2973,820,SA,Colombia,,Carurú,true,50
16621,CTP,,small_airport,Carutapera Airport,-1.2254,-46.0191,85,SA,Brazil,,Carutapera,true,50
16663,CUV,SVCG,small_airport,Casigua El Cubo Airport,8.7581,-72.5363,99,SA,Venezuela,,Casigua El Cubo,true,50
17730,DOI,AYDO,small_airport,Doini Airport,-10.7009,150.7218,31,OC,Papua New Guinea,,Castori Islets,true,50
16587,CSR,,small_airport,Casuarito Airport,5.8333,-68.1333,245,SA,Colombia,,Casuarito,true,50
16033,CDD,,small_airport,Cauquira Airport,15.3167,-83.5917,21,NA,Honduras,,Cauquira,true,50
15943,CAV,FNCZ,small_airport,Cazombo Airport,-11.8931,22.9162,3700,AF,Angola,,Cazombo,true,50
16551,CRR,SANW,small_airport,Ceres Airport,-29.8723,-61.9279,285,SA,Argentina,,Ceres,true,50
37091,SMB,SCSB,small_airport,Franco Bianco Airport,-52.7367,-69.3336,104,SA,Chile,,Cerro Sombrero,true,50
35522,REQ,,small_airport,Reko Diq Airport,29.0469,62.1968,2784,AS,Pakistan,,Chagai,true,50
41931,WCR,PALR,small_airport,Chandalar Lake Airport,67.5045,-148.483,1920,NA,United States,,Chandalar Lake,true,50
16473,CPL,SKHA,small_airport,General Navas Pardo Airport,3.7243,-75.4658,2730,SA,Colombia,,Chaparral,true,50
16839,CZR,,small_airport,Chara Airport,56.9144,118.2701,2201,AS,Russia,,Chara,true,50
16409,CNT,,small_airport,Charata Airport,-27.2164,-61.2103,318,SA,Argentina,,Charata,true,50
21792,GTC,HTGE,small_airport,Chato/Geita Airport,-2.7423,31.7068,3898,AF,Tanzania,,Chato District,true,50
13490,AEQ,,small_airport,Ar Horqin Airport,43.9084,120.151,1335,AS,China,,Chifeng,true,50
23928,IGO,SKIG,small_airport,Jaime Ortiz Betancourt Airport,7.6776,-76.6832,110,SA,Colombia,,Chigorodó,true,50
16836,CZO,,small_airport,Chistochina Airport,62.5635,-144.669,1850,NA,United States,,Chistochina,true,50
16724,CWK,,small_airport,Chitrakoot Airport,25.1677,80.9358,1050,AS,India,,Chitrakoot,true,50
24468,IVO,,small_airport,Chivolo Airport,10.0167,-74.6833,560,SA,Colombia,,Chivolo,true,50
38188,TGS,,small_airport,Chokwé Airport,-24.5206,32.9653,0,AF,Mozambique,,Chokwé,true,50
44650,YGA,,small_airport,Yongchuan Da'an General Airport,29.3567,106.0104,1131,AS,China,,Chongqing,true,50
22924,HOS,SAHC,small_airport,Chos Malal Airport,-37.4447,-70.2225,2788,SA,Argentina,,Chos Malal,true,50
16161,CGX,FLCU,small_airport,Chunga Airstrip,-15.054,25.9857,3632,AF,Zambia,,Chunga,true,50
16679,CVB,AYCB,small_airport,Chungribu Airport,-4.8066,144.715,108,OC,Papua New Guinea,,Chungribu,true,50
21329,GGH,SSCT,small_airport,Engenheiro Gastão de Mesquita Filho Airport,-23.6916,-52.6421,1837,SA,Brazil,,Cianorte,true,50
16222,CIM,SKCM,small_airport,Cimitarra Airport,6.3675,-73.9707,740,SA,Colombia,,Cimitarra,true,50
16189,CHP,,small_airport,Circle Hot Springs Airport,65.4855,-144.611,956,NA,United States,,Circle Hot Springs,true,50
36861,SFX,,small_airport,Macagua Airport,8.2788,-62.6652,231,SA,Venezuela,,Ciudad Guayana,true,50
29316,MMC,MMDM,small_airport,Ciudad Mante Los Huastecas National Airport,22.739,-99.0185,341,NA,Mexico,,Ciudad Mante,true,50
16109,CFH,,small_airport,Clifton Hills Airport,-27.0183,138.892,105,OC,Australia,,Clifton Hills,true,50
16341,CLX,SATC,small_airport,Aeródromo de Clorinda,-25.3036,-57.7344,206,SA,Argentina,,Clorinda,true,50
16611,CTF,MGCT,small_airport,Coatepeque Airport,14.6942,-91.8825,1486,NA,Guatemala,,Coatepeque,true,50
13416,ACO,,small_airport,Cóbano Airport,9.6934,-85.0912,502,NA,Costa Rica,,Cóbano,true,50
18126,DZI,,small_airport,Las Flores Airport,10.0966,-73.2337,399,SA,Colombia,,Codazzi,true,50
38696,TUW,,small_airport,Tubualá Airport,8.9186,-77.7092,20,NA,Panama,,Coetupo,true,50
26379,KCR,,small_airport,Colorado Creek Airport,63.5712,-156.0067,860,NA,United States,,Colorado Creek,true,50
16660,CUS,,small_airport,Columbus Airport,31.8239,-107.6299,4024,NA,United States,,Columbus,true,50
16081,CEP,SLCP,small_airport,Concepción Airport,-16.1427,-62.0266,1620,SA,Bolivia,,Concepción,true,50
16002,CCI,SSCK,small_airport,Olavo Cecco Rigon Airport,-27.1805,-52.0518,2461,SA,Brazil,,Concórdia,true,50
16432,COG,SKCD,small_airport,Mandinga Airport,5.072,-76.6764,213,SA,Colombia,,Condoto,true,50
16433,COH,VECO,small_airport,Cooch Behar Airport,26.3305,89.4672,138,AS,India,,Cooch Behar,true,50
16450,COY,YCWY,small_airport,Coolawanyah Airport,-21.7946,117.755,1195,OC,Australia,,Coolawanyah Station,true,50
16427,COB,,small_airport,Coolibah Airport,-15.5483,130.962,0,OC,Australia,,Coolibah,true,50
25390,JLA,,small_airport,Quartz Creek Airport,60.4842,-149.7229,450,NA,United States,,Cooper Landing,true,50
16543,CRJ,,small_airport,Coorabie Airport,-31.8944,132.296,0,OC,Australia,,Coorabie,true,50
36106,RUY,,small_airport,Rioamarillo Airport,14.9149,-89.0078,2336,NA,Honduras,,Copán Ruinas,true,50
16448,COW,,small_airport,Tambillos Airport,-30.1989,-71.2469,656,SA,Chile,,Coquimbo,true,50
31593,ODL,YCOD,small_airport,Cordillo Downs Airport,-26.7453,140.638,125,OC,Australia,,Cordillo Downs,true,50
16375,CMV,NZCX,small_airport,Coromandel Airport,-36.7917,175.509,10,OC,New Zealand,,Coromandel,true,50
16595,CSZ,SAZC,small_airport,Brigadier D.H.E. Ruiz Airport,-37.4461,-61.8893,767,SA,Argentina,,Coronel Suarez,true,50
38077,TDP,SPDR,small_airport,Trompeteros Airport,-3.806,-75.0393,427,SA,Peru,,Corrientes,true,50
16516,CQS,SWCQ,small_airport,Costa Marques Airport,-12.4211,-64.2516,623,SA,Brazil,,Costa Marques,true,50
16451,COZ,MDCZ,small_airport,Constanza - Expedición 14 de Junio National Airport,18.9075,-70.7219,3952,NA,Dominican Republic,,Costanza,true,50
32177,OTT,,small_airport,Andre Maggi Airport,-9.8986,-58.5819,900,SA,Brazil,,Cotriguaçu,true,50
16221,CIL,,small_airport,Council Airport,64.8979,-163.703,85,NA,United States,,Council,true,50
16797,CYL,MHCS,small_airport,Coyoles Airport,15.4456,-86.6753,492,NA,Honduras,,Coyoles,true,50
16044,CDO,FACD,small_airport,Cradock Airport,-32.1567,25.6456,3110,AF,South Africa,,Cradock,true,50
16299,CKR,,small_airport,Crane Island Airstrip,48.5978,-122.9979,108,NA,United States,,Crane Island,true,50
25084,JCS,,small_airport,Crateús Airport,-5.2114,-40.7042,1043,SA,Brazil,,Crateús,true,50
35383,RAV,SKCN,small_airport,Cravo Norte Airport,6.3164,-70.2114,341,SA,Colombia,,Cravo Norte,true,50
16573,CSD,,small_airport,Cresswell Downs Airport,-17.948,135.916,0,OC,Australia,,Cresswell Downs,true,50
23820,IDO,SWIY,small_airport,Santa Izabel do Morro Airport,-11.5723,-50.6662,647,SA,Brazil,,Cristalândia,true,50
16823,CZB,,small_airport,Carlos Ruhl Airport,-28.6579,-53.6101,1542,SA,Brazil,,Cruz Alta,true,50
16614,CTI,FNCV,small_airport,Cuito Cuanavale Airport,-15.1603,19.1561,0,AF,Angola,,Cuito Cuanavale,true,50
16651,CUJ,,small_airport,Culion Airport,11.8553,119.9378,155,AS,Philippines,,Culion,true,50
41917,WCD,,small_airport,Carosue Dam Airport,-30.1736,122.3222,1306,OC,Australia,,Cundeelee,true,50
34153,QCP,,small_airport,Currais Novos Airport,-6.2808,-36.5403,1148,SA,Brazil,,Currais Novos,true,50
16650,CUI,,small_airport,Currillo Airport,4.6667,-72,495,SA,Colombia,,Currillo,true,50
16482,CPU,,small_airport,Cururupu Airport,-1.82,-44.8641,39,SA,Brazil,,Cururupu,true,50
17447,DGN,KNDY,small_airport,Dahlgren Naval Surface Warfare Center Airport,38.3325,-77.0372,18,NA,United States,,Dahlgren,true,50
17228,DAK,HEDK,small_airport,Dakhla Oasis Airport,25.4112,29.0033,551,AF,Egypt,,Dakhla Oases,true,50
17377,DEP,VEDZ,small_airport,Daporijo Airport,27.9855,94.2228,750,AS,India,,Daporijo,true,50
17233,DAP,VNDL,small_airport,Darchula Airport,29.6686,80.5482,2132,AS,Nepal,,Darchula,true,50
17451,DGR,NZDA,small_airport,Dargaville Aerodrome,-35.9393,173.8929,6,OC,New Zealand,,Dargaville,true,50
17225,DAH,,small_airport,Dathina Airport,13.8669,46.1335,-2,AS,Yemen,,Dathina,true,50
18138,DZU,ZUDZ,small_airport,Dazu Air Base,29.6362,105.7736,1220,AS,China,,Dazu,true,50
17269,DBP,AYDB,small_airport,Debepare Airport,-6.3086,141.9056,360,OC,Papua New Guinea,,Debepare,true,50
17266,DBM,HADM,small_airport,Debre Markos Airport,10.3215,37.7419,8136,AF,Ethiopia,,Debre Markos,true,50
17273,DBT,HADT,small_airport,Debre Tabor Airport,11.8848,38.0092,8490,AF,Ethiopia,,Debre Tabor,true,50
17454,DGU,DFOD,small_airport,Dedougou Airport,12.459,-3.49,984,AF,Burkina Faso,,Dedougou,true,50
27676,LCS,,small_airport,Longchuan Guangsong Airport,24.2665,97.9048,3297,AS,China,,Dehong (Longchuan),true,50
29087,MFZ,AYES,small_airport,Meselia Airport,-6.1364,149.1183,180,OC,Papua New Guinea,,Demgulu,true,50
26440,KEG,AYLG,small_airport,Keglsugl Airport,-5.8328,145.0972,8400,OC,Papua New Guinea,,Denglagu Mission,true,50
17370,DEI,FSSD,small_airport,Denis Island Airport,-3.8021,55.6674,10,AF,Seychelles,,Denis Island,true,50
17379,DER,AYDE,small_airport,Derim Airport,-6.1447,147.1072,4850,OC,Papua New Guinea,,Derim,true,50
17910,DTI,SNDT,small_airport,Diamantina Airport,-18.232,-43.6504,4446,SA,Brazil,,Diamantina,true,50
17669,DMT,SWDM,small_airport,Diamantino Airport,-14.3769,-56.4004,1539,SA,Brazil,,Diamantino,true,50
17700,DNO,SWDN,small_airport,Dianópolis Airport,-11.5954,-46.8467,2415,SA,Brazil,,Dianópolis,true,50
17521,DIP,DFED,small_airport,Diapaga Airport,12.0603,1.7846,951,AF,Burkina Faso,,Diapaga,true,50
15491,BYB,,small_airport,Dibba Airport,25.6142,56.2444,45,AS,Oman,,Dibba al Baya,true,50
43250,XDE,DFOU,small_airport,Diebougou Airport,10.95,-3.25,984,AF,Burkina Faso,,Diebougou,true,50
17872,DSG,,small_airport,Dilasag Airport,16.4458,122.2068,60,AS,Philippines,,Dilasag,true,50
17625,DLL,KDLC,small_airport,Dillon County Airport,34.4491,-79.3686,133,NA,United States,,Dillon,true,50
17518,DIM,DIDK,small_airport,Dimbokro Airport,6.6517,-4.6406,344,AF,Côte d'Ivoire,,Dimbokro,true,50
17706,DNU,AYDN,small_airport,Dinangat Airport,-6.1546,146.6772,5309,OC,Papua New Guinea,,Dinangat,true,50
17709,DNX,HSGG,small_airport,Galegu Airport,12.533,35.067,1640,AF,Sudan,,Dinder,true,50
17832,DRC,,small_airport,Dirico Airport,-17.9819,20.7681,3504,AF,Angola,,Dirico,true,50
17554,DJM,FCBD,small_airport,Djambala Airport,-2.5169,14.7544,2595,AF,Republic of the Congo,,Djambala,true,50
43255,XDJ,DFCJ,small_airport,Djibo Airport,14.125,-1.6247,1001,AF,Burkina Faso,,Djibo,true,50
17542,DJA,DBBD,small_airport,Djougou Airport,9.6921,1.6378,1480,AF,Benin,,Djougou,true,50
17722,DOA,,small_airport,Doany Airport,-14.3681,49.5108,0,AF,Madagascar,,Doany,true,50
17723,DOB,WAPD,small_airport,Rar Gwamar Airport,-5.7737,134.2092,61,AS,Indonesia,,Dobo-Warmar Island,true,50
17739,DOR,DFEE,small_airport,Dori Airport,14.0216,-0.0682,925,AF,Burkina Faso,,Dori,true,50
17736,DOO,AYDR,small_airport,Dorobisoro Airport,-9.4619,147.9209,1767,OC,Papua New Guinea,,Dorobisoro,true,50
17833,DRD,YDOR,small_airport,Dorunda Airport,-16.5537,141.8238,58,OC,Australia,,Dorunda Outstation,true,50
17735,DON,,small_airport,Dos Lagunas Airport,17.6124,-89.6884,1057,NA,Guatemala,,Dos Lagunas,true,50
17854,DRY,YDRD,small_airport,Drysdale River Airport,-15.7136,126.3811,360,OC,Australia,,Drysdale River,true,50
17692,DNG,,small_airport,Doongan Airport,-15.3864,126.3022,0,OC,Australia,,Drysdale River,true,50
38075,TDN,YTHD,small_airport,Theda Station Airport,-14.7906,126.498,700,OC,Australia,,Drysdale River,true,50
17868,DSC,FKKS,small_airport,Dschang Airport,5.45,10.067,4593,AF,Cameroon,,Dschang,true,50
17624,DLK,YDLK,small_airport,Dulkaninna Airport,-29.0133,138.481,0,OC,Australia,,Dulkaninna,true,50
25471,JNJ,,small_airport,Ja'Aluni Airport,19.4749,57.3083,560,AS,Oman,,Duqm,true,50
18563,EBN,,small_airport,Ebadon Airport,9.3306,166.82,0,OC,Marshall Islands,,Ebadon Island,true,50
18572,EBW,FKKW,small_airport,Ebolowa Airport,2.876,11.185,1975,AF,Cameroon,,Ebolowa,true,50
18564,EBO,,small_airport,Ebon Airport,4.5982,168.752,8,OC,Marshall Islands,,Ebon Atoll,true,50
18700,EFG,AYEF,small_airport,Efogi Airport,-9.1538,147.6598,3900,OC,Papua New Guinea,,Efogi,true,50
29458,MQA,YMDI,small_airport,Mandora Airport,-19.738,120.8382,30,OC,Australia,,Eighty Mile Beach,true,50
42238,WLA,YWAL,small_airport,Wallal Downs Airport,-19.7736,120.649,33,OC,Australia,,Eighty Mile Beach,true,50
18809,EIH,,small_airport,Einasleigh Airport,-18.5033,144.094,0,OC,Australia,,Einasleigh,true,50
26670,KKU,,small_airport,Ekuk Airport,58.8112,-158.559,30,NA,United States,,Ekuk,true,50
29156,MHW,SLAG,small_airport,Monteagudo Airport,-19.827,-63.961,3674,SA,Bolivia,,El Bañado,true,50
18557,EBH,DAOY,small_airport,El Bayadh Airport,33.7217,1.0925,4493,AF,Algeria,,El Bayadh,true,50
18603,ECR,SKEH,small_airport,El Charco Airport,2.4494,-78.0942,25,SA,Colombia,,El Charco,true,50
13459,ADV,,small_airport,El Daein Airport,11.4023,26.1186,1560,AF,Sudan,,El Daein,true,50
18924,ELO,SATD,small_airport,El Dorado Airport,-26.3975,-54.5747,685,SA,Argentina,,El Dorado,true,50
18600,ECO,,small_airport,El Encanto Airport,-1.7533,-73.2047,420,SA,Colombia,,El Encanto,true,50
18970,EMY,,small_airport,El Minya Airport,28.0905,30.7387,135,AF,Egypt,,El Minya,true,50
18933,ELX,,small_airport,El Tigre Airport,8.8335,-64.2083,837,SA,Venezuela,,El Tigre,true,50
44946,YOI,,small_airport,Opinaca Aerodrome,52.2219,-76.6119,692,NA,Canada,,Éléonore Mine,true,50
29404,MOS,,small_airport,Moses Point Airport,64.6941,-162.0607,14,NA,United States,,Elim,true,50
19073,EPT,AYEL,small_airport,Eliptamin Airport,-5.0412,141.6779,4825,OC,Papua New Guinea,,Eliptamin,true,50
19396,EYS,HKES,small_airport,Eliye Springs Airport,3.2364,35.9749,1395,AF,Kenya,,Eliye Springs,true,50
19142,ERQ,YESE,small_airport,Elrose Airport,-20.9764,141.0066,645,OC,Australia,,Elrose Mine,true,50
18964,EMS,AYEB,small_airport,Embessa Airport,-9.447,148.7628,131,OC,Papua New Guinea,,Embessa,true,50
18960,EMO,AYEO,small_airport,Emo River Airstrip,-9.1234,148.0415,2240,OC,Papua New Guinea,,Emo Mission,true,50
30901,NUD,HSNH,small_airport,En Nahud Airport,12.7355,28.4108,1955,AF,Sudan,,En Nahud,true,50
18983,ENB,YEEB,small_airport,Eneabba Airport,-29.8325,115.246,0,OC,Australia,,Eneabba,true,50
18730,EGA,AYEN,small_airport,Engati Airstrip,-6.9179,146.1053,3715,OC,Papua New Guinea,,Engati,true,50
18988,ENG,,small_airport,Enggano Airport,-5.3056,102.1895,36,AS,Indonesia,,Enggano,true,50
18638,EDQ,,small_airport,Erandique Airport,14.2358,-88.4372,4199,NA,Honduras,,Erandique,true,50
19130,ERE,AYEV,small_airport,Erave Airport,-6.6065,143.9002,3650,OC,Papua New Guinea,,Erave,true,50
19132,ERG,UIKE,small_airport,Yerbogachen Airport,61.275,108.03,400,AS,Russia,,Erbogachen,true,50
19145,ERT,,small_airport,Erdenet Airport,48.9831,104.1506,4200,AS,Mongolia,,Erdenet,true,50
19146,ERU,AYER,small_airport,Erume Airport,-8.2538,146.9747,6690,OC,Papua New Guinea,,Erume,true,50
19162,ESA,,small_airport,Esa'ala Airport,-9.8743,150.9542,10,OC,Papua New Guinea,,Esa'ala,true,50
19201,ETD,YEDA,small_airport,Etadunna Airport,-28.7408,138.589,0,OC,Australia,,Etadunna,true,50
19273,EVD,,small_airport,Eva Downs Airport,-18.001,134.863,0,OC,Australia,,Eva Downs,true,50
19320,EWO,FCOE,small_airport,Ewo Airport,-0.883,14.8,1503,AF,Republic of the Congo,,Ewo,true,50
19812,FAC,NTKF,small_airport,Faaite Airport,-16.6866,-145.3294,7,OC,French Polynesia,,Faaite,true,50
20284,FNG,DFEF,small_airport,Fada N'gourma Airport,12.033,0.35,1011,AF,Burkina Faso,,Fada N'gourma,true,50
19830,FAU,OOFD,small_airport,Fahud Airport,22.3548,56.4841,552,AS,Oman,,Fahud,true,50
39654,ULI,,small_airport,Ulithi Airport,10.0198,139.79,6,OC,Micronesia,,Falalop Island,true,50
37290,SRU,,small_airport,Surbung Airport,22.9392,93.6153,6012,AS,Myanmar,,Falam,true,50
20613,FWL,,small_airport,Farewell Airport,62.5093,-153.8923,1535,NA,United States,,Farewell,true,50
20029,FGD,GQPF,small_airport,Fderik Airport,22.6736,-12.7293,961,AF,Mauritania,,Fderik,true,50
19963,FEJ,SNOU,small_airport,Feijó Airport,-8.1412,-70.3408,551,SA,Brazil,,Feijó,true,50
20438,FRQ,,small_airport,Feramin Airport,-5.208,141.6988,4655,OC,Papua New Guinea,,Feramin,true,50
20218,FLM,SGFI,small_airport,Aeródromo de Filadelfia,-22.3546,-60.0532,423,SA,Paraguay,,Filadelfia,true,50
20285,FNH,HAFN,small_airport,Fincha Airport,9.5844,37.3779,7600,AF,Ethiopia,,Fincha,true,50
20108,FIK,YFNE,small_airport,Finke Airport,-25.5947,134.583,0,OC,Australia,,Finke,true,50
20225,FLT,,small_airport,Flat Airport,62.4526,-157.989,309,NA,United States,,Flat,true,50
20207,FLB,SNQG,small_airport,Cangapara Airport,-6.8464,-43.0773,689,SA,Brazil,,Floriano,true,50
19846,FBA,SWOB,small_airport,Fonte Boa Airport,-2.5326,-66.0832,207,SA,Brazil,,Fonte Boa,true,50
13729,ALD,SPAR,small_airport,Alerta Airport,-11.6502,-69.2296,797,SA,Peru,,Fortaleza,true,50
20469,FSL,,small_airport,Fossil Downs Airport,-18.1321,125.7873,414,OC,Australia,,Fossil Downs Station,true,50
20338,FOY,,small_airport,Foya Airport,8.3513,-10.2269,1480,AF,Liberia,,Foya,true,50
22636,HGS,GFHA,small_airport,Hastings Airport,8.3943,-13.1289,60,AF,Sierra Leone,,Freetown,true,50
19826,FAQ,AYFR,small_airport,Frieda River Airport,-4.6105,141.9601,217,OC,Papua New Guinea,,Frieda River,true,50
20531,FUB,,small_airport,Fulleborn Airport,-6.1518,150.6264,36,OC,Papua New Guinea,,Fulleborn,true,50
20542,FUM,AYFU,small_airport,Fuma Airport,-6.3933,142.4408,466,OC,Papua New Guinea,,Fuma,true,50
19918,FDA,,small_airport,Fundación Airport,10.5333,-74.2,150,SA,Colombia,,Fundación,true,50
20578,FVM,,small_airport,Fuvahmulah Airport,-0.3097,73.435,17,AS,Maldives,,Fuvahmulah Island,true,50
21127,GAV,,small_airport,Gag Island Airport,-0.4006,129.895,1,AS,Indonesia,,Gag Island,true,50
21112,GAG,KGAG,small_airport,Gage Heibeck Airport,36.2955,-99.7764,2223,NA,United States,,Gage,true,50
21335,GGN,DIGA,small_airport,Gagnoa Airport,6.1029,-5.9868,732,AF,Côte d'Ivoire,,Gagnoa,true,50
21149,GBH,PAGB,small_airport,Galbraith Lake Airport,68.4797,-149.49,2663,NA,United States,,Galbraith Lake,true,50
21525,GLX,WAEG,small_airport,Gamarmalamo Airport,1.8381,127.7862,157,AS,Indonesia,,Galela,true,50
21550,GMM,FCOG,small_airport,Gamboma Airport,-1.8294,15.8852,1509,AF,Republic of the Congo,,Gamboma,true,50
21157,GBP,YGAM,small_airport,Gamboola Airport,-16.5441,143.6682,0,OC,Australia,,Gamboola,true,50
25615,JRJ,ZSRJ,small_airport,Ganzhou Ruijin Airport,25.9602,116.077,750,AS,China,,Ganzhou,true,50
43354,XGA,DFOG,small_airport,Gaoua Airport,10.3841,-3.1635,1099,AF,Burkina Faso,,Gaoua,true,50
21123,GAR,AYGI,small_airport,Garaina Airport,-7.8756,147.1413,2497,OC,Papua New Guinea,,Garaina,true,50
21124,GAS,HKGA,small_airport,Garissa Airport,-0.4635,39.6483,475,AF,Kenya,,Garissa,true,50
42150,WIU,AYIX,small_airport,Witu Airport,-4.6895,149.4401,25,OC,Papua New Guinea,,Garove Island,true,50
21756,GSC,YGSC,small_airport,Gascoyne Junction Airport,-25.0546,115.2026,499,OC,Australia,,Gascoyne Junction,true,50
21144,GBC,AYGS,small_airport,Gasuke Airport,-6.1028,141.7393,157,OC,Papua New Guinea,,Gasuke,true,50
21152,GBK,GFGK,small_airport,Gbangbatok Airport,7.8125,-12.3778,75,AF,Sierra Leone,,Gbangbatok,true,50
21251,GEB,WAEJ,small_airport,Gebe Airport,-0.0789,129.458,125,AS,Indonesia,,Gebe Island,true,50
21413,GIT,,small_airport,Mchauru Airport,-2.8137,32.1725,3955,AF,Tanzania,,Geita,true,50
21504,GLC,,small_airport,Geladi Airport,6.9844,46.4214,1383,AF,Ethiopia,,Geladi,true,50
21591,GNR,SAHR,small_airport,Dr. Arturo H. Illia Airport,-39.0007,-67.6205,852,SA,Argentina,,General Roca,true,50
40780,VGS,,small_airport,General Villegas Airport,-34.9957,-62.9997,383,SA,Argentina,,General Villegas,true,50
21272,GEW,AYGC,small_airport,Gewoia Airport,-9.2263,148.4949,340,OC,Papua New Guinea,,Gewoia,true,50
35842,RNM,OOGB,small_airport,Qarn Alam Airport,21.3772,57.0563,443,AS,Oman,,Ghaba,true,50
26523,KGR,,small_airport,Kulgera Airport,-25.8428,133.292,0,OC,Australia,,Ghan,true,50
18625,EDD,,small_airport,Erldunda Airport,-25.2061,133.2542,0,OC,Australia,,Ghan,true,50
23038,HRY,YHBY,small_airport,Henbury Airport,-24.584,133.236,0,OC,Australia,,Ghan,true,50
21587,GNN,HAGH,small_airport,Ghinnir Airport,7.15,40.717,6499,AF,Ethiopia,,Ghinnir,true,50
21163,GBV,YGIB,small_airport,Gibb River Airport,-16.4187,126.4457,509,OC,Australia,,Gibb,true,50
26531,KGZ,,small_airport,Glacier Creek Airport,61.4551,-142.381,2380,NA,United States,,Glacier Creek,true,50
21919,GWV,,small_airport,Glendale Fokker Field,39.9487,-80.7595,648,NA,United States,,Glendale,true,50
21611,GOB,HAGB,small_airport,Robe Airport,7.119,40.0452,7892,AF,Ethiopia,,Goba,true,50
21616,GOG,FYGB,small_airport,Gobabis Airport,-22.5044,18.9731,4731,AF,Namibia,,Gobabis,true,50
21614,GOE,AYGL,small_airport,Gonaili Airport,-5.5277,151.5733,40,OC,Papua New Guinea,,Gonaili,true,50
29228,MJW,FVMH,small_airport,Mahenye Airport,-21.231,32.3336,930,AF,Zimbabwe,,Gonarezhou National Park,true,50
21612,GOC,AYGX,small_airport,Gora Airstrip,-9.0021,148.2364,2497,OC,Papua New Guinea,,Gora,true,50
21217,GDD,YGDN,small_airport,Gordon Downs Airport,-18.6781,128.592,800,OC,Australia,,Gordon Downs,true,50
21473,GKH,VNGK,small_airport,Palungtar Airport,28.0385,84.4664,1500,AS,Nepal,,Gorkha,true,50
43360,XGG,DFEG,small_airport,Gorom-Gorom Airport,14.4542,-0.2186,935,AF,Burkina Faso,,Gorom-Gorom,true,50
21829,GUD,GAGM,small_airport,Goundam Airport,16.3584,-3.6045,866,AF,Mali,,Goundam,true,50
21108,GAC,,small_airport,Celaque Gracias Airport,14.5735,-88.5958,2995,NA,Honduras,,Gracias,true,50
21720,GRC,,small_airport,Grand Cess Airport,4.571,-8.2076,28,AF,Liberia,,Grand Cess,true,50
14683,BBV,DIGN,small_airport,Nero-Mer Airport,4.6434,-6.924,20,AF,Côte d'Ivoire,,Grand-Béréby,true,50
21557,GMT,PAGZ,small_airport,Granite Mountain Air Station,65.4021,-161.281,1313,NA,United States,,Granite Mountain,true,50
21199,GCV,,small_airport,Gravatai Airport,-29.9494,-50.9851,25,SA,Brazil,,Gravatai,true,50
21870,GVI,AYGV,small_airport,Green River Airport,-3.9022,141.1705,281,OC,Papua New Guinea,,Green River,true,50
21290,GFE,,small_airport,Grenfell Airport,-34,148.133,1080,OC,Australia,,Grenfell,true,50
21178,GCA,,small_airport,Guacamayas Airport,2.2833,-74.95,1500,SA,Colombia,,Guacamayas,true,50
21229,GDP,SNGD,small_airport,Guadalupe Airport,-6.7822,-43.5822,564,SA,Brazil,,Guadalupe,true,50
21106,GAA,,small_airport,Guamal Airport,9.15,-74.2333,65,SA,Colombia,,Guamal,true,50
21832,GUG,AYGF,small_airport,Guari Airport,-8.1286,146.8722,6450,OC,Papua New Guinea,,Guari,true,50
28135,LPJ,,small_airport,Armando Schwarck Airport,6.5775,-66.8166,266,SA,Venezuela,,Guayabal,true,50
21336,GGO,DIGL,small_airport,Guiglo Airport,6.5347,-7.5268,722,AF,Côte d'Ivoire,,Guiglo,true,50
21556,GMS,,small_airport,Antônio Guerreiro Airport,-2.1094,-44.6511,245,SA,Brazil,,Guimarães,true,50
21737,GRT,,small_airport,Gujrat Airport,32.6283,74.0673,760,AS,Pakistan,,Gujrat,true,50
21517,GLP,AYUP,small_airport,Gulgubip Airport,-5.2808,141.5411,4900,OC,Papua New Guinea,,Gulgubip,true,50
26922,KRU,AYEA,small_airport,Kerau Airport,-8.2716,147.0719,7360,OC,Papua New Guinea,,Gunim,true,50
21830,GUE,,small_airport,Guriaso (Keraso) Airport,-3.5832,141.5895,400,OC,Papua New Guinea,,Guriaso,true,50
40886,VJQ,,small_airport,Gurue Airport,-15.5062,36.9904,2248,AF,Mozambique,,Gurue,true,50
21898,GWA,VYGW,small_airport,Gwa Airport,17.6,94.5833,10,AS,Myanmar,,Gwa,true,50
30551,NKN,AYNA,small_airport,Nankina Airport,-5.837,146.4533,5800,OC,Papua New Guinea,,Gwarawon,true,50
22441,HBD,AYHB,small_airport,Habi Airport,-6.32,142.4893,993,OC,Papua New Guinea,,Habi,true,50
22560,HEO,,small_airport,Haelogo Airport,-9.1366,147.5984,3217,OC,Papua New Guinea,,Haelogo,true,50
32950,PFA,,small_airport,Harbin Pingfang Airport,45.5989,126.6581,0,AS,China,,Harbin,true,50
44551,YDJ,,small_airport,Hatchet Lake Airport,58.6625,-103.538,1362,NA,Canada,,Hatchet Lake,true,50
23098,HTM,ZMHG,small_airport,Khatgal Airport,50.436,100.1395,5500,AS,Mongolia,,Hatgal,true,50
23111,HTZ,SKHC,small_airport,Hato Corozal Airport,6.1533,-71.762,820,SA,Colombia,,Hato Corozal,true,50
22427,HAZ,,small_airport,Hatzfeldhaven Airport,-4.4033,145.2056,26,OC,Papua New Guinea,,Hatzfeldhaven,true,50
23194,HWA,AYHU,small_airport,Hawabango Airport,-7.393,146.0035,4563,OC,Papua New Guinea,,Hawabango,true,50
30511,NJJ,,small_airport,Nenjiang Melgen Airport,49.2364,125.3371,800,AS,China,,Heihe,true,50
22878,HNI,AYHE,small_airport,Heiweni Airport,-7.4223,146.4276,3480,OC,Papua New Guinea,,Heiweni,true,50
22549,HED,,small_airport,Herendeen Bay Airport,55.8023,-160.9013,20,NA,United States,,Herendeen Bay,true,50
13584,AHC,KAHC,small_airport,Amedee Army Air Field,40.2662,-120.153,4012,NA,United States,,Herlong,true,50
29365,MNP,,small_airport,Maron Island Airport,-1.5504,145.0175,4,OC,Papua New Guinea,,Hermit Islands,true,50
23885,IFH,OIFE,small_airport,Hesa Airport,32.9289,51.5611,5256,AS,Iran,,Hesa,true,50
22696,HIG,YHHY,small_airport,Highbury Airport,-16.4241,143.1453,0,OC,Australia,,Highbury,true,50
22809,HLL,YHIL,small_airport,Hillside Airport,-21.7183,119.4403,935,OC,Australia,,Hillside,true,50
22547,HEB,,small_airport,Hinthada Airport,17.6333,95.4667,32,AS,Myanmar,,Hinthada,true,50
16368,CMO,HCMO,small_airport,Hobyo Airport,5.358,48.5153,65,AF,Somalia,,Hobyo,true,50
22587,HFF,KHFF,small_airport,Mackall Army Air Field,35.0361,-79.4986,376,NA,United States,,Hoffman,true,50
22643,HGZ,,small_airport,Hog River Airport,66.1761,-155.6848,534,NA,United States,,Hogatza,true,50
26727,KMF,AYKD,small_airport,Kamina Airport,-7.6493,145.9569,2157,OC,Papua New Guinea,,Hoieti,true,50
22906,HOA,HKHO,small_airport,Hola Airport,-1.5213,40.0036,195,AF,Kenya,,Hola,true,50
38046,TCU,FATN,small_airport,Thaba Nchu Tar Airport,-29.3178,26.8228,4941,AF,South Africa,,Homeward,true,50
22883,HNN,AYHH,small_airport,Honinabi Airport,-6.2457,142.1771,452,OC,Papua New Guinea,,Honinabi,true,50
25507,JOJ,,small_airport,Doris Lake,68.1253,-106.5853,50,NA,Canada,,Hope Bay,true,50
40162,UZM,,small_airport,Hope Bay Aerodrome,68.156,-106.618,150,NA,Canada,,Hope Bay,true,50
28991,MDB,,small_airport,Melinda Airport,16.9984,-88.3182,101,NA,Belize,,Hope Creek,true,50
22946,HPE,,small_airport,Hope Vale Airport,-15.2923,145.1035,228,OC,Australia,,Hope Vale,true,50
32770,PAA,VYPA,small_airport,Hpa-N Airport,16.8937,97.6746,150,AS,Myanmar,,Hpa-N,true,50
44909,YNH,CYNH,small_airport,Hudson's Hope Airport,56.0351,-121.9783,2220,NA,Canada,,Hudson's Hope,true,50
23132,HUK,,small_airport,Hukuntsi Airport,-23.9897,21.7581,3720,AF,Botswana,,Hukuntsi,true,50
18028,DWS,,small_airport,Morin Dawa Banner Airport,48.3875,124.4313,722,AS,China,,Hulunbuir,true,50
17378,DEQ,,small_airport,Deqing Moganshan Airport,30.5043,120.1074,0,AS,China,,Huzhou,true,50
23709,IAL,,small_airport,Ialibu Airport,-6.2782,143.9944,6736,OC,Papua New Guinea,,Ialibu,true,50
24130,IMA,,small_airport,Iamalele Airport,-9.5107,150.5246,40,OC,Papua New Guinea,,"Iamalele, Fergusson Island",true,50
23748,IBO,FQIB,small_airport,Ibo Airport,-12.3502,40.6023,27,AF,Mozambique,,Ibo,true,50
23742,IBI,,small_airport,Iboki Airport,-5.5536,149.19,13,OC,Papua New Guinea,,Iboki,true,50
23811,IDF,FZCB,small_airport,Idiofa Airport,-4.9706,19.5787,2300,AF,Democratic Republic of the Congo,,Idiofa,true,50
23898,IFU,VREI,small_airport,Ifuru Airport,5.7083,73.025,20,AS,Maldives,,Ifuru Island,true,50
23918,IGE,FOOI,small_airport,Tchongorove Airport,-1.9308,9.3196,48,AF,Gabon,,Iguela,true,50
23770,ICA,SVIC,small_airport,Ikabaru Airport,4.3381,-61.7387,1640,SA,Venezuela,,Ikabarú,true,50
24069,IKL,FZGV,small_airport,Ikela Airport,-1.0481,23.3725,1283,AF,Democratic Republic of the Congo,,Ikela,true,50
24104,ILK,FMMQ,small_airport,Atsinanana Airport,-19.583,48.803,33,AF,Madagascar,,Ilaka,true,50
23714,IAQ,,small_airport,Bahregan Airport,29.8401,50.2727,20,AS,Iran,,Imam Hassan,true,50
24143,IMN,AYII,small_airport,Imane Airport,-6.7524,146.1072,3860,OC,Papua New Guinea,,Imane,true,50
24131,IMB,SYIB,small_airport,Imbaimadai Airport,5.7081,-60.2942,1646,SA,Guyana,,Imbaimadai,true,50
24133,IMD,AYIO,small_airport,Imonda Airport,-3.328,141.1573,990,OC,Papua New Guinea,,Imonda,true,50
24189,INX,WASI,small_airport,Inanwatan Airport,-2.1274,132.1601,9,AS,Indonesia,,Inanwatan,true,50
23819,IDN,AYID,small_airport,Indagen Airport,-6.2266,147.244,5788,OC,Papua New Guinea,,Indagen,true,50
23816,IDK,YIDK,small_airport,Indulkana Airport,-26.9654,133.322,401,OC,Australia,,Indulkana,true,50
23915,IGB,SAVJ,small_airport,Ingeniero Jacobacci - Captain H R Bordón Airport,-41.3209,-69.5749,2925,SA,Argentina,,Ingeniero Jacobacci,true,50
24136,IMG,,small_airport,Inhaminga Airport,-18.41,35.0045,1072,AF,Mozambique,,Inhaminga,true,50
24073,IKP,YIKM,small_airport,Inkerman Airport,-16.2292,141.4346,6,OC,Australia,,Inkerman,true,50
24476,IVW,YINW,small_airport,Inverway Airport,-17.8411,129.643,0,OC,Australia,,Inverway,true,50
24190,INY,,small_airport,Inyati Airport,-24.7777,31.3855,1245,AF,South Africa,,Inyati,true,50
24212,IOK,,small_airport,Iokea Airport,-8.401,146.277,39,OC,Papua New Guinea,,Iokea,true,50
24217,IOP,,small_airport,Ioma Airport,-8.3614,147.84,95,OC,Papua New Guinea,,Ioma,true,50
24258,IPU,SNIU,small_airport,Ipiaú Airport,-14.1735,-39.684,433,SA,Brazil,,Ipiaú,true,50
24242,IPE,RPMV,small_airport,Ipil Airport,7.7849,122.6015,0,AS,Philippines,,Ipil,true,50
24323,IRN,MHIR,small_airport,Iriona Airport,15.9392,-85.1372,8,NA,Honduras,,Iriona,true,50
35775,RLR,,small_airport,Relais de la Reine Airport,-22.6453,45.3239,2713,AF,Madagascar,,Isalo,true,50
24349,ISD,,small_airport,Santa Bárbara Airport,2.4458,-77.9818,10,SA,Colombia,,Iscuandé,true,50
16372,CMS,HCMS,small_airport,Iskushuban Airport,10.3139,50.2056,1121,AF,Somalia,,Iskushuban,true,50
13629,AIL,,small_airport,Ailigandí Airport,9.2226,-78.0236,55,NA,Panama,,Isla Lorenzo Bello,true,50
24395,ITN,,small_airport,Tertuliano Guedes de Pinho Airport,-14.8105,-39.2904,197,SA,Brazil,,Itabuna,true,50
24390,ITI,,small_airport,Fazenda Americana Airport,-18.1476,-41.715,1106,SA,Brazil,,Itambacuri,true,50
24397,ITP,SDUN,small_airport,Itaperuna Airport,-21.2193,-41.8759,410,SA,Brazil,,Itaperuna,true,50
34373,QIT,,small_airport,Itapetinga Airport,-15.2445,-40.2772,915,SA,Brazil,,Itapetinga,true,50
24398,ITQ,SSIQ,small_airport,Itaqui Airport,-29.172,-56.5383,230,SA,Brazil,,Itaqui,true,50
15392,BVK,SLHJ,small_airport,Huacaraje Airport,-13.6056,-63.8794,846,SA,Bolivia,,Itenes,true,50
24392,ITK,,small_airport,Itokama Airport,-9.2015,148.2643,2563,OC,Papua New Guinea,,Itokama,true,50
24386,ITE,SNZW,small_airport,Ituberá Airport,-13.7316,-39.1404,23,SA,Brazil,,Ituberá,true,50
30335,NEN,KNEN,small_airport,Whitehouse Naval Outlying Field,30.3539,-81.8719,99,NA,United States,,Jacksonville,true,50
25078,JCM,SNJB,small_airport,Jacobina Airport,-11.1632,-40.5531,1640,SA,Brazil,,Jacobina,true,50
25011,JAR,OISJ,small_airport,Jahrom Airport,28.5867,53.5791,3358,AS,Iran,,Jahrom,true,50
33319,PPJ,,small_airport,Pulau Panjang Airport,-5.6444,106.5625,155,AS,Indonesia,,Jakarta,true,50
25427,JMB,FNJM,small_airport,Jamba Airport,-14.6982,16.0701,4912,AF,Angola,,Jamba,true,50
25462,JNA,SNJN,small_airport,Januária Airport,-15.4738,-44.3855,1575,SA,Brazil,,Januária,true,50
25148,JEK,,small_airport,Jeki Airport,-15.6334,29.6036,1165,AF,Zambia,,Jeki,true,50
16187,CHN,RKJU,small_airport,Jeonju (G 703) Air Base,35.8783,127.1189,96,AS,South Korea,,Jeonju,true,50
25154,JEQ,SNJK,small_airport,Jequié Airport,-13.8777,-40.0716,646,SA,Brazil,,Jequié,true,50
33635,PYB,VEJP,small_airport,Jeypore Airport,18.8795,82.5525,1952,AS,India,,Jeypore,true,50
25297,JIP,SEJI,small_airport,Jipijapa Airport,-1,-80.6667,223,SA,Ecuador,,Jipijapa,true,50
25299,JIR,VNJI,small_airport,Jiri Airport,27.6263,86.2306,6000,AS,Nepal,,Jiri,true,50
25513,JOP,AYJS,small_airport,Josephstaal Airport,-4.7471,145.0071,250,OC,Papua New Guinea,,Josephstaal,true,50
25282,JIA,SWJN,small_airport,Juína Airport,-11.4194,-58.7017,1083,SA,Brazil,,Juína,true,50
25728,JUO,SKJU,small_airport,Juradó Airport,7.0718,-77.7271,33,SA,Colombia,,Juradó,true,50
25619,JRN,,small_airport,Juruena Airport,-10.3141,-58.4949,525,SA,Brazil,,Juruena,true,50
25733,JUT,MHJU,small_airport,Jutigalpa airport,14.6526,-86.2203,1314,NA,Honduras,,Jutigalpa,true,50
26326,KBA,GFKB,small_airport,Kabala Airport,9.6383,-11.5156,1012,AF,Sierra Leone,,Kabala,true,50
26339,KBN,FZWT,small_airport,Tunta Airport,-6.1208,24.5462,2766,AF,Democratic Republic of the Congo,,Kabinda,true,50
14172,AXO,,small_airport,Pantar Kabir Airport,-8.2448,124.2191,18,AS,Indonesia,,Kabir,true,50
21984,GYO,,small_airport,Blangkejeren Airport,3.9455,97.3597,0,AS,Indonesia,,Kabupaten Gayo Lues,true,50
26690,KLE,FKKH,small_airport,Kaélé Airport,10.0925,14.4456,1276,AF,Cameroon,,Kaélé,true,50
26528,KGW,AYKQ,small_airport,Kagi Airport,-9.1359,147.6694,4200,OC,Papua New Guinea,,Kagi,true,50
13556,AGK,,small_airport,Kagua Airport,-6.3964,143.8536,5350,OC,Papua New Guinea,,Kagua,true,50
26333,KBH,,small_airport,Kahama Airstrip,-3.847,32.6865,0,AF,Tanzania,,Kahama,true,50
26664,KKO,NZKO,small_airport,Kaikohe Airport,-35.4511,173.817,571,OC,New Zealand,,Kaikohe,true,50
27195,KZF,AYKT,small_airport,Kaintiba Airport,-7.5003,146.0338,2050,OC,Papua New Guinea,,Kaintiba,true,50
26811,KOR,AYRO,small_airport,Kakoro(Koroko) Airstrip,-7.8347,146.5335,230,OC,Papua New Guinea,,Kakoro,true,50
26687,KLB,FLKL,small_airport,Kalabo Airport,-14.9988,22.6484,3450,AF,Zambia,,Kalabo,true,50
26660,KKK,,small_airport,Kalakaket Creek AS Airport,64.4166,-156.8204,1598,NA,United States,,Kalakaket Creek,true,50
26710,KLY,FZOD,small_airport,Kinkungwa Airport,-2.578,26.734,1808,AF,Democratic Republic of the Congo,,Kalima,true,50
26696,KLK,HKFG,small_airport,Kalokol Airport,3.4916,35.8368,1245,AF,Kenya,,Kalokol,true,50
26845,KPP,YKPR,small_airport,Kalpowar Airport,-14.89,144.22,90,OC,Australia,,Kalpower,true,50
17599,DKV,YDVR,small_airport,Docker River Airport,-24.8595,129.1222,589,OC,Australia,,Kaltukatjara,true,50
26998,KTY,VCCN,small_airport,Katukurunda Air Force Base,6.5521,79.9775,10,AS,Sri Lanka,,Kalutara,true,50
26302,KAM,OYKM,small_airport,Kamaran Airport,15.3688,42.6125,51,AS,Yemen,,Kamaran,true,50
26416,KDS,,small_airport,Kamaran Downs Airport,-24.3388,139.2785,322,OC,Australia,,Kamaran Downs,true,50
26307,KAR,SYKM,small_airport,Kamarang Airport,5.8653,-60.6142,1601,SA,Guyana,,Kamarang,true,50
26995,KTV,SVKM,small_airport,Kamarata Airport,5.7171,-62.3373,1770,SA,Venezuela,,Kamarata,true,50
26399,KDB,YKBL,small_airport,Kambalda Airport,-31.1907,121.5978,1073,OC,Australia,,Kambalda West,true,50
26414,KDQ,AYTO,small_airport,Kamberatoro Airport,-3.6006,141.0517,1350,OC,Papua New Guinea,,Kamberatoro Mission,true,50
26349,KBX,WASU,small_airport,Kambuaya Airport,-1.3168,132.287,1422,AS,Indonesia,,Kambuaya-Papua Island,true,50
26623,KJJ,,small_airport,Kajjansi Airfield,0.1968,32.553,3743,AF,Uganda,,Kampala,true,50
26306,KAQ,AYKH,small_airport,Kamulai Airport,-8.1507,146.834,5800,OC,Papua New Guinea,,Kamulai Mission,true,50
26365,KCD,WAKM,small_airport,Kamur Airport,-6.1851,138.6372,25,AS,Indonesia,,Kamur,true,50
26377,KCP,,small_airport,Kam'yanets'-Podil's'kyi Airfield,48.6956,26.6095,700,EU,Ukraine,,Kamyan'ka,true,50
26457,KEX,AYNB,small_airport,Kanabea Airport,-7.5389,145.905,4288,OC,Papua New Guinea,,Kanabea,true,50
26762,KNE,AYKJ,small_airport,Kanainj Airport,-5.2903,144.7072,4064,OC,Papua New Guinea,,Kanainj,true,50
26367,KCF,OPKW,small_airport,Thar Airport,27.2032,69.1488,167,AS,Pakistan,,Kandanwari,true,50
26413,KDP,AYNN,small_airport,Kandep Airport,-5.8406,143.5072,7710,OC,Papua New Guinea,,Kandep,true,50
26400,KDC,DBBK,small_airport,Kandi Airport,11.1448,2.9404,951,AF,Benin,,Kandi,true,50
32891,PDN,,small_airport,Parndana Airport,-35.807,137.264,545,OC,Australia,,Kangaroo Island,true,50
26770,KNM,FZTK,small_airport,Kaniama Airport,-7.5993,24.1586,2772,AF,Democratic Republic of the Congo,,Kaniama,true,50
26771,KNN,GXUD,small_airport,Kankan Airport,10.4484,-9.2288,1234,AF,Guinea,,Kankan,true,50
43498,XKA,DFEL,small_airport,Kantchari Airport,12.464,1.4929,879,AF,Burkina Faso,,Kantchari,true,50
26315,KAZ,WAEK,small_airport,Kuabang Airport,1.1886,127.896,40,AS,Indonesia,,Kao,true,50
26747,KMZ,FLKO,small_airport,Kaoma Airport,-14.8,24.783,3670,AF,Zambia,,Kaoma,true,50
26841,KPL,,small_airport,Kapal Airport,-8.6302,142.8238,170,OC,Papua New Guinea,,Kapal,true,50
45164,YUK,UDCK,small_airport,Syunik Airport,39.2023,46.4552,2308,AS,Armenia,,Kapan,true,50
26305,KAP,FZSK,small_airport,Kapanga Airport,-8.3712,22.6475,3025,AF,Democratic Republic of the Congo,,Kapanga,true,50
26838,KPI,WBGP,small_airport,Kapit Airport,2.0105,112.9315,65,AS,Malaysia,,Kapit,true,50
26300,KAK,,small_airport,Kar Airport,-6.2452,143.5516,4965,OC,Papua New Guinea,,Kar,true,50
26925,KRX,AYKR,small_airport,Kar Kar Airport,-4.557,145.9404,130,OC,Papua New Guinea,,Kar Kar Island,true,50
26914,KRM,SYKR,small_airport,Karanambo Airport,3.7526,-59.309,300,SA,Guyana,,Karanambo,true,50
26908,KRG,SYKS,small_airport,Karasabai Airport,4.0301,-59.5475,731,SA,Guyana,,Karasabai,true,50
26308,KAS,FYKB,small_airport,Karasburg Airport,-28.0297,18.7385,3275,AF,Namibia,,Karasburg,true,50
26295,KAF,,small_airport,Karato Airport,-6.2655,155.3052,109,OC,Papua New Guinea,,Karato,true,50
26739,KMR,AYRI,small_airport,Karimui Airport,-6.4921,144.823,3640,OC,Papua New Guinea,,Karimui,true,50
46091,ZKB,FLKY,small_airport,Kasaba Bay Airport,-8.525,30.663,2780,AF,Zambia,,Kasaba Bay,true,50
44562,YDU,,small_airport,Kasba Lake Airport,60.2919,-102.502,1131,NA,Canada,,Kasba Lake,true,50
26436,KEC,FZQG,small_airport,Kasenga Airport,-10.3552,28.6172,3146,AF,Democratic Republic of the Congo,,Kasenga,true,50
26942,KSE,HUKS,small_airport,Kasese Airport,0.183,30.1,3146,AF,Uganda,,Kasese,true,50
26363,KCB,SMTP,small_airport,Tepoe Airstrip,3.15,-55.717,596,SA,Suriname,,Kasikasima,true,50
26519,KGN,,small_airport,Kasongo-Lunda Airport,-6.468,16.805,1699,AF,Democratic Republic of the Congo,,Kasongo-Lunda,true,50
26939,KSB,AYNM,small_airport,Kasonombe Airport,-6.3819,146.9859,5800,OC,Papua New Guinea,,Kasonombe,true,50
26342,KBQ,FWKG,small_airport,Kasungu Airport,-13.0146,33.4686,3470,AF,Malawi,,Kasungu,true,50
26976,KTC,,small_airport,Katiola Airport,8.1329,-5.0649,1026,AF,Côte d'Ivoire,,Katiola,true,50
27138,KXU,NTKT,small_airport,Katiu Airport,-16.3397,-144.408,7,OC,French Polynesia,,Katiu,true,50
26988,KTO,SYKT,small_airport,Kato Airport,4.6492,-59.8322,2299,SA,Guyana,,Kato,true,50
27085,KWD,,small_airport,Kavadja Airport,7.9649,23.526,2395,AF,Central African Republic,,Kavadja,true,50
27063,KVR,,small_airport,Kavalerovo Airport,44.2726,135.029,730,AS,Russia,,Kavalerovo,true,50
26311,KAV,SVKA,small_airport,Kavanayen Airport,5.5931,-61.7633,3900,SA,Venezuela,,Kavanayén,true,50
36102,RUU,,small_airport,Ruti Airport,-5.3344,144.2567,1710,OC,Papua New Guinea,,Kawbenaberi,true,50
43522,XKY,DFCA,small_airport,Kaya Airport,13.0774,-1.1003,984,AF,Burkina Faso,,Kaya,true,50
26450,KEQ,,small_airport,Kebar Airport,-0.8104,133.0549,1878,AS,Indonesia,,Kebar,true,50
26454,KEU,HKKE,small_airport,Keekorok Airport,-1.5863,35.2575,5800,AF,Kenya,,Keekorok,true,50
30802,NRM,GANK,small_airport,Nara Airport,15.2291,-7.262,889,AF,Mali,,Keibane,true,50
27780,LFO,HAKL,small_airport,Kelafo East Airport,5.657,44.35,1730,AF,Ethiopia,,Kelafo,true,50
26438,KEE,FCOK,small_airport,Kelle Airport,-0.0713,14.5066,1526,AF,Republic of the Congo,,Kelle,true,50
17835,DRF,,small_airport,Drift River Airport,60.5889,-152.162,30,NA,United States,,Kenai,true,50
15219,BQR,WAFQ,small_airport,Maulana Prins Mandapar Airstrip,-1.5488,123.5541,200,AS,Indonesia,,Kendek,true,50
26544,KHC,UKFK,small_airport,Kerch Airport,45.3725,36.4014,171,EU,Ukraine,,Kerch,true,50
26458,KEY,HKKR,small_airport,Kericho Airport,-0.3899,35.2421,6446,AF,Kenya,,Kericho,true,50
26434,KEA,UTAE,small_airport,Kerki Airport,37.8221,65.1353,770,AS,Turkmenistan,,Kerki,true,50
26422,KDY,UEMH,small_airport,Typliy Klyuch Airport,62.789,136.855,925,EU,Russia,,Khandyga,true,50
26542,KHA,OITH,small_airport,Khaneh Airport,36.7291,45.1581,4804,AS,Iran,,Khaneh,true,50
39485,UGT,ZMBR,small_airport,Bulagtai Resort Airport,43.7493,104.115,4659,AS,Mongolia,,Khankhongor,true,50
40017,UVL,HEKG,small_airport,El Kharja Airport,25.4715,30.5885,194,AF,Egypt,,Kharja Oases,true,50
21162,GBU,HSKG,small_airport,Khashm El Girba Airport,14.925,35.878,1560,AF,Sudan,,Khashm El Girba,true,50
26566,KHY,OITK,small_airport,Khoy Airport,38.4275,44.9736,3981,AS,Iran,,Khoy,true,50
22745,HJT,ZMHU,small_airport,Khujirt Airport,46.9258,102.773,5522,AS,Mongolia,,Khujirt,true,50
26586,KII,AYLI,small_airport,Kibuli Airstrip,-9.0065,142.6981,54,OC,Papua New Guinea,,Kibuli,true,50
41092,VPG,,small_airport,Vipingo Estate Airport,-3.8084,39.7972,86,AF,Kenya,,Kikambala,true,50
24114,ILU,HKKL,small_airport,Kilaguni Airport,-2.9068,38.0717,2750,AF,Kenya,,Kilaguni,true,50
26589,KIL,,small_airport,Kilwa Airport,-9.2886,28.3269,3120,AF,Democratic Republic of the Congo,,Kilwa,true,50
26602,KIY,HTKI,small_airport,Kilwa Airport,-8.9112,39.5086,50,AF,Tanzania,,Kilwa Masoko,true,50
26329,KBD,YKBS,small_airport,Kimberley Downs Airport,-17.3986,124.3556,196,OC,Australia,,Kimberley Downs,true,50
26923,KRV,,small_airport,Kerio Valley Airport,0.3179,35.6647,4325,AF,Kenya,,Kimwarer,true,50
26767,KNJ,FCBK,small_airport,Kindamba Airport,-3.7498,14.4903,1460,AF,Republic of the Congo,,Kindamba,true,50
26594,KIQ,AYRA,small_airport,Kira Airport,-8.0651,147.332,1700,OC,Papua New Guinea,,Kira,true,50
26327,KBB,,small_airport,Kirkimbie Station Airport,-17.7792,129.21,0,OC,Australia,,Kirkimbie,true,50
26520,KGO,UKKG,small_airport,Kirovograd Airport,48.5428,32.285,568,EU,Ukraine,,Kirovograd,true,50
26944,KSG,,small_airport,Kisengam Airport [CLOSED],-6.362,146.71,3700,OC,Papua New Guinea,,Kisenden,true,50
26946,KSI,GUKU,small_airport,Kissidougou Airport,9.1606,-10.1244,1808,AF,Guinea,,Kissidougou,true,50
27050,KVE,,small_airport,Kitava Airport,-8.6285,151.327,194,OC,Papua New Guinea,,Kitava Island,true,50
44798,YKE,,small_airport,Knee Lake Airport,54.9153,-94.7981,625,NA,Canada,,Knee Lake,true,50
26584,KIG,,small_airport,Koingnaas Airport,-30.1871,17.2827,228,AF,South Africa,,Koingnaas,true,50
32063,OQN,UZKK,small_airport,Kokand Airport,40.4478,70.9911,1357,AS,Uzbekistan,,Kokand,true,50
26817,KOX,,small_airport,Kokonao Airport,-4.7107,136.4351,59,AS,Indonesia,,Kokonao,true,50
26877,KQL,AYOL,small_airport,Kol Airport,-5.7312,144.846,5350,OC,Papua New Guinea,,Kol,true,50
26398,KDA,GODK,small_airport,Kolda Airport,12.8986,-14.9683,121,AF,Senegal,,Kolda,true,50
27014,KUE,AGKU,small_airport,Kukudu Airport,-8.0262,156.9478,32,OC,Solomon Islands,,Kolombangara Island,true,50
26371,KCJ,AYOQ,small_airport,Komaio Airport,-7.2714,143.5952,28,OC,Papua New Guinea,,Komaio,true,50
22908,HOC,AYOK,small_airport,Komako Airport,-7.3984,145.8827,3960,OC,Papua New Guinea,,Komako,true,50
26723,KMB,,small_airport,Koinambe Airport,-5.4875,144.6069,3000,OC,Papua New Guinea,,Konambe,true,50
26656,KKG,SYKZ,small_airport,Konawaruk Airport,5.2684,-58.995,230,SA,Guyana,,Konawaruk,true,50
27121,KXD,USHK,small_airport,Kondinskoye Airport,59.6551,67.43,131,AS,Russia,,Kondinskoye,true,50
26835,KPF,AYDL,small_airport,Kondobol Airport,-8.5336,142.5049,132,OC,Papua New Guinea,,Kondobol,true,50
26507,KGB,AYOE,small_airport,Konge Airport,-6.2239,147.2152,5900,OC,Papua New Guinea,,Konge,true,50
31981,OOD,,small_airport,Koodaideri Mine Airport,-22.5043,119.0768,1473,OC,Australia,,Koodaideri Mine,true,50
26370,KCI,,small_airport,Koolan Central Airport,-16.125,123.735,540,OC,Australia,,Koolan Island,true,50
26665,KKP,YKLB,small_airport,Koolburra Airport,-15.3189,143.955,350,OC,Australia,,Koolburra,true,50
26830,KPA,AYKG,small_airport,Kopiago Airport,-5.3883,142.4977,4445,OC,Papua New Guinea,,Kopiago,true,50
26402,KDE,AYOW,small_airport,Koroba Airport,-5.6952,142.7441,5638,OC,Papua New Guinea,,Koroba,true,50
26953,KSP,AYOP,small_airport,Kosipe Airport,-8.4507,147.2092,6350,OC,Papua New Guinea,,Kosipe Mission,true,50
26797,KOD,,small_airport,Kotabangun Airport,-0.2667,116.5833,13,AS,Indonesia,,Kotabangun-Borneo Island,true,50
26694,KLI,FZFP,small_airport,Kotakoli Airbase,4.157,21.6667,1801,AF,Democratic Republic of the Congo,,Kotakoli,true,50
26810,KOQ,EDCK,small_airport,Köthen Airport,51.7237,11.9488,305,EU,Germany,,Köthen (Anhalt),true,50
27193,KZD,,small_airport,Krakor Airport,12.5385,104.1486,62,AS,Cambodia,,Krakor,true,50
26918,KRQ,UKCK,small_airport,Kramatorsk Airport,48.7068,37.6309,646,EU,Ukraine,,Kramatorsk,true,50
26666,KKQ,USDP,small_airport,Krasnoselkup Airport,65.717,82.455,101,EU,Russia,,Krasnoselkup,true,50
26562,KHU,,small_airport,Kakhnovka Airfield,49.1368,33.4779,266,EU,Ukraine,,Kremenchuk,true,50
26334,KBI,FKKB,small_airport,Kribi Airport,2.8739,9.9778,148,AF,Cameroon,,Kribi,true,50
26675,KKZ,VDKK,small_airport,Koh Kong Airport,11.6134,102.9971,0,AS,Cambodia,,Krong Khemara Phoumin,true,50
38158,TFY,WILP,small_airport,Muhammad Taufiq Kiemas Airport,-5.2116,103.9365,118,AS,Indonesia,,Krui,true,50
21946,GXM,,small_airport,Kuala Kurun Airport,-1.1289,113.8731,115,AS,Indonesia,,Kuala Kurun,true,50
17329,DDD,VRMU,small_airport,Dhaalu Atoll Airport,2.6661,72.8871,6,AS,Maldives,,Kudahuvadhoo,true,50
14704,BCG,SYBE,small_airport,Bemichi Airport,7.6402,-58.9618,94,SA,Guyana,,Kumaka,true,50
26518,KGM,AYIM,small_airport,Kungim Airport,-5.671,141.03,349,OC,Papua New Guinea,,Kungim,true,50
27025,KUP,,small_airport,Kupiano Airport,-10.0736,148.218,90,OC,Papua New Guinea,,Kupiano,true,50
27026,KUQ,AYKU,small_airport,Kuri Airport,-7.1351,143.2761,35,OC,Papua New Guinea,,Kuri,true,50
26905,KRD,,small_airport,Kurundi Airport,-20.51,134.6706,1340,OC,Australia,,Kurundi Station,true,50
27100,KWS,AGKW,small_airport,Kwailabesi Airport,-8.3605,160.7751,52,OC,Solomon Islands,,Kwailabesi,true,50
27173,KYT,VYKU,small_airport,Kyauktu Airport,21.4,94.1333,1250,AS,Myanmar,,Kyauktu,true,50
31853,OKT,UWUK,small_airport,Oktyabrskiy Airport,54.44,53.3883,377,AS,Russia,,Kzyl-Yar,true,50
27670,LCM,SACC,small_airport,La Cumbre Airport,-31.0058,-64.5319,3733,SA,Argentina,,La Cumbre,true,50
27755,LEZ,MHLE,small_airport,La Esperanza Airport,14.2911,-88.175,5475,NA,Honduras,,La Esperanza,true,50
44451,YAR,CYAD,small_airport,La Grande-3 Airport,53.5717,-76.1964,775,NA,Canada,,La Grande-3,true,50
27989,LLH,,small_airport,La Lima - Reginaldo Hammer Airport,15.4428,-87.8986,96,NA,Honduras,,La Lima,true,50
28130,LPE,SKIM,small_airport,La Primavera Airport,5.4776,-70.4212,390,SA,Colombia,,La Primavera,true,50
32856,PCO,MMPL,small_airport,Punta Colorada Airport,23.575,-109.5358,55,NA,Mexico,,La Ribera,true,50
35560,RFS,MNRT,small_airport,Rosita Airport,13.8897,-84.4089,193,NA,Nicaragua,,La Rosita,true,50
28314,LUI,,small_airport,Carta Airport,15.0332,-86.6923,2625,NA,Honduras,,La Unión,true,50
27587,LAB,AYLB,small_airport,Lab Lab Airport,-5.7204,148.0566,160,OC,Papua New Guinea,,Lab Lab Mission,true,50
27593,LAH,WAEL,small_airport,Oesman Sadik Airport,-0.6338,127.5054,49,AS,Indonesia,,Labuha-Halmahera Island,true,50
28029,LML,,small_airport,Lae Island Airport,8.9211,166.265,0,OC,Marshall Islands,,Lae Island,true,50
16685,CVH,,small_airport,Caviahue Airport,-37.8514,-71.0092,5435,SA,Argentina,,Lafontaine,true,50
27672,LCO,FCBL,small_airport,Lague Airport,-2.45,14.533,2756,AF,Republic of the Congo,,Lague,true,50
28272,LTC,FTTH,small_airport,Lai Airport,9.3979,16.3125,1171,AF,Chad,,Lai,true,50
27806,LGE,,small_airport,Mulan Airport,-20.1089,127.619,978,OC,Australia,,Lake Gregory,true,50
15541,BZP,,small_airport,Bizant Airport,-14.7403,144.1194,65,OC,Australia,,Lakefield National Park,true,50
27949,LKD,YLND,small_airport,Lakeland Airport,-15.8412,144.8491,930,OC,Australia,,Lakeland Downs,true,50
27773,LFH,,small_airport,Lanping Fenghua General Airport,26.6452,99.5442,8276,AS,China,,Lanping Bai,true,50
27716,LDW,,small_airport,Lansdowne Airport,-17.6128,126.743,1190,OC,Australia,,Lansdowne Station,true,50
27963,LKR,,small_airport,Las Khorey Airport,11.1735,48.2143,0,AF,Somalia,,Las Khorey,true,50
28000,LLS,SATK,small_airport,Alferez Armando Rodriguez Airport,-24.7214,-60.5488,426,SA,Argentina,,Las Lomitas,true,50
41315,VVN,,small_airport,Las Malvinas/Echarate Airport,-11.8549,-72.9393,1285,SA,Peru,,Las Malvinas,true,50
28325,LUT,YLRS,small_airport,New Laura Airport,-15.1828,144.3455,148,OC,Australia,,Laura Station,true,50
42313,WND,,small_airport,Windarra Airport,-28.4806,122.2444,0,OC,Australia,,Laverton,true,50
28378,LWA,,small_airport,Lebak Rural Airport,6.6739,124.0581,16,AS,Philippines,,Lebak,true,50
27735,LEF,FXLK,small_airport,Lebakeng Airport,-29.8908,28.6556,6000,AF,Lesotho,,Lebakeng,true,50
28275,LTF,,small_airport,Leitre Airport,-2.8337,141.6257,32,OC,Papua New Guinea,,Leitre,true,50
27948,LKC,,small_airport,Lekana Airport,-2.313,14.606,2634,AF,Republic of the Congo,,Lekana,true,50
27968,LKW,OOLK,small_airport,Lekhwair Airport,22.8049,55.3728,354,AS,Oman,,Lekhwair,true,50
27744,LEO,,small_airport,Lekoni Airport,-1.5724,14.2878,2036,AF,Gabon,,Lekoni,true,50
27742,LEM,KLEM,small_airport,Lemmon Municipal Airport,45.9187,-102.106,2571,NA,United States,,Lemmon,true,50
43554,XLU,DFCL,small_airport,Leo Airport,11.1,-2.1,1181,AF,Burkina Faso,,Leo,true,50
27745,LEP,,small_airport,Leopoldina Airport,-21.4682,-42.7271,919,SA,Brazil,,Leopoldina,true,50
27846,LHI,WAJL,small_airport,Lereh Airport,-3.08,139.9528,820,AS,Indonesia,,Lereh-Papua Island,true,50
28199,LRB,FXLR,small_airport,Leribe Airport,-28.8556,28.0528,5350,AF,Lesotho,,Leribe,true,50
28139,LPN,AYLP,small_airport,Leron Plains Airport,-6.3917,146.3434,680,OC,Papua New Guinea,,Leron Plains,true,50
28060,LNG,AYLS,small_airport,Lese Airport,-8.2799,146.2765,40,OC,Papua New Guinea,,Lese,true,50
27748,LES,FXLS,small_airport,Lesobeng Airport,-29.7556,28.3571,7130,AF,Lesotho,,Lesobeng,true,50
28382,LWE,WATW,small_airport,Wonopito Airport,-8.3618,123.4386,25,AS,Indonesia,,Lewoleba,true,50
21255,GEF,AGEV,small_airport,Geva Airport,-7.5758,156.597,0,OC,Solomon Islands,,Liangia,true,50
27874,LIA,ZULP,small_airport,Liangping Airport,30.6794,107.786,0,AS,China,,Liangping,true,50
27878,LIE,FZFA,small_airport,Libenge Airport,3.6266,18.6385,1125,AF,Democratic Republic of the Congo,,Libenge,true,50
27632,LBK,,small_airport,Liboi Airport,0.3483,40.8817,280,AF,Kenya,,Liboi,true,50
27875,LIB,,small_airport,Limbunya Airport,-17.2356,129.882,0,OC,Australia,,Limbunya,true,50
28025,LMH,,small_airport,Limon Airport,15.8561,-85.444,3,NA,Honduras,,Limón,true,50
46143,ZLR,,small_airport,Municipal de Linares Airport,-35.8617,-71.5486,591,SA,Chile,,Linares,true,50
27696,LDC,YLIN,small_airport,Lindeman Island Airport,-20.4536,149.04,0,OC,Australia,,Lindeman Island,true,50
27815,LGN,AYLL,small_airport,Linga Linga Airport,-5.5319,149.7342,17,OC,Papua New Guinea,,Linga Linga,true,50
27883,LIJ,ZSLI,small_airport,Lishui Airport,28.3727,119.839,0,AS,China,,Lishui (Liandu),true,50
27993,LLL,,small_airport,Lissadell Airport,-16.661,128.594,374,OC,Australia,,Lissadell Station,true,50
41286,VUU,,small_airport,Mvuu Camp Airport,-14.8386,35.3014,1600,AF,Malawi,,Liwonde National Park,true,50
28092,LOC,YLOK,small_airport,Lock Airport,-33.5442,135.693,350,OC,Australia,,Lock,true,50
28114,LOY,HKLY,small_airport,Loiyangalani Airport,2.7636,36.7183,1195,AF,Kenya,,Loiyangalani,true,50
27994,LLM,AGLM,small_airport,Lomlom Airport,-10.2968,166.3273,55,OC,Solomon Islands,,Lomlom,true,50
27673,LCP,,small_airport,Loncopue Airport,-38.0819,-70.6439,3627,SA,Argentina,,Loncopue,true,50
27953,LKH,WBGL,small_airport,Long Akah Airport,3.3109,114.7856,289,AS,Malaysia,,Long Akah,true,50
28243,LSJ,AYLX,small_airport,Long Island Airport,-5.3604,147.0177,116,OC,Papua New Guinea,,Long Island,true,50
21754,GSA,WBKN,small_airport,Long Pasia Airport,4.4098,115.7245,3175,AS,Malaysia,,Long Miau,true,50
28246,LSM,WBGD,small_airport,Long Semado Airport,4.217,115.6,2150,AS,Malaysia,,Long Semado,true,50
28254,LSU,WBGU,small_airport,Long Sukang Airport,4.5522,115.494,1200,AS,Malaysia,,Long Sukang,true,50
44845,YLP,,small_airport,Mingan Airport,50.2869,-64.1528,70,NA,Canada,,Longue-Pointe-de-Mingan,true,50
28091,LOB,SCAN,small_airport,San Rafael Airport,-32.8139,-70.6466,2461,SA,Chile,,Los Andes,true,50
28021,LMD,,small_airport,Los Menucos Airport,-40.8177,-68.0747,2571,SA,Argentina,,Los Menucos,true,50
28291,LTV,YLOV,small_airport,Lotus Vale Airport,-17.0483,141.376,0,OC,Australia,,Lotus Vale,true,50
28386,LWI,AYLO,small_airport,Lowai Airport,-6.3344,146.6458,2900,OC,Papua New Guinea,,Lowai,true,50
36237,RYL,,small_airport,Royal Zambezi Lodge Airstrip,-15.7248,29.3035,1243,AF,Zambia,,Lower Zambezi River,true,50
27634,LBM,,small_airport,Luabo Airport,-18.4139,36.1068,36,AF,Mozambique,,Luabo,true,50
39261,UAL,FNUA,small_airport,Luau Airport,-10.7158,22.2311,3609,AF,Angola,,Luau,true,50
21582,GNI,RCGI,small_airport,Lüdao Airport,22.6739,121.466,28,AS,Taiwan,,Lüdao,true,50
28486,LZA,FZUG,small_airport,Luiza Airport,-7.19,22.3925,2890,AF,Democratic Republic of the Congo,,Luiza,true,50
28434,LXU,FLLK,small_airport,Lukulu Airport,-14.3759,23.2486,3480,AF,Zambia,,Lukulu,true,50
21324,GGC,FNBL,small_airport,Lumbala Airport,-14.1051,21.4508,3700,AF,Angola,,Lumbala N'guimbo,true,50
28026,LMI,AYLU,small_airport,Lumi Airport,-3.4768,142.0413,1750,OC,Papua New Guinea,,Lumi,true,50
28307,LUB,SYLP,small_airport,Lumid Pau Airport,2.3939,-59.441,656,SA,Guyana,,Lumid Pau,true,50
28460,LYK,WADU,small_airport,Lunyuk Airport,-8.9899,117.216,44,AS,Indonesia,,Lunyuk,true,50
28494,LZI,FZAL,small_airport,Luozi Airport,-4.9439,14.1233,722,AF,Democratic Republic of the Congo,,Luozi,true,50
27636,LBO,FZVI,small_airport,Lusambo Airport,-4.9617,23.3783,1407,AF,Democratic Republic of the Congo,,Lusambo,true,50
28244,LSK,KLSK,small_airport,Lusk Municipal Airport,42.7538,-104.405,4964,NA,United States,,Lusk,true,50
39332,UCK,UKLC,small_airport,Lutsk Airport,50.6784,25.4872,774,EU,Ukraine,,Lutsk,true,50
28498,LZM,FNLZ,small_airport,Luzamba Airport,-9.116,18.0493,2904,AF,Angola,,Luzamba,true,50
28285,LTP,YLHS,small_airport,Lyndhurst Airport,-19.1958,144.371,0,OC,Australia,,Lyndhurst,true,50
39906,USI,SYMB,small_airport,Mabaruma Airport,8.2002,-59.778,45,SA,Guyana,,Mabaruma,true,50
30181,NAD,,small_airport,Macanal Airport,2.809,-67.6217,327,SA,Colombia,,Macanal,true,50
28954,MCA,GUMA,small_airport,Macenta Airport,8.4815,-9.526,1690,AF,Guinea,,Macenta,true,50
43585,XMP,,small_airport,Macmillan Pass Airport,63.1811,-130.202,3810,NA,Canada,,Macmillan Pass,true,50
29064,MFC,FXMF,small_airport,Mafeteng Airport,-29.8011,27.2436,5350,AF,Lesotho,,Mafeteng,true,50
31911,OMF,OJMF,small_airport,King Hussein Air College,32.3564,36.2592,2240,AS,Jordan,,Mafraq,true,50
29224,MJS,,small_airport,Maganja da Costa Airport,-17.3087,37.5,215,AF,Mozambique,,Maganja,true,50
29101,MGD,SLMG,small_airport,Magdalena Airport,-13.2607,-64.0608,462,SA,Bolivia,,Magdalena,true,50
41303,VVB,FMMH,small_airport,Mahanoro Airport,-19.833,48.8,16,AF,Madagascar,,Mahanoro,true,50
43576,XMG,VNMN,small_airport,Mahendranagar Airport,28.9632,80.1479,650,AS,Nepal,,Mahendranagar,true,50
37241,SQH,VVNS,small_airport,Na San Airport,21.2153,104.0328,2133,AS,Vietnam,,Mai Son,true,50
14960,BJK,WAPK,small_airport,Benjina Airport,-6.0661,134.274,82,AS,Indonesia,,Maikoor Island,true,50
40696,VEG,SYMK,small_airport,Maikwak Airport,4.8982,-59.817,2001,SA,Guyana,,Maikwak,true,50
29195,MIZ,,small_airport,Mainoru Airstrip,-14.0533,134.0942,365,OC,Australia,,Mainoru,true,50
39682,UMA,,small_airport,Alfredo Noa Díaz Airport,20.2424,-74.1483,3,NA,Cuba,,Maisí,true,50
32015,OPB,,small_airport,Open Bay Airport,-4.7947,151.6962,33,OC,Papua New Guinea,,Maitanakunai,true,50
26732,KMK,FCPA,small_airport,Makabana Airport,-3.483,12.617,495,AF,Republic of the Congo,,Makabana,true,50
38655,TTR,,small_airport,Pongtiku Airport,-3.0447,119.822,2884,AS,Indonesia,,Makale,true,50
29428,MPG,AYMJ,small_airport,Makini Airport,-6.5322,147.6512,2530,OC,Papua New Guinea,,Makini,true,50
29251,MKJ,FCOM,small_airport,Makoua Airport,-0.0208,15.5777,1293,AF,Republic of the Congo,,Makoua,true,50
29335,MMV,,small_airport,Mal Airport,-1.3914,144.1713,6,OC,Papua New Guinea,,Mal Island,true,50
29293,MLP,RPMM,small_airport,Malabang Airport,7.6169,124.058,27,AS,Philippines,,Malabang,true,50
33511,PUV,NWWP,small_airport,Poum / Malabou Airport,-20.2892,164.0993,6,OC,New Caledonia,,Malabou,true,50
42285,WML,FMMC,small_airport,Malaimbandy Airport,-20.3554,45.5434,597,AF,Madagascar,,Malaimbandy,true,50
29294,MLQ,AYMP,small_airport,Malalaua Airport,-8.0714,146.1555,20,OC,Papua New Guinea,,Malalaua,true,50
29472,MQO,AYMQ,small_airport,Malam Airport,-8.7092,142.6497,126,OC,Papua New Guinea,,Malam,true,50
27986,LLE,FAMN,small_airport,Malelane Airport,-25.4736,31.5659,1153,AF,South Africa,,Malelane,true,50
28897,MAP,,small_airport,Mamai Airport,-10.2908,149.5192,90,OC,Papua New Guinea,,Mamai,true,50
29319,MMF,FKKF,small_airport,Mamfe Airport,5.7042,9.3064,413,AF,Cameroon,,Mamfe,true,50
29430,MPI,,small_airport,Mamitupu Airport,9.1851,-77.9841,25,SA,Panama,,Mamitupu,true,50
13422,ACU,,small_airport,Achutupu Airport,9.1885,-77.9942,10,NA,Panama,,Mamitupu,true,50
29226,MJU,WAFJ,small_airport,Tampa Padang Airport,-2.59,119.0251,49,AS,Indonesia,,Mamuju,true,50
29506,MRM,AYMA,small_airport,Manari Airport,-9.1908,147.6219,2630,OC,Papua New Guinea,,Manari,true,50
29118,MGU,VYMN,small_airport,Manaung Airport,18.8458,93.6889,102,AS,Myanmar,,Manaung,true,50
38681,TUH,,small_airport,Arnold Air Force Base,35.3926,-86.0858,1067,NA,United States,,Manchester,true,50
33465,PTL,,small_airport,Walter Braedt Segú Airport,-4.0869,-81.0258,30,SA,Peru,,Máncora,true,50
42277,WMD,FMSC,small_airport,Mandabe Airport,-21.0463,44.9404,951,AF,Madagascar,,Mandabe,true,50
25259,JHN,WIMF,small_airport,Jenderal Besar Abdul Haris Nasution Airport,0.944,99.5341,1051,AS,Indonesia,,Mandailing,true,50
40584,VBC,VYCZ,small_airport,Chanmyathazi Airport,21.9405,96.0896,252,AS,Myanmar,,Mandalay,true,50
30290,NDE,HKMA,small_airport,Mandera Airport,3.9338,41.8441,805,AF,Kenya,,Mandera,true,50
29113,MGP,,small_airport,Manga Airport,-4.147,153.0186,60,OC,Papua New Guinea,,Manga Mission,true,50
28893,MAL,,small_airport,"Mangole Airport, Falabisahaya",-1.7823,125.4822,10,AS,Indonesia,,Mangole Island,true,50
29368,MNS,FLMA,small_airport,Mansa Airport,-11.137,28.8726,4101,AF,Zambia,,Mansa,true,50
39990,UUU,,small_airport,Manumu Airport,-9.0746,147.5735,1800,OC,Papua New Guinea,,Manumu,true,50
13776,AMO,FTTU,small_airport,Mao Airport,14.1456,15.3144,1072,AF,Chad,,Mao,true,50
29427,MPF,AYPO,small_airport,Mapoda Airport,-7.979,143.1694,45,OC,Papua New Guinea,,Mapoda,true,50
29461,MQD,SAVQ,small_airport,Maquinchao Airport,-41.2431,-68.7078,2912,SA,Argentina,,Maquinchao,true,50
31876,OLG,,small_airport,Olare Orok Airfield,-1.3242,35.2461,5779,AF,Kenya,,Mara,true,50
29007,MDR,HKSJ,small_airport,Musiara Airstrip,-1.2986,35.0639,5117,AF,Kenya,,Mara Rianta,true,50
29792,MZK,NGMK,small_airport,Marakei Airport,2.0586,173.271,10,OC,Kiribati,,Marakei,true,50
43570,XMA,,small_airport,Maramag Airport,7.7538,125.0333,919,AS,Philippines,,Maramag,true,50
17687,DNB,YDBR,small_airport,Dunbar Airport,-16.0474,142.3944,15,OC,Australia,,Maramie,true,50
26801,KOH,YKLA,small_airport,Koolatah Airport,-15.8885,142.4395,0,OC,Australia,,Maramie,true,50
29682,MWI,AYRM,small_airport,Maramuni Airport,-5.13,143.4829,5160,OC,Papua New Guinea,,Maramuni,true,50
36066,RTU,WAQC,small_airport,Maratua Airport,2.1976,118.5994,43,AS,Indonesia,,Maratua,true,50
29680,MWG,AYMW,small_airport,Marawaka Airport,-6.9736,145.8849,6050,OC,Papua New Guinea,,Marawaka,true,50
29759,MYN,OYMB,small_airport,Marib Airport,15.4692,45.3273,3300,AS,Yemen,,Marib,true,50
29713,MXD,YMWX,small_airport,Marion Downs Airport,-23.3637,139.6497,0,OC,Australia,,Marion Downs,true,50
29332,MMS,KMMS,small_airport,Selfs Airport,34.2315,-90.2896,162,NA,United States,,Marks,true,50
29509,MRP,YALA,small_airport,Marla Airport,-27.3343,133.6277,328,OC,Australia,,Marla,true,50
29462,MQE,YMQA,small_airport,Marqua Airport,-22.8058,137.251,0,OC,Australia,,Marqua,true,50
35417,RBT,HKMB,small_airport,Marsabit Airport,2.3443,38,4395,AF,Kenya,,Marsabit,true,50
17691,DNF,,small_airport,Martuba Air Base,32.542,22.745,1235,AF,Libya,,Martuba,true,50
44887,YMV,,small_airport,Mary River Aerodrome,71.3242,-79.3569,584,NA,Canada,,Mary River,true,50
28939,MBV,AYSX,small_airport,Masa Airport,-6.345,147.591,5900,OC,Papua New Guinea,,Masa,true,50
29538,MSI,,small_airport,Masalembo Airport,-5.5833,114.433,30,AS,Indonesia,,Masalembo Island,true,50
43578,XMI,HTMI,small_airport,Masasi Airport,-10.733,38.767,1700,AF,Tanzania,,Masasi,true,50
29542,MSM,FZCV,small_airport,Masi Manimba Airport,-4.783,17.85,1952,AF,Democratic Republic of the Congo,,Masi Manimba,true,50
26382,KCU,HUMI,small_airport,Masindi Airport,1.7581,31.7367,3850,AF,Uganda,,Masindi,true,50
29106,MGI,,small_airport,National Wildlife Refuge Airport,28.323,-96.464,7,NA,United States,,Matagorda Island,true,50
29536,MSG,FXMA,small_airport,Matsaile Airport,-29.8406,28.7767,6200,AF,Lesotho,,Matsaile,true,50
29683,MWJ,SYMR,small_airport,Matthews Ridge Airport,7.4877,-60.1852,324,SA,Guyana,,Matthews Ridge,true,50
28928,MBK,SWXM,small_airport,Orlando Villas Boas Regional Airport,-10.1704,-54.954,886,SA,Brazil,,Matupá,true,50
28943,MBZ,SWMW,small_airport,Maués Airport,-3.3722,-57.7248,69,SA,Brazil,,Maués,true,50
29501,MRH,,small_airport,May River Airstrip,-4.3615,141.785,107,OC,Papua New Guinea,,May River,true,50
16789,CYD,,small_airport,San Ignacio Town (Maya Flats) Airstrip,17.1049,-89.1011,351,NA,Belize,,Maya Flats,true,50
29212,MJG,,small_airport,Mayajigua Airport,22.2308,-79.0622,173,NA,Cuba,,Mayajigua,true,50
29782,MZA,SPMF,small_airport,Mayor PNP Nancy Flores Paucar Airport,-11.3254,-74.5356,2247,SA,Peru,,Mazamari,true,50
29330,MMQ,FLBA,small_airport,Mbala Airport,-8.8592,31.3364,5454,AF,Zambia,,Mbala,true,50
28934,MBQ,HUMA,small_airport,Mbarara Airport,-0.5553,30.5994,4600,AF,Uganda,,Mbarara,true,50
29250,MKI,FEGE,small_airport,M'Boki Airport,5.333,25.9319,1969,AF,Central African Republic,,Mboki,true,50
29011,MDV,,small_airport,Médouneu Airport,1.0085,10.7552,2100,AF,Equatorial Guinea,,"Médouneu, Gabon",true,50
43439,XIN,ZGXN,small_airport,Xingning Air Base,24.1492,115.758,0,AS,China,,Meizhou (Xingning),true,50
18525,EAL,,small_airport,Elenak Airport,9.3193,166.8478,16,OC,Marshall Islands,,Mejato Island,true,50
29243,MKB,FOOE,small_airport,Mekambo Airport,0.9767,13.9685,1673,AF,Gabon,,Mekambo,true,50
29260,MKS,HAMA,small_airport,Mekane Selam Airport,10.7254,38.7415,8405,AF,Ethiopia,,Mekane Selam,true,50
21376,GHS,WALE,small_airport,Melalan Airport,-0.2036,115.76,330,AS,Indonesia,,Melak-Borneo Island,true,50
29031,MEF,,small_airport,Melfi Airport,11.0602,17.9445,1293,AF,Chad,,Melfi,true,50
21222,GDI,FEGL,small_airport,Gordil Airport,9.5811,21.7282,1427,AF,Central African Republic,,Melle,true,50
13706,AKQ,,small_airport,Astra Ksetra Airport,-4.6116,105.232,99,AS,Indonesia,,Menggala,true,50
29013,MDX,SATM,small_airport,Mercedes Airport,-29.2214,-58.0878,358,SA,Argentina,,Mercedes,true,50
39324,UCC,,small_airport,Yucca Airstrip,36.9347,-116.006,3919,NA,United States,,Mercury,true,50
35474,RDE,,small_airport,Merdey Airport,-1.5912,133.2959,385,AS,Indonesia,,Merdei-Papua Island,true,50
29299,MLV,YMEU,small_airport,Merluna Airport,-13.0649,142.4536,276,OC,Australia,,Merluna,true,50
29041,MEP,WMAU,small_airport,Mersing Airport,2.3891,103.8742,10,AS,Malaysia,,Mersing,true,50
19202,ETE,HAMM,small_airport,Metema Airport,12.933,36.167,2650,AF,Ethiopia,,Metema,true,50
14707,BCJ,,small_airport,Beichuan Yongchang Airport,31.5815,104.4597,2012,AS,China,,Mianyang,true,50
28041,LMX,,small_airport,Lopez de Micay Airport,2.8412,-77.2372,111,SA,Colombia,,Micay,true,50
29004,MDO,PAMD,small_airport,Middleton Island Airport,59.4499,-146.307,100,NA,United States,,Middleton Island,true,50
29464,MQG,FYMG,small_airport,Midgard Airport,-22.0106,17.37,5125,AF,Namibia,,Midgard,true,50
21406,GIM,,small_airport,Miele Mimbale Airport,-0.0289,11.418,965,AF,Gabon,,Miele Mimbale,true,50
29720,MXK,AYMI,small_airport,Mindik Airport,-6.4717,147.4411,4200,OC,Papua New Guinea,,Mindik,true,50
29005,MDP,WAKD,small_airport,Mindiptana Airport,-5.8769,140.7095,121,AS,Indonesia,,Mindiptana-Papua Island,true,50
29795,MZN,,small_airport,Minj Airport,-5.903,144.6866,5269,OC,Papua New Guinea,,Minj,true,50
29661,MVX,FOGV,small_airport,Minvoul Airport,2.1524,12.108,1969,AF,Gabon,,Minvoul,true,50
29080,MFS,SKMF,small_airport,Miraflores Airport,1.35,-71.9444,730,SA,Colombia,,Miraflores,true,50
29223,MJR,,small_airport,Miramar Airport,-38.2271,-57.8697,42,SA,Argentina,,Miramar,true,50
29698,MWY,YMIR,small_airport,Miranda Downs Airport,-17.3289,141.886,0,OC,Australia,,Miranda Downs,true,50
29193,MIX,,small_airport,Miriti Parana Airport,-0.886,-70.9834,409,SA,Colombia,,Mirití-Paraná,true,50
29784,MZC,FOOM,small_airport,Mitzic Airport,0.783,11.55,1913,AF,Gabon,,Mitzic,true,50
28930,MBM,,small_airport,Mkambati Airport,-31.2849,29.9884,560,AF,South Africa,,Mkambati,true,50
29121,MGX,FOGI,small_airport,Moabi Airport,-2.4552,10.9358,787,AF,Gabon,,Moabi,true,50
29067,MFF,FOOD,small_airport,Moanda Airport,-1.5266,13.2513,1877,AF,Gabon,,Moanda,true,50
29249,MKH,FXMK,small_airport,Mokhotlong Airport,-29.2818,29.0728,7200,AF,Lesotho,,Mokhotlong,true,50
29215,MJJ,,small_airport,Moki Airport,-5.7181,145.2404,3030,OC,Papua New Guinea,,Moki,true,50
29063,MFB,,small_airport,Monfort Airport,0.6333,-69.75,630,SA,Colombia,,Monfort,true,50
29108,MGK,VYMT,small_airport,Mong Tong Airport,20.2967,98.8989,1840,AS,Myanmar,,Mong Tong,true,50
29758,MYM,SYMM,small_airport,Monkey Mountain Airport,4.4523,-59.6031,1699,SA,Guyana,,Monkey Mountain,true,50
29570,MTE,SNMA,small_airport,Monte Alegre Airport,-1.9958,-54.0742,325,SA,Brazil,,Monte Alegre,true,50
29567,MTB,SKML,small_airport,Montelibano Airport,7.9717,-75.4325,160,SA,Colombia,,Montelíbano,true,50
29410,MOY,,small_airport,Monterrey Airport,4.9069,-72.8948,1500,SA,Colombia,,Monterrey,true,50
29712,MXC,,small_airport,Monticello Airport,37.9324,-109.3412,6966,NA,United States,,Monticello,true,50
29693,MWT,YMWT,small_airport,Moolawatana Airport,-29.9069,139.765,265,OC,Australia,,Moolawatana Station,true,50
31727,OHB,FMFE,small_airport,Ambohibary Airport,-18.9175,48.2182,2960,AF,Madagascar,,Moramanga,true,50
29158,MHY,AYEH,small_airport,Morehead Airport,-8.7141,141.6444,100,OC,Papua New Guinea,,Morehead,true,50
29045,MET,YMOT,small_airport,Moreton Airport,-12.4442,142.638,0,OC,Australia,,Moreton,true,50
29139,MHF,,small_airport,Morichal Airport,1.75,-69.9167,552,SA,Colombia,,Morichal,true,50
29513,MRT,,small_airport,Moroak Airport,-14.8181,133.7006,227,OC,Australia,,Moroak,true,50
31522,OBM,AYMB,small_airport,Morobe Airport,-7.74,147.59,8,OC,Papua New Guinea,,Morobe,true,50
39754,UOA,NTTX,small_airport,Moruroa Airport,-21.8098,-138.8134,7,OC,French Polynesia,,Moruroa Atoll,true,50
29475,MQR,,small_airport,Mosquera Airport,2.6496,-78.3361,50,SA,Colombia,,Mosquera,true,50
29691,MWR,,small_airport,Motswari Airport,-24.1903,31.3864,1160,AF,South Africa,,Motswari Private Game Reserve,true,50
29142,MHI,HDMO,small_airport,Moucha Airport,11.7297,43.2096,0,AF,Djibouti,,Moucha Island,true,50
29398,MOM,GQNL,small_airport,Letfotar Airport,17.75,-12.5,256,AF,Mauritania,,Moudjeria,true,50
21847,GUV,AYML,small_airport,Mougulu Airport,-6.2809,142.4208,825,OC,Papua New Guinea,,Mougulu,true,50
29220,MJO,FYME,small_airport,Mount Etjo Airport,-21.0233,16.4528,5000,AF,Namibia,,Mount Etjo Safari Lodge,true,50
21767,GSN,YMGN,small_airport,Mount Gunson Airport,-31.4597,137.1744,285,OC,Australia,,Mount Gunson,true,50
29626,MUY,FCBM,small_airport,Mouyondzi Airport,-4.0149,13.9661,1670,AF,Republic of the Congo,,Mouyondzi,true,50
32349,OYL,HKMY,small_airport,Moyale Airport,3.4697,39.1014,2790,AF,Kenya,,Moyale,true,50
29764,MYS,,small_airport,Moyale Airport,3.5623,39.0433,3887,AF,Ethiopia,,Moyale,true,50
28933,MBP,SPBB,small_airport,Moyobamba Airport,-6.0189,-76.9883,2749,SA,Peru,,Moyobamba,true,50
30742,NPY,HTMP,small_airport,Mpanda Airport,-6.3554,31.0841,3520,AF,Tanzania,,Mpanda,true,50
17948,DUK,FADK,small_airport,Mubatuba Airport,-28.3684,32.2481,210,AF,South Africa,,Mubatuba,true,50
29618,MUQ,YMUC,small_airport,Muccan Station Airport,-20.6589,120.067,300,OC,Australia,,Muccan Station,true,50
16177,CHD,,small_airport,Mucugê Airport,-13.0312,-41.4441,3461,SA,Brazil,,Mucugê,true,50
39627,UKR,OYMS,small_airport,Mukeiras Airport,13.9368,45.657,7080,AS,Yemen,,Mukayras,true,50
39617,UKH,,small_airport,Mukhaizna Airport,19.3864,56.4014,473,AS,Oman,,Mukhaizna Oil Field,true,50
39664,ULS,,small_airport,Mulatos Airport,8.6402,-76.7188,20,SA,Colombia,,Mulatos,true,50
13672,AJS,,small_airport,Punta Abreojos Airport,26.7272,-113.559,26,NA,Mexico,,Mulegé,true,50
29614,MUM,,small_airport,Muli Airport,2.9114,73.5836,0,AS,Maldives,,Muli,true,50
29648,MVK,YMUK,small_airport,Mulka Airport,-28.3478,138.65,0,OC,Australia,,Mulka,true,50
29002,MDM,AYDK,small_airport,Munduku Airport,-4.6204,143.4516,100,OC,Papua New Guinea,,Munduku,true,50
29354,MNE,YMUG,small_airport,Mungeranie Airport,-28.0092,138.657,0,OC,Australia,,Mungeranie,true,50
29658,MVU,YMGV,small_airport,Musgrave Airport,-14.7757,143.5047,302,OC,Australia,,Musgrave,true,50
29694,MWU,,small_airport,Mussau Airport,-1.45,149.7,141,OC,Papua New Guinea,,Mussau Island,true,50
39934,UTA,FVMU,small_airport,Mutare Airport,-18.9975,32.6272,3410,AF,Zimbabwe,,Mutare,true,50
29396,MOK,UZNM,small_airport,Muynak Airport,43.7536,59.0299,177,AS,Uzbekistan,,Muynak,true,50
29687,MWN,HTMD,small_airport,Mwadui Airport,-3.5213,33.6155,3970,AF,Tanzania,,Mwadui,true,50
29048,MEW,FZVM,small_airport,Mweka Airport,-4.855,21.5418,1968,AF,Democratic Republic of the Congo,,Mweka,true,50
29727,MXR,,small_airport,Myrhorod Air Base,49.932,33.641,400,EU,Ukraine,,Myrhorod,true,50
44876,YMK,USDK,small_airport,Mys Kamenny Airport,68.4677,73.5967,3,AS,Russia,,Mys Kamennyi,true,50
30291,NDF,,small_airport,N'dalatando Airport,-9.2804,14.9824,2684,AF,Angola,,N'dalatando,true,50
30297,NDL,FEFN,small_airport,N'Délé Airport,8.4272,20.6352,1631,AF,Central African Republic,,N'Délé,true,50
26407,KDJ,FOGJ,small_airport,Ville Airport,-0.183,10.75,164,AF,Gabon,,N'Djolé,true,50
30549,NKL,FZAR,small_airport,N'Kolo-Fuma Airport,-5.421,14.8169,1476,AF,Democratic Republic of the Congo,,N'Kolo-Fuma,true,50
13967,ARZ,FNZE,small_airport,N'zeto Airport,-7.2593,12.8624,69,AF,Angola,,N'zeto,true,50
30257,NCH,HTNA,small_airport,Nachingwea Airport,-10.3575,38.7792,1400,AF,Tanzania,,Nachingwea,true,50
30299,NDN,AYNC,small_airport,Nadunumu Airport,-9.1436,147.6842,5100,OC,Papua New Guinea,,Nadunumu,true,50
31915,OMJ,RJDU,small_airport,JMSDF Omura Air Base,32.928,129.9342,0,AS,Japan,,Nagasaki,true,50
28039,LMV,,small_airport,Madivaru Airport,5.4575,73.3703,6,AS,Maldives,,Naifaru,true,50
30623,NMN,AYNO,small_airport,Nomane Airport,-6.3218,145.0707,6032,OC,Papua New Guinea,,Namane,true,50
14027,ATN,AYNX,small_airport,Namatanai Airport,-3.6695,152.438,150,OC,Papua New Guinea,,Namatanai,true,50
30214,NBA,AYNY,small_airport,Nambaiyufa Airport,-6.2412,145.2424,5550,OC,Papua New Guinea,,Nambaiyufa,true,50
30794,NRE,WAPG,small_airport,Namrole Airport,-3.8552,126.7009,31,AS,Indonesia,,Namrole,true,50
30629,NMT,,small_airport,Namtu Airport,23.083,97.383,2000,AS,Myanmar,,Namtu,true,50
30294,NDI,AYNJ,small_airport,Namudi Airport,-9.4738,148.3294,1044,OC,Papua New Guinea,,Namudi,true,50
30654,NNI,FYNA,small_airport,Namutoni Airport,-18.8064,16.9272,3579,AF,Namibia,,Namutoni,true,50
44695,YHJ,,small_airport,Nanchang Yaohu Airport,28.701,116.1077,0,AS,China,,Nanchang,true,50
30649,NND,,small_airport,Nangade Airport,-11.073,39.68,825,AF,Mozambique,,Nangade,true,50
33039,PHR,NFND,small_airport,Nanuku Airport,-18.2553,178.0492,21,OC,Fiji,,Nanuku Auberge Resort,true,50
30666,NNU,SNNU,small_airport,Nanuque Airport,-17.8232,-40.3297,656,SA,Brazil,,Nanuque,true,50
30696,NOO,,small_airport,Naoro Airport,-9.2545,147.6214,2372,OC,Papua New Guinea,,Naoro Vilage,true,50
30733,NPP,,small_airport,Napperby Airport,-22.5312,132.7632,2135,OC,Australia,,Napperby,true,50
30182,NAE,DBBN,small_airport,Natitingou Airport,10.377,1.3605,1512,AF,Benin,,Natitingou,true,50
17991,DVR,,small_airport,Daly River Airport,-13.7498,130.6939,0,OC,Australia,,Nauiyu,true,50
26411,KDN,FOGE,small_airport,Ndende Airport,-2.4,11.367,417,AF,Gabon,,Ndende,true,50
30258,NCI,SKNC,small_airport,Necocli Airport,8.4544,-76.7793,19,SA,Colombia,,Necocli,true,50
21147,GBF,AYNE,small_airport,Negarbo(Negabo) Airport,-6.5678,144.7031,4500,OC,Papua New Guinea,,Negarbo,true,50
18741,EGL,HANG,small_airport,Negele Airport,5.2897,39.7023,5230,AF,Ethiopia,,Negele Borana,true,50
30331,NEJ,HANJ,small_airport,Nejjo Airport,9.55,35.467,6150,AF,Ethiopia,,Nejo,true,50
30332,NEK,HANK,small_airport,Nekemte Airport,9.0343,36.6132,6500,AF,Ethiopia,,Nekemte,true,50
33333,PPX,,small_airport,Param Airport,-9.99,149.477,4490,OC,Papua New Guinea,,Nepesi,true,50
32880,PDC,NWWQ,small_airport,Mueo Airport,-21.3165,164.9994,264,OC,New Caledonia,,Népoui,true,50
34737,QSX,,small_airport,New Amsterdam Airport,6.2443,-57.4742,3,SA,Guyana,,New Amsterdam,true,50
18049,DXD,YDIX,small_airport,Dixie Airport,-15.1175,143.316,580,OC,Australia,,New Dixie,true,50
30435,NHF,HSNW,small_airport,New Halfa Airport,15.3556,35.7278,1480,AF,Sudan,,New Halfa,true,50
18604,ECS,KECS,small_airport,Mondell Field,43.8838,-104.3142,4174,NA,United States,,Newcastle,true,50
30814,NRY,,small_airport,Newry Airport,-16.0442,129.2638,304,OC,Australia,,Newry,true,50
30958,NVY,VONV,small_airport,Neyveli Airport,11.613,79.5274,184,AS,India,,Neyveli,true,50
30405,NGL,FANG,small_airport,Ngala Airport,-24.389,31.326,3357,AF,South Africa,,Ngala,true,50
45958,ZGM,FLNA,small_airport,Ngoma Airport,-15.9658,25.9333,3400,AF,Zambia,,Ngoma,true,50
23780,ICK,SMNI,small_airport,Nieuw Nickerie - Major Henk Fernandes Airport,5.9554,-57.0406,9,SA,Suriname,,Nieuw Nickerie,true,50
30472,NIG,NGNU,small_airport,Nikunau Airport,-1.3144,176.41,6,OC,Kiribati,,Nikunau,true,50
30466,NIA,GLNA,small_airport,Nimba Airport,7.4945,-8.5845,1632,AF,Liberia,,Nimba,true,50
30476,NIK,,small_airport,Niokolo-Koba Airport,13.052,-12.7272,285,AF,Senegal,,Niokolo-Koba National Park,true,50
30489,NIX,GANR,small_airport,Nioro du Sahel Airport,15.2381,-9.5761,778,AF,Mali,,Nioro du Sahel,true,50
30724,NPG,,small_airport,Nipa Airport,-6.1454,143.4531,5765,OC,Papua New Guinea,,Nipa,true,50
30765,NQL,SWNQ,small_airport,Niquelândia Airport,-14.4349,-48.4916,2756,SA,Brazil,,Niquelândia,true,50
25510,JOM,HTNJ,small_airport,Njombe Airport,-9.35,34.8,6400,AF,Tanzania,,Njombe,true,50
30558,NKU,FXNK,small_airport,Nkaus Airport,-30.0217,28.1969,5621,AF,Lesotho,,Nkaus,true,50
30694,NOM,,small_airport,Nomad River Airport,-6.294,142.2342,305,OC,Papua New Guinea,,Nomad River,true,50
30695,NON,NGTO,small_airport,Nonouti Airport,-0.6397,174.428,10,OC,Kiribati,,Nonouti,true,50
30838,NSM,YNSM,small_airport,Norseman Aerodrome,-32.203,121.7581,263,OC,Australia,,Norseman,true,50
37287,SRR,,small_airport,Dunwich Airport,-27.519,153.4276,260,OC,Australia,,North Stradbroke Island,true,50
43626,XNU,DFON,small_airport,Nouna Airport,12.75,-3.867,886,AF,Burkina Faso,,Nouna,true,50
30949,NVP,SWNA,small_airport,Novo Aripuanã Airport,-5.118,-60.3649,118,SA,Brazil,,Novo Aripuanã,true,50
30735,NPR,SJNP,small_airport,Novo Progresso Airport,-7.1258,-55.4008,794,SA,Brazil,,Novo Progresso,true,50
30989,NWT,,small_airport,Nowata Airport,-9.9842,149.7292,2040,OC,Papua New Guinea,,Nowata,true,50
30538,NKA,,small_airport,Nkan Airstrip,0.3843,9.7536,0,AF,Gabon,,Ntoum,true,50
30256,NCG,MMCG,small_airport,Aeropuerto Municipal de Nuevo Casas Grandes,30.3974,-107.875,4850,NA,Mexico,,Nuevo Casas Grandes,true,50
30904,NUG,AYNI,small_airport,Nuguria Airstrip,-3.4075,154.7383,30,OC,Papua New Guinea,,Nuguria Island,true,50
30908,NUK,NTGW,small_airport,Nukutavake Airport,-19.2846,-138.7684,17,OC,French Polynesia,,Nukutavake,true,50
30553,NKP,,small_airport,Nukutepipi Airport,-20.7001,-143.0459,32,OC,French Polynesia,,Nukutepipi,true,50
30905,NUH,,small_airport,Nunchia Airport,5.65,-72.2,1849,SA,Colombia,,Nunchia,true,50
39937,UTD,,small_airport,Nutwood Downs Airport,-15.8074,134.1459,500,OC,Australia,,Nutwood Downs,true,50
31046,NYE,HKNI,small_airport,Nyeri Airport,-0.3644,36.9785,5830,AF,Kenya,,Nyeri,true,50
31078,NZA,FNZG,small_airport,Nzagi Airport,-7.7169,21.3582,2431,AF,Angola,,Nzagi,true,50
31082,NZE,GUNZ,small_airport,Nzérékoré Airport,7.8104,-8.7021,1657,AF,Guinea,,Nzérékoré,true,50
31513,OBD,,small_airport,Obano Airport,-3.9106,136.2306,5800,AS,Indonesia,,Obano,true,50
31512,OBC,HDOB,small_airport,Obock Airport,11.967,43.267,69,AF,Djibouti,,Obock,true,50
44564,YDW,,small_airport,North of Sixty Airport,60.3157,-103.1313,1195,NA,Canada,,Obre Lake,true,50
26448,KEO,DIOD,small_airport,Odienne Airport,9.5395,-7.5613,1365,AF,Côte d'Ivoire,,Odienne,true,50
29620,MUS,RJAM,small_airport,JMSDF Minami Torishima Air Base,24.2897,153.979,22,AS,Japan,,Ogasawara,true,50
31850,OKQ,WAKO,small_airport,Okaba Airport,-8.0946,139.7233,23,AS,Indonesia,,Okaba,true,50
31855,OKV,AYOF,small_airport,Okao Airport,-5.5567,141.0328,450,OC,Papua New Guinea,,Okao,true,50
31840,OKG,,small_airport,Okoyo Airport,-1.4483,15.0733,1415,AF,Republic of the Congo,,Okoyo,true,50
31849,OKP,AYOJ,small_airport,Oksapmin Airport,-5.2261,142.2259,5140,OC,Papua New Guinea,,Oksapmin,true,50
31487,OAN,MHEA,small_airport,El Arrayán Airport,15.5056,-86.5747,722,NA,Honduras,,Olanchito,true,50
31952,ONK,UERO,small_airport,Olenyok Airport,68.515,112.48,847,EU,Russia,,Olenyok,true,50
31886,OLQ,AYOV,small_airport,Olsobip Airport,-5.3897,141.5153,1500,OC,Papua New Guinea,,Olsobip,true,50
31912,OMG,FYOE,small_airport,Omega Airport,-18.0303,22.1897,3346,AF,Namibia,,Omega,true,50
31914,OMI,OIAJ,small_airport,Omidiyeh Airport,30.8352,49.5349,85,AS,Iran,,Omidiyeh,true,50
29611,MUJ,HAMR,small_airport,Mui River Airport,5.8646,35.7485,1834,AF,Ethiopia,,Omo National Park,true,50
32126,OSE,AYOM,small_airport,Omora Airport,-7.8278,147.0806,2540,OC,Papua New Guinea,,Omora,true,50
31943,ONB,AYQQ,small_airport,Ononge Airport,-8.6744,147.2624,5800,OC,Papua New Guinea,,Onange Mission,true,50
39735,UNR,ZMUH,small_airport,Öndörkhaan Airport,47.3049,110.6092,3410,AS,Mongolia,,Öndörkhaan,true,50
20583,FVR,YFRV,small_airport,Oombulgurri Airport,-15.1647,127.8401,22,OC,Australia,,Oombulgurri,true,50
32036,OPW,FYOP,small_airport,Opuwa Airport,-18.056,13.8521,3770,AF,Namibia,,Opuwa,true,50
31599,ODR,YORV,small_airport,Ord River Airport,-17.3408,128.912,390,OC,Australia,,Ord River,true,50
32316,OXO,,small_airport,Orientos Airport,-28.0598,141.5361,375,OC,Australia,,Orientos,true,50
32109,ORX,SNOX,small_airport,Oriximiná Airport,-1.7141,-55.8362,262,SA,Brazil,,Oriximiná,true,50
31734,OHI,FYOS,small_airport,Oshakati Airport,-17.797,15.6993,3616,AF,Namibia,,Oshakati,true,50
32128,OSG,AYZS,small_airport,Ossima Airport,-2.9156,141.2973,205,OC,Papua New Guinea,,Ossima,true,50
32167,OTJ,FYOW,small_airport,Otjiwarongo Airport,-20.433,16.6608,4859,AF,Namibia,,Otjiwarongo,true,50
32174,OTQ,,small_airport,Otog Front Banner Oljoq Airport,38.1712,107.3905,0,AS,China,,Otog Front Banner,true,50
31582,ODA,FEFW,small_airport,Ouadda Airport,8.0106,22.3986,2461,AF,Central African Republic,,Ouadda,true,50
32200,OUG,DFCC,small_airport,Ouahigouya Airport,13.6553,-2.3221,1089,AF,Burkina Faso,,Ouahigouya,true,50
31591,ODJ,FEGO,small_airport,Ouanda Djallé Airport,8.9,22.783,1985,AF,Central African Republic,,Ouanda Djallé,true,50
31662,OFI,DIOF,small_airport,Ouango Fitini Airport,9.6,-4.05,974,AF,Côte d'Ivoire,,Ouango Fitini,true,50
32206,OUM,,small_airport,Oum Hadjer Airport,13.2782,19.7103,1198,AF,Chad,,Oum Hadjer,true,50
33330,PPU,VYPP,small_airport,Hpapun Airport,18.0667,97.4498,300,AS,Myanmar,,Pa Pun,true,50
33170,PLE,AYPB,small_airport,Paiela Airport,-5.3724,142.9758,6100,OC,Papua New Guinea,,Paiela,true,50
32775,PAF,HUPA,small_airport,Pakuba Airport,2.3266,31.4977,2365,AF,Uganda,,Pakuba,true,50
33171,PLF,FTTP,small_airport,Pala Airport,9.3781,14.925,1532,AF,Chad,,Pala,true,50
28043,LMZ,,small_airport,Palma Airport,-10.7506,40.4702,177,AF,Mozambique,,Palma,true,50
17413,DFP,,small_airport,Drumduff Airport,-16.0521,143.0133,0,OC,Australia,,Palmer,true,50
31630,OEM,SMPA,small_airport,Vincent Fayks Airport,3.3461,-55.4437,714,SA,Suriname,,Paloemeu,true,50
43678,XPA,DFEP,small_airport,Pama Airport,11.25,0.7,699,AF,Burkina Faso,,Pama,true,50
32792,PAW,,small_airport,Pambwa Airstrip,-11.403,154.0117,18,OC,Papua New Guinea,,Pambwa Station,true,50
32794,PAY,WBKP,small_airport,Pamol Airport,5.9966,117.4048,36,AS,Malaysia,,Pamol,true,50
32999,PGN,AYPG,small_airport,Pangia Airport,-6.386,144.1084,5340,OC,Papua New Guinea,,Pangia,true,50
32987,PGB,AYPC,small_airport,Pangoa Airport,-7.0226,141.5605,60,OC,Papua New Guinea,,Pangoa,true,50
33317,PPH,SVPX,small_airport,Paraitepuy Airstrip,4.6004,-61.4982,3373,SA,Venezuela,,Paraitepuy de Ikabarú,true,50
33221,PMT,SYPM,small_airport,Paramakatoi Airport,4.6996,-59.7138,2600,SA,Guyana,,Paramakatoi,true,50
33400,PRS,AGGP,small_airport,Parasi Airport,-9.6417,161.425,0,OC,Solomon Islands,,Parasi,true,50
19248,EUO,,small_airport,Paratebueno Airport,4.4013,-73.1884,820,SA,Colombia,,Paratebueno,true,50
33385,PRD,YPDO,small_airport,Pardoo Airport,-20.1194,119.5719,36,OC,Australia,,Pardoo,true,50
33399,PRR,SYPR,small_airport,Paruima Airport,5.8172,-61.0555,1765,SA,Guyana,,Paruima,true,50
32848,PCG,,small_airport,Paso Caballos Airport,17.2639,-90.2563,213,NA,Guatemala,,Paso Caballos,true,50
25548,JPO,,small_airport,Aeroporto Brigadeiro Firmino Ayres,-7.039,-37.2516,869,SA,Brazil,,Patos,true,50
32790,PAU,VYPK,small_airport,Pauk Airport,21.4492,94.4869,249,AS,Myanmar,,Pauk,true,50
33570,PWI,HAPW,small_airport,Beles Airport,11.3126,36.4164,3695,AF,Ethiopia,,Pawe,true,50
33647,PYN,,small_airport,Payán Airport,1.8,-78.1667,97,SA,Colombia,,Payán,true,50
32915,PEB,,small_airport,Pebane Airport,-17.2728,38.1807,0,AF,Mozambique,,Pebane,true,50
32925,PEL,FXPG,small_airport,Pelaneng Airport,-29.0881,28.4972,7200,AF,Lesotho,,Pelaneng,true,50
32938,PEY,,small_airport,Penong Airport,-31.9167,133,78,OC,Australia,,Penong,true,50
26380,KCS,YKCS,small_airport,Kings Creek Airport,-24.4213,131.8195,615,OC,Australia,,Petermann,true,50
33022,PHA,VVPR,small_airport,Phan Rang Airport,11.6335,108.952,101,AS,Vietnam,,Phan Rang,true,50
16477,CPP,SCKP,small_airport,Coposa Airport,-20.7505,-68.6835,12468,SA,Chile,,Pica,true,50
33217,PMP,AYPJ,small_airport,Pimaga Airport,-6.4992,143.5103,2745,OC,Papua New Guinea,,Pimaga,true,50
32822,PBQ,SWPM,small_airport,Pimenta Bueno Airport,-11.6416,-61.1791,682,SA,Brazil,,Pimenta Bueno,true,50
32886,PDI,AYPD,small_airport,Pindiu Airport,-6.4451,147.5158,2995,OC,Papua New Guinea,,Pindiu,true,50
33060,PIC,MBPI,small_airport,Pine Cay Airport,21.8747,-72.0906,3,NA,Turks and Caicos Islands,,Pine Cay,true,50
33030,PHI,SNYE,small_airport,Pinheiro Airport,-2.4774,-45.105,66,SA,Brazil,,Pinheiro,true,50
33074,PIQ,,small_airport,Pipillipai Airport,5.3567,-60.381,1650,SA,Guyana,,Pipillipai,true,50
33079,PIV,SNPX,small_airport,Pirapora Airport,-17.3169,-44.8603,1808,SA,Brazil,,Pirapora,true,50
33166,PLA,,small_airport,Planadas Airport,3.1971,-75.642,3931,SA,Colombia,,Planadas,true,50
33185,PLT,SKPL,small_airport,Plato Airport,9.8,-74.7833,69,SA,Colombia,,Plato,true,50
37254,SQU,SPOA,small_airport,Saposoa Airport,-6.96,-76.7684,982,SA,Peru,,Plaza Saposoa,true,50
33505,PUP,DFCP,small_airport,Po Airport,11.1791,-1.1485,1050,AF,Burkina Faso,,Po,true,50
34405,QJP,,small_airport,Pocheon (G-217) Airport,37.8646,127.1766,328,AS,South Korea,,Pocheon,true,50
33277,POD,GOSP,small_airport,Podor Airport,16.6782,-14.965,20,AF,Senegal,,Podor,true,50
28062,LNI,PALN,small_airport,Point Lonely Short Range Radar Site Airfield,70.9111,-153.2378,17,NA,United States,,Point Lonely,true,50
32881,PDD,FQPO,small_airport,Ponta do Ouro Airport,-26.8269,32.8384,92,AF,Mozambique,,Ponta do Ouro,true,50
33287,PON,MGPP,small_airport,Poptún Airport,16.3258,-89.4161,1801,NA,Guatemala,,Poptún,true,50
33386,PRE,,small_airport,Pore Airport,5.7333,-71.9833,975,SA,Colombia,,Pore,true,50
33142,PKM,SYPK,small_airport,Port Kaituma Airport,7.7422,-59.8826,20,SA,Guyana,,Port Kaituma,true,50
35458,RCY,MYRP,small_airport,Rum Cay International Airport,23.6834,-74.8363,15,NA,Bahamas,,Port Nelson,true,50
32842,PCA,PAOC,small_airport,Portage Creek Airport,58.9065,-157.714,137,NA,United States,,Portage Creek,true,50
32829,PBX,SWPQ,small_airport,Fazenda Piraguassu Airport,-10.8593,-51.6882,643,SA,Brazil,,Porto Alegre do Norte,true,50
33470,PTQ,SNMZ,small_airport,Porto de Moz Airport,-1.7413,-52.236,52,SA,Brazil,,Porto de Moz,true,50
33398,PRQ,SARS,small_airport,Termal Airport,-26.7536,-60.4922,308,SA,Argentina,,Presidencia Roque Sáenz Peña,true,50
32895,PDR,,small_airport,Presidente José Sarney Airport,-5.3098,-44.481,400,SA,Brazil,,Presidente Dutra,true,50
33392,PRK,FAPK,small_airport,Prieska Airport,-29.6836,22.7706,3100,AF,South Africa,,Prieska,true,50
32962,PFM,,small_airport,Primrose Airport,55.39,-111.1198,2307,NA,Canada,,Primrose,true,50
33312,PPC,PAPR,small_airport,Prospect Creek Airport,66.8141,-150.644,1095,NA,United States,,Prospect Creek,true,50
33490,PUA,,small_airport,Puas Airport,-2.395,150.2361,45,OC,Papua New Guinea,,Puas Mission,true,50
13773,AML,,small_airport,Puerto Armuelles Airport,8.2677,-82.8645,42,NA,Panama,,Puerto Armuelles,true,50
32810,PBE,SKPR,small_airport,Puerto Berrio Airport,6.4603,-74.4105,445,SA,Colombia,,Puerto Berrio,true,50
21540,GMC,,small_airport,Guerima Airport,3.63,-70.323,471,SA,Colombia,,Puerto Carreño,true,50
32851,PCJ,,small_airport,Puerto La Victoria Airport,-22.296,-57.8701,286,SA,Paraguay,,Puerto La Victoria,true,50
32825,PBT,,small_airport,Aeródromo de Puerto Leda,-20.909,-57.9269,260,SA,Paraguay,,Puerto Leda,true,50
16008,CCO,SKCI,small_airport,Carimagua Airport,4.5642,-71.3364,700,SA,Colombia,,Puerto López,true,50
21718,GRA,,small_airport,Gamarra Airport,8.202,-73.7653,130,SA,Colombia,,Puerto Mosquito,true,50
33335,PPZ,SVPP,small_airport,Puerto Paez Airport,6.2201,-67.4475,146,SA,Venezuela,,Puerto Paez,true,50
33648,PYO,SEPT,small_airport,Putumayo Airport,0.1159,-75.8502,733,SA,Ecuador,,Puerto Putumayo,true,50
32844,PCC,,small_airport,Puerto Rico Airport,1.9167,-75.1667,980,SA,Colombia,,Puerto Rico,true,50
33500,PUK,NTGQ,small_airport,Pukaruha Airport,-18.2957,-137.0163,5,OC,French Polynesia,,Pukaruha,true,50
27588,LAC,,small_airport,Layang-Layang Airport,7.3716,113.844,7,AS,Malaysia,,Pulau Layang-Layang (Swallow Reef),true,50
33215,PMN,AYPQ,small_airport,Pumani Airport,-9.7469,149.4766,427,OC,Papua New Guinea,,Pumani,true,50
15459,BXF,YBEB,small_airport,Bellburn Airstrip,-17.545,128.305,810,OC,Australia,,Pumululu National Park,true,50
42258,WLU,,small_airport,Walluanda Airport,-6.4752,143.9872,6050,OC,Papua New Guinea,,Puri,true,50
33576,PWO,FZQC,small_airport,Pweto Airport,-8.4008,28.9263,3625,AF,Democratic Republic of the Congo,,Pweto,true,50
39722,UNE,FXQN,small_airport,Qacha's Nek Airport,-30.1117,28.6719,6100,AF,Lesotho,,Qacha's Nek,true,50
16363,CMJ,RCCM,small_airport,Qimei Airport,23.2131,119.4175,63,AS,Taiwan,,Qimei,true,50
23963,IHN,OYQN,small_airport,Qishn Airport,15.417,51.683,100,AS,Yemen,,Qishn,true,50
39690,UMI,SPIL,small_airport,Quincemil Air Base,-13.2314,-70.7515,2047,SA,Peru,,Quince Mil,true,50
39940,UTG,FXQG,small_airport,Quthing Airport,-30.4075,27.6933,5350,AF,Lesotho,,Quthing,true,50
35413,RBP,AYRE,small_airport,Raba Raba Airport,-9.9711,149.8322,170,OC,Papua New Guinea,,Rabaraba,true,50
35406,RBI,NFFR,small_airport,Rabi Island Airport,-16.5337,179.9757,88,OC,Fiji,,Rabi Island,true,50
35367,RAF,SAFR,small_airport,Rafaela Airport,-31.2825,-61.5017,325,SA,Argentina,,Rafaela,true,50
35542,RFA,FEGR,small_airport,Rafaï Airport,4.9886,23.9278,1759,AF,Central African Republic,,Rafaï,true,50
35687,RJB,VNRB,small_airport,Rajbiraj Airport,26.5101,86.7339,250,AS,Nepal,,Rajbiraj,true,50
35694,RJI,,small_airport,Rajouri Airport,33.3779,74.3152,3000,AS,India,,Rajouri,true,50
35362,RAA,,small_airport,Rakanda Airport,-4.2096,152.4385,38,OC,Papua New Guinea,,Rakanda,true,50
35797,RMD,VORG,small_airport,Basanth Nagar Airport,18.701,79.3923,670,AS,India,,Ramagundam,true,50
35850,RNU,WBKR,small_airport,Ranau Airport,5.9578,116.6802,1800,AS,Malaysia,,Ranau,true,50
36020,RSK,WASC,small_airport,Abresso Airport,-1.4967,134.1925,52,AS,Indonesia,,Ransiki-Papua Island,true,50
14054,AUE,,small_airport,Abu Rudeis Airport,28.8997,33.2021,43,AS,Egypt,,Ras Abu Rudeis,true,50
35407,RBJ,RJCR,small_airport,Rebun Airport,45.455,141.039,92,AS,Japan,,Rebun,true,50
35514,REI,SOOR,small_airport,Régina Airport,4.3134,-52.1327,82,SA,French Guiana,,Régina,true,50
35489,RDT,GOSR,small_airport,Richard Toll Airport,16.4378,-15.6564,20,AF,Senegal,,Richard Toll,true,50
35663,RIN,AGRC,small_airport,Ringi Cove Airport,-8.1264,157.143,0,OC,Solomon Islands,,Ringi Cove,true,50
35559,RFR,MRRF,small_airport,Rio Frio / Progreso Airport,10.3274,-83.8876,350,NA,Costa Rica,,Rio Frio / Progreso,true,50
36120,RVC,,small_airport,River Cess Airport and Heliport,5.4725,-9.5855,27,AF,Liberia,,River Cess,true,50
38171,TGB,,small_airport,Tagbita Airstrip,8.7149,117.3526,0,AS,Philippines,,Rizal,true,50
35400,RBC,YROI,small_airport,Robinvale Airport,-34.6429,142.773,87,OC,Australia,,Robinvale,true,50
35412,RBO,SLRB,small_airport,Roboré Airport,-18.3282,-59.7653,905,SA,Bolivia,,Roboré,true,50
35470,RDA,,small_airport,Rockhampton Downs Airport,-18.9533,135.201,0,OC,Australia,,Rockhampton Downs,true,50
35662,RIM,SPLN,small_airport,San Nicolas Airport,-6.3923,-77.5012,5082,SA,Peru,,Rodriguez de Mendoza,true,50
35746,RKY,,small_airport,Rokeby Airport,-13.6434,142.641,362,OC,Australia,,Rokeby,true,50
35552,RFK,,small_airport,Rollang Field,32.9535,-90.8451,106,NA,United States,,Rolling Fork,true,50
35902,RPA,VNRP,small_airport,Rolpa Airport,28.2673,82.7565,4100,AS,Nepal,,Rolpa,true,50
35903,RPB,YRRB,small_airport,Roper Bar Airport,-14.7348,134.5255,92,OC,Australia,,Roper Bar,true,50
35923,RPV,,small_airport,Roper Valley Airport,-14.9215,134.05,237,OC,Australia,,Roper Valley,true,50
35773,RLP,,small_airport,Rosella Plains Airport,-18.4253,144.4587,1855,OC,Australia,,Rosella Plains,true,50
35627,RHN,FYSA,small_airport,Skorpion Mine Airport,-27.8764,16.6478,1870,AF,Namibia,,Rosh Pinah,true,50
18919,ELJ,,small_airport,El Recreo Airport,2,-74.1333,900,SA,Colombia,,Ruperto Polania,true,50
36097,RUP,VERU,small_airport,Rupsi Airport,26.1419,89.9079,131,AS,India,,Rupsi,true,50
36715,SBV,AYSH,small_airport,Sabah Airport,-5.5765,155.0489,10,OC,Papua New Guinea,,Sabah,true,50
37145,SNT,SKRU,small_airport,Las Cruces Airport,7.3832,-73.5054,440,SA,Colombia,,Sabana de Torres,true,50
37504,SXS,WBKH,small_airport,Sahabat [Sahabat 16] Airport,5.0878,119.094,40,AS,Malaysia,,Sahabat,true,50
36774,SDI,AYSD,small_airport,Saidor Airport,-5.6271,146.4628,83,OC,Papua New Guinea,,Saidor,true,50
36670,SAM,,small_airport,Salamo Airport,-9.6701,150.7903,30,OC,Papua New Guinea,,Salamo,true,50
41014,VNA,VLSV,small_airport,Salavan Airport,15.709,106.4109,574,AS,Laos,,Salavan,true,50
30225,NBL,MPWN,small_airport,Wannukandi Airport,9.2735,-78.1398,6,NA,Panama,,San Blas,true,50
37309,SSD,SCSF,small_airport,Víctor Lafón Airport,-32.7458,-70.705,2162,SA,Chile,,San Felipe,true,50
37138,SNM,SLSM,small_airport,San Ignacio de Moxos Airport,-14.9658,-65.6338,545,SA,Bolivia,,San Ignacio de Moxos,true,50
37132,SNG,SLSI,small_airport,Capitán Av. Juan Cochamanidis S. Airport,-16.3872,-60.9623,1354,SA,Bolivia,,San Ignacio de Velasco,true,50
37003,SJV,SLJV,small_airport,San Javier Airport,-16.2708,-62.4703,1702,SA,Bolivia,,San Javier,true,50
36983,SJB,SLJO,small_airport,San Joaquín Airport,-13.0672,-64.6752,456,SA,Bolivia,,San Joaquín,true,50
37000,SJS,SLJE,small_airport,San José De Chiquitos Airport,-17.8308,-60.7431,974,SA,Bolivia,,San José de Chiquitos,true,50
36982,SJA,SPJN,small_airport,San Juan de Marcona Airport,-15.3575,-75.135,144,SA,Peru,,San Juan de Marcona,true,50
36999,SJR,,small_airport,San Juan De Uraba Airport,8.7667,-76.5333,10,SA,Colombia,,San Juan De Uraba,true,50
36989,SJH,,small_airport,San Juan Del César Airport,10.7667,-73.0167,3608,SA,Colombia,,San Juan Del César,true,50
37238,SQE,,small_airport,San Luis De Palenque Airport,5.4002,-71.7001,551,SA,Colombia,,San Luis De Palenque,true,50
39252,UAC,,small_airport,San Luis Río Colorado Airport,32.4453,-114.798,50,NA,Mexico,,San Luis Río Colorado,true,50
37288,SRS,,small_airport,San Marcos Airport,8.69,-75.156,140,SA,Colombia,,San Marcos,true,50
29468,MQK,SLTI,small_airport,San Matías Airport,-16.3392,-58.4019,403,SA,Bolivia,,San Matías,true,50
30738,NPU,,small_airport,San Pedro Airport,8.2893,-76.375,420,SA,Colombia,,San Pedro de Urabá,true,50
37273,SRD,SLRA,small_airport,San Ramón Airport,-13.2639,-64.6039,698,SA,Bolivia,,San Ramón / Mamoré,true,50
37435,SVV,,small_airport,San Salvador de Paul Airport,7,-62,576,SA,Venezuela,,San Salvador de Paul,true,50
14200,AYG,SKYA,small_airport,Yaguara Airport,1.5442,-73.9333,812,SA,Colombia,,San Vicente Del Caguán,true,50
37247,SQN,WAES,small_airport,Emalamo Airport,-2.1004,125.9658,11,AS,Indonesia,,Sanana,true,50
39916,USS,MUSS,small_airport,Sancti Spiritus Airport,21.9704,-79.4427,295,NA,Cuba,,Sancti Spiritus,true,50
36768,SDC,SYSC,small_airport,Sand Creek Airport,2.9913,-59.51,360,SA,Guyana,,Sand Creek,true,50
37282,SRM,,small_airport,Sandringham Airport,-24.0568,139.0821,313,OC,Australia,,Sandringham Station,true,50
30304,NDS,YSAN,small_airport,Sandstone Airport,-27.98,119.297,0,OC,Australia,,Sandstone,true,50
19955,FEB,VNSR,small_airport,Sanfebagar Airport,29.2366,81.2153,2280,AS,Nepal,,Sanfebagar,true,50
36890,SGQ,WALA,small_airport,Sangkimah Airport,0.3844,117.5428,60,AS,Indonesia,,Sanggata,true,50
36730,SCA,,small_airport,Santa Catalina Airport,8.5,-76.175,280,SA,Colombia,,Santa Catalina,true,50
37362,STU,,small_airport,Santa Cruz Airport,18.2721,-88.4563,18,NA,Belize,,Santa Cruz,true,50
37571,SZN,KSZN,small_airport,Santa Cruz Island Airport,34.0601,-119.9152,50,NA,United States,,Santa Cruz Island,true,50
37271,SRB,SLSR,small_airport,Santa Rosa de Yacuma Airport,-14.0731,-66.7874,738,SA,Bolivia,,Santa Rosa,true,50
37317,SSL,SKSL,small_airport,Santa Rosalia Airport,5.1309,-70.8682,400,SA,Colombia,,Santa Rosalia,true,50
16622,CTQ,,small_airport,Santa Vitória do Palmar Airport,-33.502,-53.3449,82,SA,Brazil,,Santa Vitória do Palmar,true,50
16369,CMP,,small_airport,Santana do Araguaia Airport,-9.3199,-50.3285,614,SA,Brazil,,Santana do Araguaia,true,50
37284,SRO,,small_airport,Santana Ramos Airport,2.2167,-75.25,6017,SA,Colombia,,Santana Ramos,true,50
29785,MZD,,small_airport,Méndez Airport,-2.7333,-78.3167,1770,SA,Ecuador,,Santiago de Méndez,true,50
37257,SQX,SSOE,small_airport,São Miguel do Oeste Hélio Wasum Airport,-26.7816,-53.5035,2180,SA,Brazil,,São Miguel do Oeste,true,50
31872,OLC,SDCG,small_airport,Senadora Eunice Micheles Airport,-3.4691,-68.9211,335,SA,Brazil,,São Paulo De Olivença,true,50
14241,AZL,SWTU,small_airport,Fazenda Tucunaré Airport,-13.4655,-58.8669,1814,SA,Brazil,,Sapezal,true,50
37097,SMH,AYSP,small_airport,Sapmanga Airport,-6.0753,146.8111,2912,OC,Papua New Guinea,,Sapmanga,true,50
36699,SBF,OADS,small_airport,Sardeh Band Airport,33.3207,68.6365,6971,AS,Afghanistan,,Sardeh Band,true,50
31883,OLN,SAVM,small_airport,Lago Musters Airport,-45.5752,-69.077,889,SA,Argentina,,Sarmiento,true,50
36683,SAZ,GLST,small_airport,Sasstown Airport,4.6818,-8.4347,6,AF,Liberia,,Sasstown,true,50
37456,SWG,AYSW,small_airport,Satwag Airport,-6.1396,147.2792,4185,OC,Papua New Guinea,,Satwag,true,50
37508,SXW,AYSV,small_airport,Sauren Airport,-5.9701,148.8543,46,OC,Papua New Guinea,,Sauren,true,50
16627,CTV,,small_airport,Catoca Airport,-9.4314,20.3116,3498,AF,Angola,,Saurimo,true,50
43790,XSE,DFES,small_airport,Sebba Airport,13.45,0.517,886,AF,Burkina Faso,,Sebba,true,50
18742,EGM,AGGS,small_airport,Sege Airport,-8.5789,157.876,0,OC,Solomon Islands,,Sege,true,50
36816,SEO,DISG,small_airport,Séguéla Airport,7.96,-6.6442,1056,AF,Côte d'Ivoire,,Séguéla,true,50
36920,SHK,FXSH,small_airport,Sehonghong Airport,-29.7311,28.7679,6500,AF,Lesotho,,Sehonghong,true,50
37493,SXH,AYSL,small_airport,Sehulea Airport,-9.9645,151.1619,30,OC,Papua New Guinea,,Sehulea,true,50
37034,SKQ,FXSK,small_airport,Sekakes Airport,-30.0389,28.3703,5700,AF,Lesotho,,Sekakes,true,50
36696,SBC,AYSO,small_airport,Selbang Airport,-5.315,141.752,5130,OC,Papua New Guinea,,Selbang,true,50
15278,BSE,WBGN,small_airport,Sematan Airport,1.8127,109.7654,22,AS,Malaysia,,Sematan,true,50
37172,SOK,FXSM,small_airport,Semonkong Airport,-29.8386,28.06,7200,AF,Lesotho,,Semonkong,true,50
37102,SMM,WBKA,small_airport,Semporna Airport,4.4546,118.595,60,AS,Malaysia,,Semporna,true,50
46165,ZMD,,small_airport,Sena Madureira Airport,-9.116,-68.6108,540,SA,Brazil,,Sena Madureira,true,50
37492,SXG,FLSN,small_airport,Senanga Airport,-16.113,23.2982,3347,AF,Zambia,,Senanga,true,50
36884,SGK,AYSK,small_airport,Sengapi Airstrip,-5.1258,144.3236,6242,OC,Papua New Guinea,,Sengapi,true,50
45880,ZEG,WAKQ,small_airport,Senggo Airport,-5.6907,139.3504,52,AS,Indonesia,,Senggo-Papua Island,true,50
37219,SPV,,small_airport,Sepik Plains Airport,-3.8821,143.6734,230,OC,Papua New Guinea,,Sepik Plains,true,50
37202,SPE,WBKO,small_airport,Sepulot Airport,4.733,116.467,800,AS,Malaysia,,Sepulot,true,50
36998,SJQ,FLSS,small_airport,Sesheke Airport,-17.4763,24.3061,3100,AF,Zambia,,Sesheke,true,50
36935,SHZ,FXSS,small_airport,Seshutes Airport,-29.2676,28.5523,7000,AF,Lesotho,,Seshutes,true,50
36933,SHX,PAHX,small_airport,Shageluk Airport,62.6921,-159.569,79,NA,United States,,Shageluk,true,50
35423,RBZ,,small_airport,Shahrisabz Southwest Airport,39.0301,66.7758,1940,AS,Uzbekistan,,Shahrisabz,true,50
36085,RUD,OIMJ,small_airport,Shahrud International Airport,36.4249,55.1043,4215,AS,Iran,,Shahrud,true,50
37035,SKR,HASK,small_airport,Shakiso Airport,5.6923,38.9764,5815,AF,Ethiopia,,Shakiso,true,50
17398,DFA,,small_airport,Shangluo Airport,33.7085,110.2493,0,AS,China,,Shangluo (Danfeng),true,50
31492,OAS,OASA,small_airport,Sharana Airstrip,33.1257,68.8385,7340,AS,Afghanistan,,Sharana,true,50
37110,SMU,PASP,small_airport,Sheep Mountain Airport,61.812,-147.507,2750,NA,United States,,Sheep Mountain,true,50
22421,HAT,YHTL,small_airport,Heathlands Airport,-11.7369,142.577,0,OC,Australia,,Shelburne,true,50
33479,PTZ,SESM,small_airport,Rio Amazonas Airport,-1.5052,-78.0627,3465,SA,Ecuador,,Shell Mera,true,50
27677,LCT,,small_airport,Shijiazhuang Luancheng Airport,37.913,114.5917,197,AS,China,,Shijiazhuang,true,50
37524,SYC,SPSY,small_airport,Shiringayoc Airport,-11.898,-69.0625,856,SA,Peru,,Shiringayoc,true,50
35886,ROU,LBRS,small_airport,Ruse Airport,43.6948,26.0567,614,EU,Bulgaria,,Shtraklevo,true,50
37486,SXA,AYQS,small_airport,Sialum Airport,-6.0908,147.5955,170,OC,Papua New Guinea,,Sialum,true,50
37324,SSS,,small_airport,Siassi Airport,-5.5965,147.8106,1250,OC,Papua New Guinea,,Siassi,true,50
36947,SIB,FCBS,small_airport,Sibiti Airport,-3.6866,13.374,1883,AF,Republic of the Congo,,Sibiti,true,50
14828,BFW,DAOS,small_airport,Sidi Bel Abbes Airport,35.1718,-0.5933,1614,AF,Algeria,,Sidi Bel Abbès,true,50
37244,SQK,,small_airport,Sidi EL Barrani Airport,31.472,25.8793,282,AF,Egypt,,Sidi El Barrani,true,50
36895,SGV,SAVS,small_airport,Sierra Grande Airport,-41.5917,-65.3394,688,SA,Argentina,,Sierra Grande,true,50
21402,GII,GUSI,small_airport,Siguiri Airport,11.3998,-9.1884,1296,AF,Guinea,,Siguiri,true,50
36957,SIL,AYSG,small_airport,Sila Airport,-9.0736,148.3893,2230,OC,Papua New Guinea,,Sila Mission,true,50
37467,SWR,AYZI,small_airport,Silur Airport,-4.5299,153.0544,217,OC,Papua New Guinea,,Silur Mission,true,50
37099,SMJ,AYXI,small_airport,Sim Airport,-7.75,146.9273,5460,OC,Papua New Guinea,,Sim,true,50
36958,SIM,AYSJ,small_airport,Simbai Airport,-5.2786,144.5447,5804,OC,Papua New Guinea,,Simbai,true,50
37114,SMY,GOTS,small_airport,Simenti Airport,13.0468,-13.2954,171,AF,Senegal,,Simenti,true,50
29425,MPD,OPMP,small_airport,Sindhri Tharparkar Airport,25.6828,69.0728,51,AS,Pakistan,,Sindhri,true,50
37329,SSX,,small_airport,Singita Safari Lodge Airport,-24.802,31.4219,1365,AF,South Africa,,Singita Safari Lodge,true,50
43800,XSO,,small_airport,Siocon Airport,7.71,122.162,60,AS,Philippines,,Siocon,true,50
37217,SPT,,small_airport,Sipitang Airport,5.0833,115.55,44,AS,Malaysia,,Sipitang,true,50
36971,SIZ,AYZN,small_airport,Sissano Airport,-2.9994,142.0445,27,OC,Papua New Guinea,,Sissano,true,50
37474,SWY,WMBA,small_airport,Sitiawan Airport,4.2222,100.6993,25,AS,Malaysia,,Sitiawan,true,50
36966,SIU,MNSI,small_airport,Siuna,13.7272,-84.7778,606,NA,Nicaragua,,Siuna,true,50
37454,SWE,AYEW,small_airport,Siwea Airport,-6.2842,147.5824,5960,OC,Papua New Guinea,,Siwea,true,50
37030,SKM,SYSK,small_airport,Skeldon Airport,5.8597,-57.149,13,SA,Guyana,,Skeldon,true,50
37162,SOA,,small_airport,Sóc Trăng Airport,9.5814,105.9602,20,AS,Vietnam,,Sóc Trăng,true,50
37506,SXU,HASD,small_airport,Soddu Airport,6.8028,37.6862,6400,AF,Ethiopia,,Soddu,true,50
37185,SOX,SKSO,small_airport,Alberto Lleras Camargo Airport,5.6773,-72.9703,8155,SA,Colombia,,Sogamoso,true,50
37239,SQF,,small_airport,Solano Airport,0.702,-75.2505,860,SA,Colombia,,Solano,true,50
37169,SOH,,small_airport,Solita Airport,3.0167,-71.75,652,SA,Colombia,,Solita,true,50
37173,SOL,,small_airport,Solomon State Field,64.5605,-164.4457,25,NA,United States,,Solomon,true,50
37205,SPH,AYQO,small_airport,Sopu Airport,-8.3038,147.1659,6580,OC,Papua New Guinea,,Sopu,true,50
37166,SOE,FCOS,small_airport,Souanke Airport,1.9983,14.1742,1722,AF,Republic of the Congo,,Souanke,true,50
36848,SFK,,small_airport,Soure Airport,-0.6978,-48.5198,32,SA,Brazil,,Soure,true,50
37207,SPJ,,small_airport,Sparti Airfield,36.9738,22.5257,500,EU,Greece,,Sparti,true,50
46492,ZVG,,small_airport,Springvale Airport,-17.7869,127.67,0,OC,Australia,,Springvale,true,50
30203,NAZ,AGNA,small_airport,Nana Airport,-10.6758,162.2049,60,OC,Solomon Islands,,Star Harbor,true,50
37105,SMP,,small_airport,Stockholm Landing Strip,-4.35,151.55,10,OC,Papua New Guinea,,Stockholm,true,50
37115,SMZ,SMST,small_airport,Stoelmanseiland Airport,4.3514,-54.4181,187,SA,Suriname,,Stoelmanseiland,true,50
37349,STH,YSMR,small_airport,Strathmore Airport,-17.8627,142.5578,0,OC,Australia,,Strathmore,true,50
37316,SSK,,small_airport,Sturt Creek Airport,-19.1664,128.174,0,OC,Australia,,Sturt Creek,true,50
37394,SUQ,SESC,small_airport,Sucúa Airport,-2.4742,-78.169,3116,SA,Ecuador,,Sucúa,true,50
38181,TGL,AYTG,small_airport,Tagula Airport,-11.3311,153.2029,59,OC,Papua New Guinea,,Sudest Island,true,50
23055,HSF,ZYSD,small_airport,Suifenhe Dongning Airport,44.4539,130.8439,1407,AS,China,,Suifenhe,true,50
22807,HLJ,,small_airport,Zhaodong Beidahuang General Airport,46.1278,125.7735,469,AS,China,,Suihua,true,50
36733,SCD,MHUL,small_airport,Sulaco Airport,14.9072,-87.2634,400,NA,Honduras,,Sulaco,true,50
39650,ULE,,small_airport,Sule Airport,-4.9747,151.297,100,OC,Papua New Guinea,,Sule,true,50
37397,SUT,HTSU,small_airport,Sumbawanga Airport,-7.9489,31.6103,5960,AF,Tanzania,,Sumbawanga,true,50
37393,SUP,WART,small_airport,Trunojoyo Airport,-7.0224,113.8877,10,AS,Indonesia,,Sumenep,true,50
30259,NCJ,SAFS,small_airport,Sunchales Aeroclub Airport,-30.9575,-61.5283,299,SA,Argentina,,Sunchales,true,50
21800,GTK,,small_airport,Sungai Tekai Airport,2.6412,102.893,160,AS,Malaysia,,Sungai Tekai,true,50
19209,ETL,,small_airport,Svetlaya Airport,46.5417,138.3217,131,EU,Russia,,Svetlaya,true,50
37543,SYV,KSYV,small_airport,Sylvester Airport,31.5585,-83.8957,403,NA,United States,,Sylvester,true,50
37179,SOR,,small_airport,Al Thaurah Airport,34.3904,40.1526,1278,AS,Syria,,T2,true,50
38650,TTM,,small_airport,Tablón De Tamara Airport,5.7267,-72.1006,1605,SA,Colombia,,Tablón De Tamara,true,50
38802,TXU,DITB,small_airport,Tabou Airport,4.4378,-7.3627,39,AF,Côte d'Ivoire,,Tabou,true,50
38071,TDJ,HDTJ,small_airport,Tadjoura Airport,11.787,42.9174,246,AF,Djibouti,,Tadjoura,true,50
38153,TFT,,small_airport,Taftan Airport,28.9642,61.5954,2742,AS,Pakistan,,Taftan,true,50
38604,TSC,SETH,small_airport,Taisha Airport,-2.3817,-77.5028,1669,SA,Ecuador,,Taisha,true,50
38820,TYC,,small_airport,Taiyuan Yaocheng Airport,37.5031,112.4241,0,AS,China,,Taiyuan,true,50
38291,TJN,NTKM,small_airport,Takume Airport,-15.8574,-142.2665,7,OC,French Polynesia,,Takume,true,50
38372,TLW,AYVL,small_airport,Talasea Airport,-5.2726,150.0089,44,OC,Papua New Guinea,,Talasea,true,50
38399,TMN,NGTM,small_airport,Tamana Island Airport,-2.4858,175.97,0,OC,Kiribati,,Tamana Island,true,50
38402,TMQ,DFEM,small_airport,Tambao Airport,14.7909,0.0395,820,AF,Burkina Faso,,Tambao,true,50
38013,TBX,,small_airport,Tambelan Airport,0.9799,107.5647,19,AS,Indonesia,,Tambelan,true,50
38225,THT,GQNT,small_airport,Tamchakett Airport,17.2316,-10.7792,620,AF,Mauritania,,Tamchakett,true,50
38608,TSG,,small_airport,Tanacross Airport,63.3744,-143.336,1549,NA,United States,,Tanacross,true,50
38423,TNB,WRLH,small_airport,Tanah Grogot Airport,-1.8855,116.2568,17,AS,Indonesia,,Tanah Grogot,true,50
38083,TDV,FMSN,small_airport,Samangoky Airport,-21.7,43.733,89,AF,Madagascar,,Tanandava,true,50
38799,TXR,,small_airport,Tanbar Airport,-25.8478,141.928,344,OC,Australia,,Tanbar Station,true,50
38513,TPT,,small_airport,Tapeta Airport,6.4948,-8.873,870,AF,Liberia,,Tapeta,true,50
38006,TBQ,AYTR,small_airport,Tarabo Airport,-6.4667,145.5322,6100,OC,Papua New Guinea,,Tarabo,true,50
38575,TRJ,AYTT,small_airport,Tarakbits Airport,-5.614,141.0421,281,OC,Papua New Guinea,,Tarakbits,true,50
37970,TAQ,,small_airport,Tarcoola Airport,-30.7029,134.5828,400,OC,Australia,,Tarcoola,true,50
38541,TQL,USDS,small_airport,Tarko-Sale Airport,64.9305,77.8113,82,EU,Russia,,Tarko-Sale,true,50
37974,TAU,SKTA,small_airport,Tauramena Airport,5.0128,-72.7424,1462,SA,Colombia,,Tauramena,true,50
38770,TWY,AYTW,small_airport,Tawa Airport,-7.4463,146.1067,5020,OC,Papua New Guinea,,Tawa,true,50
38750,TWE,,small_airport,Taylor Airport,65.6793,-164.799,440,NA,United States,,Taylor,true,50
31930,OMY,,small_airport,Preah Vinhear Airport,13.7597,104.9717,350,AS,Cambodia,,Tbeng Meanchey,true,50
38315,TKB,AYTZ,small_airport,Tekadu Airport,-7.6808,146.5503,1310,OC,Papua New Guinea,,Tekadu,true,50
38336,TKW,AYTN,small_airport,Tekin Airport,-5.2437,142.1652,5785,OC,Papua New Guinea,,Tekin,true,50
38146,TFM,AYTE,small_airport,Telefomin Airport,-5.1261,141.6419,4950,OC,Papua New Guinea,,Telefomin,true,50
38355,TLF,,small_airport,Telida Airport,63.3939,-153.269,650,NA,United States,,Telida,true,50
38109,TEL,WBKE,small_airport,Telupid Airport,5.6286,117.126,343,AS,Malaysia,,Telupid,true,50
38104,TEG,DFET,small_airport,Tenkodogo Airport,11.8011,-0.3714,1017,AF,Burkina Faso,,Tenkodogo,true,50
38113,TEP,AYTP,small_airport,Tep Tep Airport,-5.9553,146.5595,7011,OC,Papua New Guinea,,Teptep,true,50
38438,TNQ,PLWN,small_airport,Washington Island Airstrip,4.6984,-160.3944,30,OC,Kiribati,,Teraina,true,50
38112,TEO,AYTY,small_airport,Terapo Airport,-8.1697,146.1944,15,OC,Papua New Guinea,,Terapo Mission,true,50
38063,TDB,AYTF,small_airport,Tetebedi Airport,-9.1586,148.0686,3365,OC,Papua New Guinea,,Tetebedi,true,50
38105,TEH,,small_airport,Tetlin Airport,63.1246,-142.518,1663,NA,United States,,Tetlin,true,50
38207,THB,FXTA,small_airport,Thaba-Tseka Airport,-29.5228,28.6158,7500,AF,Lesotho,,Thaba-Tseka,true,50
38216,THK,VLTK,small_airport,Thakhek Airport,17.3779,104.8574,449,AS,Laos,,Thakhek,true,50
38331,TKR,VGSG,small_airport,Thakurgaon Airport,26.0164,88.4021,176,AS,Bangladesh,,Thakurgaon,true,50
21808,GTS,YTGT,small_airport,The Granites Airport,-20.5483,130.347,0,OC,Australia,,The Granites Gold Mine,true,50
38243,TIB,SKTB,small_airport,Tibú Airport,8.6315,-72.7304,194,SA,Colombia,,Tibú,true,50
38280,TJC,,small_airport,Ticantiquí Airport,9.4185,-78.4896,17,NA,Panama,,Ticantiquí,true,50
38135,TFB,AYTH,small_airport,Tifalmin Airport,-5.1172,141.4181,4735,OC,Papua New Guinea,,Tifalmin,true,50
42005,WET,,small_airport,Deiyai / Waghete Baru Airport,-4.0592,136.2817,1779,AS,Indonesia,,Tigi,true,50
38514,TPU,VNTP,small_airport,Tikapur Airport,28.5219,81.123,522,AS,Nepal,,Tikapur,true,50
37977,TAX,WAPT,small_airport,Taliabu Island Airport,-1.6426,124.559,9,AS,Indonesia,,Tikong-Taliabu Island,true,50
38256,TIO,VYHN,small_airport,Tilin Airport,21.7,94.1,1385,AS,Myanmar,,Tilin,true,50
38081,TDT,,small_airport,Tanda Tula Airport,-24.5255,31.2897,1555,AF,South Africa,,Timbavati,true,50
38389,TMD,GQNH,small_airport,Timbedra Airport,16.2337,-8.1635,692,AF,Mauritania,,Timbedra,true,50
37993,TBD,SKMB,small_airport,Timbiqui Airport,2.7786,-77.668,145,SA,Colombia,,Timbiqui,true,50
37994,TBE,AYTV,small_airport,Timbunke Airport,-4.1966,143.5192,24,OC,Papua New Guinea,,Timbunke,true,50
38036,TCK,AYYL,small_airport,Tinboli Airport,-4.0949,143.3838,59,OC,Papua New Guinea,,Tinboli,true,50
38178,TGI,SPGM,small_airport,Tingo Maria Airport,-9.2897,-76.0051,2146,SA,Peru,,Tingo Maria,true,50
40713,VEX,,small_airport,Tioga Municipal Airport,48.3805,-102.898,2271,NA,United States,,Tioga,true,50
38507,TPN,SETI,small_airport,Tiputini Airport,-0.7761,-75.5264,997,SA,Ecuador,,Tiputini,true,50
38328,TKO,FXTK,small_airport,Tlokoeng Airport,-29.233,28.883,7000,AF,Lesotho,,Tlokoeng,true,50
38481,TOX,USTO,small_airport,Tobolsk Airport,58.1358,68.2319,167,AS,Russia,,Tobolsk,true,50
38031,TCF,,small_airport,Tocoa Airport,15.6597,-85.9942,121,NA,Honduras,,Tocoa,true,50
38339,TKZ,NZTO,small_airport,Tokoroa Airfield,-38.2367,175.892,1220,OC,New Zealand,,Tokoroa,true,50
38364,TLO,AYXO,small_airport,Tol Airport,-4.9808,152.01,49,OC,Papua New Guinea,,Tol,true,50
38471,TON,AYVO,small_airport,Tonu Airport,-6.6552,155.4326,300,OC,Papua New Guinea,,Tonu,true,50
38035,TCJ,AYVM,small_airport,Torembi Airport,-4.0165,143.1329,90,OC,Papua New Guinea,,Torembi,true,50
38468,TOK,,small_airport,Torokina Airport,-6.2015,155.063,130,OC,Papua New Guinea,,Torokina,true,50
38590,TRY,HUTO,small_airport,Tororo Airport,0.683,34.167,3840,AF,Uganda,,Tororo,true,50
38654,TTQ,MRBT,small_airport,Barra del Tortuguero,10.569,-83.5149,19,NA,Costa Rica,,Tortuguero,true,50
38761,TWP,,small_airport,Torwood Airport,-17.3633,143.75,0,OC,Australia,,Torwood,true,50
38447,TNZ,ZMTL,small_airport,Tosontsengel Airport,48.7389,98.2941,5610,AS,Mongolia,,Tosontsengel,true,50
38477,TOT,SMCO,small_airport,Totness Airport,5.8658,-56.3275,10,SA,Suriname,,Totness,true,50
38483,TOZ,DITM,small_airport,Mahana Airport,8.2934,-7.674,1583,AF,Côte d'Ivoire,,Touba,true,50
38690,TUQ,DFOT,small_airport,Tougan Airport,13.0591,-3.0773,984,AF,Burkina Faso,,Tougan,true,50
38837,TYT,SUTR,small_airport,Treinta y Tres Airport,-33.1957,-54.3472,337,SA,Uruguay,,Treinta y Tres,true,50
38062,TDA,SKTD,small_airport,Trinidad Airport,5.4328,-71.6625,649,SA,Colombia,,Trinidad,true,50
38627,TSZ,ZMTG,small_airport,Tsetserleg Airport,47.4615,101.4838,5530,AS,Mongolia,,Tsetserleg,true,50
38624,TSW,AYTS,small_airport,Tsewi Airport,-7.0695,146.1272,4185,OC,Papua New Guinea,,Tsewi,true,50
38610,TSI,,small_airport,Tsile Tsile Airport,-6.8498,146.3554,500,OC,Papua New Guinea,,Tsile Tsile,true,50
38818,TYA,,small_airport,Klokovo Air Base,54.239,37.6,499,EU,Russia,,Tula,true,50
38683,TUJ,,small_airport,Tum Airport,6.26,35.5184,4700,AF,Ethiopia,,Tum,true,50
38365,TLP,AYQL,small_airport,Tumolbil Airport,-4.7748,141.0133,3590,OC,Papua New Guinea,,Tumolbil,true,50
38517,TPX,NTTU,small_airport,Tupai Airport,-16.2423,-151.8338,32,OC,French Polynesia,,Tupai Atoll,true,50
38567,TRB,SKTU,heliport,Gonzalo Mejía Airport,8.0719,-76.7401,6,SA,Colombia,,Turbo,true,50
46414,ZTA,NTGY,small_airport,Tureia Airport,-20.7843,-138.568,12,OC,French Polynesia,,Tureia,true,50
38821,TYD,UHBW,small_airport,Tynda Airport,55.2849,124.779,2001,AS,Russia,,Tynda,true,50
38822,TYE,,small_airport,Tyonek Airport,61.0766,-151.1314,110,NA,United States,,Tyonek,true,50
39273,UAX,,small_airport,Uaxactun Airport,17.3939,-89.6327,573,NA,Guatemala,,Uaxactun,true,50
39347,UCZ,,small_airport,Uchiza Airport,-8.467,-76.35,1965,SA,Peru,,Uchiza,true,50
39484,UGS,,small_airport,Ugashik Airport,57.5235,-157.3963,25,NA,United States,,Ugashik,true,50
39594,UJU,ZKUJ,small_airport,Uiju Airport,40.15,124.5011,32,AS,North Korea,,Uiju,true,50
39684,UMC,AYUC,small_airport,Umba Airport,-7.0214,145.966,5950,OC,Papua New Guinea,,Umba,true,50
39701,UMT,PAUM,small_airport,Umiat Airport,69.3711,-152.136,267,NA,United States,,Umiat,true,50
39720,UNC,,small_airport,Unguía Airport,8.0327,-77.0918,120,SA,Colombia,,Unguía,true,50
39477,UGL,SCGC,small_airport,Union Glacier Blue-Ice Runway,-79.7778,-83.3208,2461,AN,Antarctica,,Union Glacier,true,50
42356,WOK,SVUQ,small_airport,Uon Quen Airport,4.984,-61.7301,2820,SA,Venezuela,,Uonquén,true,50
39807,UPR,AYUR,small_airport,Upiara Airport,-8.5411,142.6503,52,OC,Papua New Guinea,,Upiara,true,50
42758,WZQ,,small_airport,Urad Middle Banner Airport,41.4603,108.5391,3996,AS,China,,Urad Middle Banner,true,50
39407,UEN,USDU,small_airport,Urengoy Airport,65.96,78.437,56,EU,Russia,,Urengoy,true,50
39874,URM,SVUM,small_airport,Uriman Airport,5.3581,-62.6716,1148,SA,Venezuela,,Urimán,true,50
39882,URU,AYUE,small_airport,Uroubi Airport,-9.5162,148.5591,481,OC,Papua New Guinea,,Uroubi,true,50
39879,URR,SKUR,small_airport,Urrao Airport,6.3288,-76.1425,6090,SA,Colombia,,Urrao,true,50
39909,USL,YUSL,small_airport,Useless Loop Airport,-26.1579,113.3948,62,OC,Australia,,Useless Loop,true,50
39548,UIK,,small_airport,Ust-Ilimsk Airport,58.1354,102.5561,1339,AS,Russia,,Ust-Ilimsk,true,50
39954,UTU,,small_airport,Ustupu Airport,9.1283,-77.9337,9,NA,Panama,,Ustupu,true,50
40020,UVO,AYUZ,small_airport,Uvol Airport,-6.0178,150.9557,15,OC,Papua New Guinea,,Uvol,true,50
40823,VHZ,NTUV,small_airport,Vahitahi Airport,-18.7807,-138.8557,9,OC,French Polynesia,,Vahitahi,true,50
40623,VCF,,small_airport,Valcheta Airport,-40.7,-66.15,629,SA,Argentina,,Valcheta,true,50
40553,VAH,SLVG,small_airport,Capitán Av. Vidal Villagomez Toledo Airport,-18.4825,-64.0994,6551,SA,Bolivia,,Vallegrande,true,50
41017,VND,FMSU,small_airport,Vangaindrano Airport,-23.3508,47.5817,45,AF,Madagascar,,Vangaindrano,true,50
41166,VRI,ULDW,small_airport,Varandey Airport,68.8485,58.2014,23,AS,Russia,,Varandey,true,50
40565,VAT,FMMY,small_airport,Vatomandry Airport,-19.3833,48.95,39,AF,Madagascar,,Vatomandry,true,50
41235,VTF,NFVL,small_airport,Vatulele Airport,-18.5125,177.639,36,OC,Fiji,,Vatulele,true,50
40625,VCH,SUVO,small_airport,Vichadero Airport,-31.7392,-54.5878,488,SA,Uruguay,,Vichadero,true,50
29572,MTG,,small_airport,Vila Bela da Santíssima Trindade Airport,-14.9955,-59.9457,660,SA,Brazil,,Vila Bela Da Santíssima Trindade,true,50
29574,MTI,GVMT,small_airport,Mosteiros Airport,15.045,-24.3392,66,AF,Cape Verde,,Vila do Mosteiros,true,50
40957,VLP,SWVC,small_airport,Vila Rica Airport,-9.9811,-51.1404,833,SA,Brazil,,Vila Rica,true,50
40787,VGZ,SKVG,small_airport,Villa Garzón Airport,0.9788,-76.6056,1248,SA,Colombia,,Villa Garzón,true,50
13588,AHG,,small_airport,Agalega Island Airstrip,-10.3731,56.6098,4,AF,Mauritius,,Vingt Cinq,true,50
40850,VIQ,WPVQ,small_airport,Viqueque Airport,-8.8838,126.373,500,AS,Timor-Leste,,Viqueque,true,50
40854,VIU,AGVH,small_airport,Viru Harbour Airstrip,-8.5085,157.69,130,OC,Solomon Islands,,Viru,true,50
40855,VIV,,small_airport,Vivigani Airfield,-9.3033,150.3189,117,OC,Papua New Guinea,,Vivigani,true,50
42742,WZA,DGLW,small_airport,Wa Airport,10.0827,-2.5077,1060,AF,Ghana,,Wa,true,50
41856,WAO,AYWB,small_airport,Wabo Airport,-6.9894,145.0751,132,OC,Papua New Guinea,,Wabo,true,50
16080,CEO,FNWK,small_airport,Waco Kungo Airport,-11.4264,15.1014,4324,AF,Angola,,Waco Kungo,true,50
26314,KAY,NFNW,small_airport,Wakaya Island Airport,-17.617,179.017,130,OC,Fiji,,Wakaya Island,true,50
42215,WKN,AYWQ,small_airport,Wakunai Airport,-5.8603,155.2223,20,OC,Papua New Guinea,,Wakunai,true,50
29073,MFL,,small_airport,Mount Full Stop Airport,-19.67,144.8852,1918,OC,Australia,,Wando Vale,true,50
42365,WOT,RCWA,small_airport,Wang'an Airport,23.3691,119.5036,115,AS,Taiwan,,Wang'an,true,50
16766,CXQ,,small_airport,Christmas Creek Station Airport,-18.8728,125.934,540,OC,Australia,,Wangkat Jungka,true,50
42545,WTT,AYWC,small_airport,Wantoat Airport,-6.1325,146.4678,3900,OC,Papua New Guinea,,Wantoat,true,50
42330,WNU,AYWH,small_airport,Wanuma Airport,-4.8961,145.3213,2260,OC,Papua New Guinea,,Wanuma,true,50
41880,WBC,AYWJ,small_airport,Wapolu Airport,-9.3376,150.5093,45,OC,Papua New Guinea,,Wapolu,true,50
42060,WGC,VOWA,small_airport,Warangal Airport,17.9144,79.6022,935,AS,India,,Warangal,true,50
42454,WRA,HAWR,small_airport,Warder Airport,6.9724,45.3334,1850,AF,Ethiopia,,Warder,true,50
40042,UWA,,small_airport,Ware Airport,42.282,-72.2148,483,NA,United States,,Ware,true,50
42504,WSO,SMWS,small_airport,Washabo Airport,5.2153,-57.1853,68,SA,Suriname,,Washabo,true,50
42505,WSP,MNWP,small_airport,Waspam Airport,14.7392,-83.9694,98,NA,Nicaragua,,Waspam,true,50
42510,WSU,AYWS,small_airport,Wasu Airport,-5.9617,147.1982,34,OC,Papua New Guinea,,Wasu,true,50
42490,WSA,AYIW,small_airport,Wasua Airport,-8.2836,142.8697,45,OC,Papua New Guinea,,Wasua,true,50
42574,WUM,,small_airport,Wasum Airport,-6.0491,149.337,175,OC,Papua New Guinea,,Wasum,true,50
42001,WEP,AYXW,small_airport,Weam Airport,-8.6184,141.1381,50,OC,Papua New Guinea,,Weam,true,50
41951,WDB,WAEH,small_airport,Weda Bay Airport,0.4679,127.9482,11,AS,Indonesia,,Weda,true,50
41989,WED,,small_airport,Wedau Airport,-10.0954,150.0826,90,OC,Papua New Guinea,,Wedau,true,50
18527,EAN,KEAN,small_airport,Phifer Airfield,42.0555,-104.929,4776,NA,United States,,Wheatland,true,50
42467,WRN,YWDG,small_airport,Windarling Airport,-30.0323,119.3865,1502,OC,Australia,,Windarling Mine,true,50
42502,WSM,,small_airport,Wiseman Airport,67.4046,-150.123,1180,NA,United States,,Wiseman,true,50
21971,GYB,,small_airport,Port Hedland/Wodgina Airport,-21.0366,118.6429,673,OC,Australia,,Wodgina,true,50
42346,WOA,AYWO,small_airport,Wonenara Airport,-6.7969,145.8919,5028,OC,Papua New Guinea,,Wonenara,true,50
14126,AWE,FOGW,small_airport,Alowe Airport,-0.545,9.444,600,AF,Gabon,,Wonga Wongué Presidential Reserve,true,50
42392,WPK,YWMP,small_airport,Wrotham Park Airport,-16.6589,143.9993,152,OC,Australia,,Wrotham Park,true,50
42114,WHU,,small_airport,Wuhu Wanli Airport / Wuhu Air Base,31.3906,118.409,34,AS,China,,Wuhu,true,50
32172,OTO,,small_airport,Otog Banner Wulan Airport,39.0314,107.9889,4423,AS,China,,Wulan,true,50
29148,MHO,YMHO,small_airport,Mount House Airport,-17.0519,125.7125,948,OC,Australia,,Wunaamin Miliwundi Ranges,true,50
15407,BVZ,YBYS,small_airport,Beverley Springs Airport,-16.7328,125.4391,385,OC,Australia,,Wunaamin Miliwundi Ranges,true,50
28931,MBN,,small_airport,Mount Barnett Airport,-16.7415,125.9056,1339,OC,Australia,,Wunaamin Miliwundi Ranges,true,50
42583,WUV,AYVW,small_airport,Wuvulu Island Airport,-1.7361,142.8367,16,OC,Papua New Guinea,,Wuvulu Island,true,50
14162,AXE,,small_airport,Xanxerê Airport,-26.8751,-52.3729,2986,SA,Brazil,,Xanxerê,true,50
43430,XIE,,small_airport,Xienglom Airport,19.6203,100.8153,1830,AS,Laos,,Xienglom,true,50
43625,XNT,ZBXT,small_airport,Xingtai Dalian Airport,36.8831,114.4293,280,AS,China,,Xingtai,true,50
43432,XIG,,small_airport,Xinguara Municipal Airport,-7.0906,-49.9765,810,SA,Brazil,,Xinguara,true,50
36061,RTP,YRTP,small_airport,Rutland Plains Airport,-15.645,141.8444,15,OC,Australia,,Yagoonya,true,50
21957,GXX,FKKJ,small_airport,Yagoua Airport,10.3561,15.2372,1070,AF,Cameroon,,Yagoua,true,50
44836,YLG,YYAL,small_airport,Yalgoo Airport,-28.3553,116.684,0,OC,Australia,,Yalgoo,true,50
13624,AIG,FEFY,small_airport,Yalinga Airport,6.52,23.26,1975,AF,Central African Republic,,Yalinga,true,50
27177,KYX,AYYE,small_airport,Yalumet Airport,-6.09,147.0117,2600,OC,Papua New Guinea,,Yalumet,true,50
44447,YAN,FZIR,small_airport,Yangambi Airport,0.783,24.467,1378,AF,Democratic Republic of the Congo,,Yangambi,true,50
33247,PNJ,,small_airport,Penglai Shahekou Airport,37.8047,120.8095,20,AS,China,,Yantai,true,50
14202,AYI,,small_airport,Yari Airport,-0.3833,-72.2667,569,SA,Colombia,,Yari,true,50
44438,YAE,,small_airport,Yartsevo Airport,60.255,90.195,210,AS,Russia,,Yartsevo,true,50
40547,VAB,,small_airport,Yavarate Airport,0.6118,-69.2074,349,SA,Colombia,,Yavarate,true,50
33655,PYV,,small_airport,Yaviza Airport,8.1528,-77.687,75,NA,Panama,,Yaviza,true,50
44006,XYE,VYYE,small_airport,Ye Airport,15.3014,97.8643,30,AS,Myanmar,,Ye,true,50
19389,EYL,GAYE,small_airport,Yélimané Airport,15.1237,-10.5712,325,AF,Mali,,Yélimané,true,50
44019,XYR,AYED,small_airport,Edwaki Airport,-3.884,141.7922,190,OC,Papua New Guinea,,Yellow River Mission,true,50
45193,YVD,AYXE,small_airport,Yeva Airport,-7.548,146.188,4510,OC,Papua New Guinea,,Yeva,true,50
44851,YLV,UBEE,small_airport,Yevlakh Airport,40.6319,47.1419,49,AS,Azerbaijan,,Yevlakh,true,50
44585,YEH,,small_airport,Yinchuan Yueyahu Airport,38.5881,106.5398,3727,AS,China,,Yinchuan,true,50
26513,KGH,AYJO,small_airport,Yongai Airport,-8.5289,147.4603,6500,OC,Papua New Guinea,,Yongai,true,50
32100,ORO,MHYR,small_airport,Yoro Airport,15.1275,-87.135,2215,NA,Honduras,,Yoro,true,50
35742,RKU,AYRK,small_airport,Kairuku Airport,-8.817,146.5244,45,OC,Papua New Guinea,,Yule Island,true,50
27807,LGF,KLGF,small_airport,Laguna Army Airfield,32.86,-114.397,433,NA,United States,,Yuma Proving Ground(Yuma),true,50
44038,XZA,DFEZ,small_airport,Zabré Airport,11.167,-0.617,886,AF,Burkina Faso,,Zabré,true,50
13702,AKM,,small_airport,Zakuoma Airport,10.8903,19.8172,1370,AF,Chad,,ZaKouma,true,50
14687,BBZ,FLZB,small_airport,Zambezi Airport,-13.536,23.1056,3538,AF,Zambia,,Zambezi,true,50
46634,ZZE,,small_airport,Zangilan International Airport,39.1144,46.7439,1320,AS,Azerbaijan,,Zangilan,true,50
14249,AZT,,small_airport,Zapatoca Airport,6.7673,-73.2848,6377,SA,Colombia,,Zapatoca,true,50
24144,IMO,FEFZ,small_airport,Zemio Airport,5.0022,25.1019,1995,AF,Central African Republic,,Zemio,true,50
45887,ZEN,AYZA,small_airport,Zenag Airport,-6.9522,146.6163,3200,OC,Papua New Guinea,,Zenag,true,50
19378,EYA,,small_airport,Zeya Airport,53.687,127.091,905,AS,Russia,,Zeya,true,50
23016,HRC,,small_airport,Sary Su Airport,48.3974,70.1915,1307,AS,Kazakhstan,,Zhayrem,true,50
14239,AZJ,ZSDL,small_airport,Zhenjiang Dalu Airport,32.2365,119.7187,16,AS,China,,Zhenjiang,true,50
24155,IMZ,OANZ,small_airport,Nimroz Airport,30.9633,62.0608,1581,AS,Afghanistan,,Ziarat-e Amiran Saseb,true,50
46101,ZKL,,small_airport,Zigong Fengming Airport,29.3765,104.6258,1133,AS,China,,Zigong (Gongjing),true,50
46461,ZUL,OEZL,small_airport,Zilfi Airport,26.35,44.833,1900,AS,Saudi Arabia,,Zilfi,true,50
46036,ZIS,HLZN,small_airport,Alzintan Airport,31.7749,12.2501,2080,AF,Libya,,Zintan,true,50
41865,WAX,HLZW,small_airport,Zuwarah International Airport,32.9523,12.0155,9,AF,Libya,,Zuwarah,true,50
38208,THC,GLTN,small_airport,Tchien Airport,6.0457,-8.1387,790,AF,Liberia,,Zwedru,true,50
22920,HOO,,small_airport,Nhon Co Airfield,11.9787,107.5638,2270,AS,Vietnam,,Đăk R'Lấp,true,50
27950,LKE,,seaplane_base,Kenmore Air Harbor Seaplane Base,47.629,-122.339,14,NA,United States,,Seattle,true,25
26441,KEH,,seaplane_base,Kenmore Air Harbor LLC Seaplane Base,47.7548,-122.259,14,NA,United States,,Kenmore,true,25
46198,ZNA,,seaplane_base,Nanaimo Harbour Water Aerodrome,49.1698,-123.9338,0,NA,Canada,,Nanaimo,true,25
25607,JRB,,heliport,Downtown Manhattan Heliport,40.7007,-74.0086,7,NA,United States,,New York,true,25
25606,JRA,,heliport,West 30th Street Heliport,40.7551,-74.0069,7,NA,United States,,New York,true,25
19864,FBS,,seaplane_base,Friday Harbor Seaplane Base,48.5373,-123.01,0,NA,United States,,Friday Harbor,true,25
21286,GFA,,heliport,Malmstrom Air Force Base,47.5047,-111.187,3472,NA,United States,,Great Falls,true,25
42023,WFB,,seaplane_base,Ketchikan Harbor Seaplane Base,55.3499,-131.677,0,NA,United States,,Ketchikan,true,25
29423,MPB,,seaplane_base,Miami Seaplane Base,25.7831,-80.1775,0,NA,United States,,Miami,true,25
46400,ZSW,CZSW,seaplane_base,Prince Rupert/Seal Cove Seaplane Base,54.3333,-130.283,0,NA,Canada,,Prince Rupert,true,25
45133,YTP,,seaplane_base,Tofino Harbour Seaplane Base,49.155,-125.91,0,NA,Canada,,Tofino,true,25
13559,AGN,PAGN,seaplane_base,Angoon Seaplane Base,57.4971,-134.5672,0,NA,United States,,Angoon,true,25
25049,JBT,,seaplane_base,Bethel Seaplane Base,60.782,-161.743,15,NA,United States,,Bethel,true,25
16837,CZP,,seaplane_base,Cape Pole Seaplane Base,55.9663,-133.797,0,NA,United States,,Cape Pole,true,25
17520,DIO,,heliport,Diomede Heliport,65.7584,-168.9537,20,NA,United States,,Diomede,true,25
45090,YSI,,seaplane_base,Parry Sound/Frying Pan Island-Sans Souci Seaplane Base,45.1733,-80.1375,580,NA,Canada,,Frying Pan Island,true,25
23272,HYG,PAHY,seaplane_base,Hydaburg Seaplane Base,55.2052,-132.8303,0,NA,United States,,Hydaburg,true,25
14991,BKF,,seaplane_base,Lake Brooks Seaplane Base,58.5548,-155.777,36,NA,United States,,Katmai National Park,true,25
42213,WKL,,heliport,Waikoloa Heliport,19.9205,-155.8606,119,OC,United States,,Waikoloa Village,true,25
15958,CBA,,heliport,Alpine Heliport,49.8636,-119.568,1640,NA,Canada,,West Kelowna,true,25
13852,AOS,,seaplane_base,Amook Bay Seaplane Base,57.4715,-153.815,0,NA,United States,,Amook Bay,true,25
15099,BNF,,seaplane_base,Baranof Warm Springs Float and Seaplane Base,57.0888,-134.8331,0,NA,United States,,Baranof,true,25
26330,KBE,,seaplane_base,Bell Island Hot Springs Seaplane Base,55.9291,-131.572,0,NA,United States,,Bell Island,true,25
16798,CYM,,seaplane_base,Chatham Seaplane Base,57.5149,-134.946,0,NA,United States,,Chatham,true,25
26348,KBW,,seaplane_base,Chignik Bay Seaplane Base,56.2956,-158.401,0,NA,United States,,Chignik,true,25
45242,YWQ,,seaplane_base,Chute-Des-Passes/Lac Margane Seaplane Base,49.9434,-71.138,1310,NA,Canada,,Chutes-des-Passes,true,25
18932,ELW,,seaplane_base,Ellamar Seaplane Base,60.8938,-146.704,0,NA,United States,,Ellamar,true,25
19350,EXI,,seaplane_base,Excursion Inlet Seaplane Base,58.4205,-135.449,0,NA,United States,,Excursion Inlet,true,25
22570,HEY,,heliport,Hanchey Army (Fort Rucker) Heliport,31.346,-85.6543,317,NA,United States,,Fort Rucker Ozark,true,25
20295,FNR,PANR,seaplane_base,Funter Bay Seaplane Base,58.2544,-134.898,0,NA,United States,,Funter Bay,true,25
21578,GNE,,heliport,Ghent/Industry Zone Heliport,51.0206,3.7303,26,EU,Belgium,,Gent,true,25
15223,BQV,,seaplane_base,Bartlett Cove Seaplane Base,58.4552,-135.885,0,NA,United States,,Gustavus,true,25
23277,HYL,,seaplane_base,Hollis Clark Bay Seaplane Base,55.4815,-132.646,0,NA,United States,,Hollis,true,25
42097,WHD,,seaplane_base,Hyder Seaplane Base,55.9033,-130.01,0,NA,United States,,Hyder,true,25
26294,KAE,,seaplane_base,Kake Seaplane Base,56.973,-133.946,0,NA,United States,,Kake,true,25
26661,KKL,,seaplane_base,Karluk Lake Seaplane Base,57.367,-154.028,368,NA,United States,,Karluk Lake,true,25
27118,KXA,,seaplane_base,Kasaan Seaplane Base,55.5374,-132.398,0,NA,United States,,Kasaan,true,25
13751,ALZ,,seaplane_base,Alitak Seaplane Base,56.8973,-154.2497,0,NA,United States,,Lazy Bay,true,25
44455,YAV,,seaplane_base,Mayne Island Seaplane Base,48.8522,-123.302,0,NA,Canada,,Miners Bay,true,25
26831,KPB,,seaplane_base,Point Baker Seaplane Base,56.3519,-133.623,0,NA,United States,,Point Baker,true,25
33456,PTC,,seaplane_base,Port Alice Seaplane Base,55.803,-133.597,0,NA,United States,,Port Alice,true,25
26854,KPY,,seaplane_base,Port Bailey Seaplane Base,57.9313,-153.0408,0,NA,United States,,Port Bailey,true,25
26847,KPR,,seaplane_base,Port Williams Seaplane Base,58.4901,-152.582,0,NA,United States,,Port Williams,true,25
45059,YRN,,seaplane_base,Rivers Inlet Seaplane Base,51.684,-127.264,0,NA,Canada,,Rivers Inlet,true,25
36896,SGW,,seaplane_base,Saginaw Seaplane Base,56.8863,-134.158,0,NA,United States,,Saginaw Bay,true,25
44656,YGG,,seaplane_base,Ganges Seaplane Base,48.8545,-123.4969,0,NA,Canada,,Salt Spring Island,true,25
42491,WSB,,seaplane_base,Steamboat Bay Seaplane Base,55.5327,-133.6382,0,NA,United States,,Steamboat Bay,true,25
45124,YTG,,seaplane_base,Sullivan Bay Seaplane Base,50.8854,-126.8311,0,NA,Canada,,Sullivan Bay,true,25
46432,ZTS,,seaplane_base,Tahsis Seaplane Base,49.92,-126.655,0,NA,Canada,,Tahsis,true,25
38318,TKE,,seaplane_base,Tenakee Seaplane Base,57.7797,-135.218,0,NA,United States,,Tenakee Springs,true,25
26975,KTB,,seaplane_base,Thorne Bay Seaplane Base,55.6828,-132.5329,0,NA,United States,,Thorne Bay,true,25
26981,KTH,,seaplane_base,Tikchik Lodge Seaplane Base,59.9632,-158.477,304,NA,United States,,Tikchik,true,25
38322,TKI,,seaplane_base,Tokeen Seaplane Base,55.9371,-133.327,0,NA,United States,,Tokeen,true,25
30546,NKI,,seaplane_base,Naukati Bay Seaplane Base,55.8496,-133.228,0,NA,United States,,Tuxekan Island,true,25
27087,KWF,,seaplane_base,Waterfall Seaplane Base,55.2963,-133.243,0,NA,United States,,Waterfall,true,25
45930,ZFU,,heliport,Unifly Heliport,-23.4086,-46.3306,2641,SA,Brazil,,Arujá,true,25
34298,QGQ,,heliport,Attu Heliport,67.9407,-53.6219,32,NA,Greenland,,Attu,true,25
44475,YBF,,seaplane_base,Bamfield Seaplane Base,48.836,-125.1375,0,NA,Canada,,Bamfield,true,25
44492,YBW,,seaplane_base,Bedwell Harbour Seaplane Base,48.75,-123.233,0,NA,Canada,,Bedwell Harbour,true,25
45105,YSX,,seaplane_base,Bella Bella/Shearwater Seaplane Base,52.15,-128.083,0,NA,Canada,,Bella Bella,true,25
37533,SYL,,heliport,Roberts Army Heliport,35.815,-120.744,630,NA,United States,,Camp Roberts/San Miguel,true,25
44693,YHH,,seaplane_base,Campbell River Seaplane Base,50.05,-125.25,0,NA,Canada,,Campbell River,true,25
26375,KCN,,seaplane_base,Chernofski Harbor Seaplane Base,53.4029,-167.5203,0,NA,United States,,Chernofski Harbor,true,25
25285,JID,,heliport,Recreation and Conference Center Heliport,34.0205,-117.9274,701,NA,United States,,City of Industry,true,25
26364,KCC,PAKC,seaplane_base,Coffman Cove Seaplane Base,56.0126,-132.8351,0,NA,United States,,Coffman Cove,true,25
16138,CGA,,seaplane_base,Craig Seaplane Base,55.4788,-133.148,0,NA,United States,,Craig,true,25
18931,ELV,PAEL,seaplane_base,Elfin Cove Seaplane Base,58.1952,-136.347,0,NA,United States,,Elfin Cove,true,25
22445,HBH,,seaplane_base,Entrance Island Seaplane Base,57.4122,-133.4385,0,NA,United States,,Entrance Island,true,25
33434,PSQ,,seaplane_base,Philadelphia Seaplane Base,39.859,-75.2996,0,NA,United States,,Essington,true,25
19820,FAK,,seaplane_base,False Island Seaplane Base,57.5322,-135.213,0,NA,United States,,False Island,true,25
44625,YFL,,seaplane_base,Fort Reliance Seaplane Base,62.7,-109.167,514,NA,Canada,,Fort Reliance,true,25
28107,LOR,,heliport,Lowe AHP (Fort Rucker) Heliport,31.3558,-85.7512,294,NA,United States,,Fort Rucker Ozark,true,25
21221,GDH,,seaplane_base,Golden Horn Lodge Seaplane Base,59.747,-158.875,91,NA,United States,,Golden Horn Lodge,true,25
45119,YTB,,seaplane_base,Hartley Bay Seaplane Base,53.4167,-129.25,0,NA,Canada,,Hartley Bay,true,25
23202,HWI,,seaplane_base,Hawk Inlet Seaplane Base,58.1274,-134.756,0,NA,United States,,Hawk Inlet,true,25
26579,KIB,,seaplane_base,Ivanof Bay Seaplane Base,55.8975,-159.489,0,NA,United States,,Ivanof Bay,true,25
22637,HGT,,heliport,Tusi (Hunter Liggett) Army Heliport,35.9935,-121.237,1017,NA,United States,,Jolon,true,25
44804,YKK,,seaplane_base,Kitkatla Seaplane Base,53.8,-130.433,0,NA,Canada,,Kitkatla,true,25
26651,KKB,,seaplane_base,Kitoi Bay Seaplane Base,58.1909,-152.37,0,NA,United States,,Kitoi Bay,true,25
42255,WLR,,seaplane_base,Loring Seaplane Base,55.6013,-131.637,0,NA,United States,,Loring,true,25
15997,CCD,,heliport,Century City Heliport,34.0608,-118.418,473,NA,United States,,Los Angeles,true,25
44886,YMU,,seaplane_base,Mansons Landing Seaplane Base,50.0714,-124.9836,0,NA,Canada,,Mansons Landing,true,25
29578,MTM,PAMM,seaplane_base,Metlakatla Seaplane Base,55.131,-131.578,0,NA,United States,,Metlakatla,true,25
42284,WMK,,seaplane_base,Meyers Chuck Seaplane Base,55.7396,-132.255,0,NA,United States,,Meyers Chuck,true,25
26746,KMY,,seaplane_base,Moser Bay Seaplane Base,57.0256,-154.146,0,NA,United States,,Moser Bay,true,25
31060,NYS,,seaplane_base,New York Skyports Inc Seaplane Base,40.7351,-73.9728,0,NA,United States,,New York,true,25
46239,ZOF,,seaplane_base,Ocean Falls Seaplane Base,52.3667,-127.717,0,NA,Canada,,Ocean Falls,true,25
26818,KOY,,seaplane_base,Olga Bay Seaplane Base,57.1615,-154.23,0,NA,United States,,Olga Bay,true,25
32916,PEC,,seaplane_base,Pelican Seaplane Base,57.9552,-136.236,0,NA,United States,,Pelican,true,25
33645,PYL,,seaplane_base,Perry Island Seaplane Base,60.6853,-147.919,0,NA,United States,,Perry Island,true,25
33457,PTD,PAAP,seaplane_base,Port Alexander Seaplane Base,56.2468,-134.648,0,NA,United States,,Port Alexander,true,25
33331,PPV,,seaplane_base,Port Protection Seaplane Base,56.3288,-133.61,0,NA,United States,,Port Protection,true,25
33579,PWR,,seaplane_base,Port Walter Seaplane Base,56.381,-134.651,0,NA,United States,,Port Walter,true,25
33501,PUL,,seaplane_base,Port of Poulsbo Marina Moorage Seaplane Base,47.734,-122.647,0,NA,United States,,Poulsbo,true,25
42393,WPL,,seaplane_base,Powell Lake Seaplane Base,49.8873,-124.5337,174,NA,Canada,,Powell River,true,25
46324,ZQS,,seaplane_base,Queen Charlotte City Seaplane Base,53.2528,-132.0742,0,NA,Canada,,Queen Charlotte,true,25
45085,YSD,CYSD,heliport,Canadian Forces Base Suffield Heliport,50.2764,-111.1802,2525,NA,Canada,,Ralston,true,25
36019,RSJ,,seaplane_base,Rosario Seaplane Base,48.6457,-122.868,0,NA,United States,,Rosario,true,25
36033,RSX,,seaplane_base,Rouses Point Seaplane Base,44.9917,-73.3631,95,NA,United States,,Rouses Point,true,25
28990,MDA,,heliport,Martindale Army Heliport,29.4313,-98.3778,674,NA,United States,,San Antonio,true,25
39474,UGI,,seaplane_base,San Juan /Uganik/ Seaplane Base,57.7304,-153.321,0,NA,United States,,San Juan,true,25
37214,SPQ,,heliport,Catalina Air-Sea Terminal Heliport,33.7492,-118.275,5,NA,United States,,San Pedro,true,25
44728,YIG,,seaplane_base,Big Bay Seaplane Base,50.3923,-125.1372,0,NA,Canada,,Stuart Island,true,25
44993,YPT,,seaplane_base,Pender Harbour Seaplane Base,49.6238,-124.0249,0,NA,Canada,,Sunshine Coast,true,25
22406,HAE,,heliport,Lava Falls Heliport,36.1916,-113.092,1720,NA,United States,,Supai Village,true,25
38325,TKL,PTFK,seaplane_base,Taku Lodge Seaplane Base,58.4916,-133.9416,0,NA,United States,,Taku Lodge,true,25
25547,JPN,,heliport,Pentagon Army Heliport,38.8749,-77.0567,40,NA,United States,,Washington DC,true,25
27097,KWP,,seaplane_base,West Point Village Seaplane Base,57.7701,-153.549,0,NA,United States,,West Point,true,25
42513,WSX,,seaplane_base,Westsound/WSX Seaplane Base,48.6179,-122.9569,0,NA,United States,,West Sound,true,25
42649,WWP,,seaplane_base,Whale Pass Seaplane Float Harbor Facility,56.1163,-133.122,0,NA,United States,,Whale Pass,true,25
45243,YWR,,seaplane_base,White River Seaplane Base,48.6269,-85.2233,1380,NA,Canada,,White River,true,25
42707,WYB,,seaplane_base,Yes Bay Lodge Seaplane Base,55.9163,-131.801,0,NA,United States,,Yes Bay,true,25
22669,HHP,VHSS,heliport,Shun Tak Heliport,22.2889,114.1524,107,AS,Hong Kong,,Central and Western,true,0
29135,MHB,,heliport,Mechanics Bay Heliport,-36.8465,174.7879,5,OC,New Zealand,,Auckland City,true,0
16589,CST,NFCS,seaplane_base,Castaway Island Seaplane Base,-17.7358,177.129,0,OC,Fiji,,Castaway Island,true,0
26459,KEZ,,seaplane_base,Kelani-Peliyagoda Seaplane Base,6.95,79.93,0,AS,Sri Lanka,,Colombo,true,0
22559,HEN,,heliport,Hernesaari Heliport,60.1478,24.9244,7,EU,Finland,,Helsinki,true,0
24218,IOQ,,heliport,Isortoq Heliport,65.5478,-38.9766,92,NA,Greenland,,Isortoq,true,0
44813,YKT,,seaplane_base,Klemtu Water Aerodrome,52.6076,-128.5218,0,NA,Canada,,Klemtu,true,0
46238,ZOE,,heliport,Ludwigshafen Accident Hospital Heliport,49.4865,8.3892,313,EU,Germany,,Ludwigshafen am Rhein,true,0
33365,PQT,,heliport,Qeqertaq Heliport,69.9959,-51.3009,69,NA,Greenland,,Qeqertaq,true,0
13817,ANT,LOIC,heliport,Sankt Anton am Arlberg Heliport,47.1196,10.2405,4730,EU,Austria,,Sankt Anton am Arlberg,true,0
44050,XZM,,heliport,Macau Heliport at Outer Harbour Ferry Terminal,22.1962,113.5594,0,AS,Macau,,Sé,true,0
37523,SYB,,seaplane_base,Seal Bay Seaplane Base,58.3733,-152.2018,0,NA,United States,,Seal Bay,true,0
36014,RSE,,seaplane_base,Rose Bay Seaplane Base,-33.869,151.262,0,OC,Australia,,Sydney,true,0
38530,TQA,BGTA,heliport,Tasiusaq Heliport,73.3731,-56.0603,181,NA,Greenland,,Tasiusaq,true,0
44486,YBQ,,seaplane_base,Telegraph Harbour Seaplane Base,48.97,-123.664,0,NA,Canada,,Thetis Island,true,0
17885,DST,,seaplane_base,Dubai Seaplane Terminal,25.263,55.272,0,AS,United Arab Emirates,,,true,0
34807,QUV,,heliport,Aappilattoq Heliport,60.1484,-44.2869,30,NA,Greenland,,Aappilattoq,true,0
14206,AYM,,seaplane_base,Yas Island Seaplane Base,24.467,54.6103,0,AS,United Arab Emirates,,Abu Dhabi,true,0
34808,QUW,,heliport,Ammassivik Heliport,60.5974,-45.3824,71,NA,Greenland,,Ammassivik,true,0
13520,AFK,,seaplane_base,Kondavattavana Tank Seaplane Base,7.284,81.644,95,AS,Sri Lanka,,Ampara,true,0
25616,JRK,,heliport,Arsuk Heliport,61.1768,-48.4197,66,NA,Greenland,,Arsuk,true,0
25001,JAH,,heliport,Zi Les Paluds Heliport,43.2867,5.6039,379,EU,France,,Aubagne,true,0
44479,YBJ,,seaplane_base,Baie-Johan-Beetz Water Aerodrome,50.2837,-62.81,0,NA,Canada,,Baie-Johan-Beetz,true,0
33349,PQD,,heliport,Passikudah Helipad,7.9231,81.5677,26,AS,Sri Lanka,,Batticaloa,true,0
14969,BJT,,seaplane_base,Bentota River Waterdrome,6.431,79.996,0,AS,Sri Lanka,,Bentota,true,0
43175,XBB,,seaplane_base,Blubber Bay Seaplane Base,49.794,-124.6211,0,NA,Canada,,Blubber Bay,true,0
15101,BNH,,seaplane_base,Cape Air Seaplanes on Boston Harbor Seaplane Base,42.3525,-71.0258,0,NA,United States,,Boston,true,0
44663,YGN,,seaplane_base,Greenway Sound Seaplane Base,50.839,-126.775,0,NA,Canada,,Broughton Island,true,0
44477,YBH,,seaplane_base,Bull Harbour Water Aerodrome,50.9179,-127.9372,0,NA,Canada,,Bull Harbour,true,0
25075,JCJ,,heliport,Chuja Port Heliport,33.9412,126.3249,0,AS,South Korea,,"Chuja, Hach’uja-do (Chujado Islands)",true,0
15511,BYV,,seaplane_base,Beira Lake Seaplane Base,6.9294,79.8542,17,AS,Sri Lanka,,Colombo,true,0
17446,DGM,,seaplane_base,Dandugama Seaplane Base,7.1079,79.8721,0,AS,Sri Lanka,,Colombo,true,0
25080,JCO,,heliport,Comino Heliport,36.0101,14.3473,213,EU,Malta,,Comino,true,0
44511,YCF,,seaplane_base,Cortes Bay Water Aerodrome,50.063,-124.93,0,NA,Canada,,Cortes Bay,true,0
36987,SJF,,seaplane_base,Cruz Bay Seaplane Base,18.3315,-64.796,0,NA,U.S. Virgin Islands,,Cruz Bay,true,0
17274,DBU,,seaplane_base,Dambulu Oya Tank Seaplane Base,7.8604,80.6304,535,AS,Sri Lanka,,Dambulla,true,0
17471,DHB,,seaplane_base,Deer Harbor SPB,48.6167,-123.0028,0,NA,United States,,Deer Harbor,true,0
45048,YRC,,seaplane_base,Refuge Cove Seaplane Base,50.1234,-124.843,0,NA,Canada,,Desolation Sound,true,0
17528,DIW,,seaplane_base,Mawella Lagoon Seaplane Base,5.9902,80.7331,16,AS,Sri Lanka,,Dickwella,true,0
18622,EDA,,seaplane_base,Edna Bay Seaplane Base,55.9497,-133.661,0,NA,United States,,Edna Bay,true,0
18963,EMR,,heliport,El Mirador Heliport,17.7521,-89.9249,0,NA,Guatemala,,El Mirador,true,0
34252,QFG,,heliport,Eqalugaarsuit Heliport,60.6197,-45.9141,9,NA,Greenland,,Eqalugaarsuit,true,0
20037,FGL,,heliport,Fox Heliport,-43.4631,170,0,OC,New Zealand,,Fox,true,0
25186,JFM,,heliport,Fremantle Heliport,-32.0451,115.733,10,OC,Australia,,Fremantle,true,0
37527,SYF,,seaplane_base,Silva Bay Seaplane Base,49.151,-123.698,0,NA,Canada,,Gabriola Island,true,0
44871,YMF,,seaplane_base,Montague Harbour Seaplane Base,48.8922,-123.3922,0,NA,Canada,,Galiano Island,true,0
44654,YGE,,seaplane_base,Gorge Harbour Seaplane Base,50.0994,-125.0235,0,NA,Canada,,Gorge Harbour,true,0
22457,HBT,,seaplane_base,Hambantota Seaplane Base,6.124,81.103,0,AS,Sri Lanka,,Hambantota,true,0
30903,NUF,,seaplane_base,Castlereagh Lake Seaplane Base,6.86,80.584,3580,AS,Sri Lanka,,Hatton,true,0
44688,YHC,,seaplane_base,Hakai Passage Water Aerodrome,51.6697,-128.0818,0,NA,Canada,,Hecate Island,true,0
34269,QFX,,heliport,Igaliku Heliport,60.9923,-45.4314,0,NA,Greenland,,Igaliku,true,0
34254,QFI,BGIG,heliport,Iginniarfik Heliport,68.1458,-53.1692,50,NA,Greenland,,Iginniarfik,true,0
24221,IOT,,heliport,Illorsuit Heliport,71.2419,-53.5629,154,NA,Greenland,,Illorsuit,true,0
24426,IUI,,heliport,Innarsuit Heliport,73.1999,-56.0108,95,NA,Greenland,,Innarsuit,true,0
24330,IRU,,seaplane_base,Iranamadu Seaplane Base,9.2997,80.4486,102,AS,Sri Lanka,,Iranamadu,true,0
31534,OBY,,heliport,Ittoqqortoormiit Heliport,70.4882,-21.9717,238,NA,Greenland,,Ittoqqortoormiit,true,0
17264,DBK,,seaplane_base,Dutch Bay SPB,8.273,79.756,0,AS,Sri Lanka,,Kalpitiya Island,true,0
26420,KDW,,seaplane_base,Victoria Reservoir Seaplane Base,7.2415,80.7834,1402,AS,Sri Lanka,,Kandy,true,0
26423,KDZ,,seaplane_base,Polgolla Reservoir Seaplane Base,7.3251,80.6422,1473,AS,Sri Lanka,,Kandy,true,0
26522,KGQ,,heliport,Kangersuatsiaq Heliport,72.3811,-55.5366,112,NA,Greenland,,Kangersuatsiaq,true,0
25227,JGR,,heliport,Kangilinnguit Heliport,61.229,-48.097,101,NA,Greenland,,Kangilinnguit,true,0
27066,KVU,,seaplane_base,Korolevu Seaplane Base,-18.2156,177.7298,0,OC,Fiji,,Korolevu,true,0
26558,KHQ,,heliport,Kullorsuaq Heliport,74.5781,-57.2268,148,NA,Greenland,,Kullorsuaq,true,0
27035,KUZ,,heliport,Kuummiut Heliport,65.8639,-36.9979,89,NA,Greenland,,Kuummiut,true,0
22417,HAP,,heliport,Happy Bay Helipad,-20.3358,148.8525,13,OC,Australia,,Long Island,true,0
44450,YAQ,,seaplane_base,Maple Bay Seaplane Base,48.8167,-123.6084,0,NA,Canada,,Maple Bay,true,0
26297,KAH,,heliport,"Melbourne Heliport, Batman Park",-37.8223,144.9568,10,OC,Australia,,Melbourne,true,0
46218,ZNU,,seaplane_base,Namu Water Aerodrome,51.8628,-127.8694,0,NA,Canada,,Namu,true,0
15465,BXL,,seaplane_base,Blue Lagoon Seaplane Base,-16.943,177.368,0,OC,Fiji,,Nanuya Lailai Island,true,0
38649,TTL,,seaplane_base,Turtle Island Seaplane Base,-16.966,177.368,0,OC,Fiji,,Nanuya Levu Island,true,0
34259,QFN,,heliport,Narsarmijit Heliport,60.0047,-44.6569,44,NA,Greenland,,Narsarmijit,true,0
30482,NIQ,,heliport,Niaqornat Heliport,70.7894,-53.6629,10,NA,Greenland,,Niaqornat,true,0
25734,JUU,,heliport,Nuugaatsiaq Heliport,71.5388,-53.205,57,NA,Greenland,,Nuugaatsiaq,true,0
30842,NSQ,,heliport,Nuussuaq Heliport,74.1099,-57.065,184,NA,Greenland,,Nuussuaq,true,0
30898,NUA,,seaplane_base,Nuwara Eliya (Lake Gregory) Waterdrome,6.9561,80.7793,6157,AS,Sri Lanka,,Nuwara Eliya,true,0
33674,PZE,EGHK,heliport,Penzance Heliport,50.1304,-5.5139,0,EU,United Kingdom,,"Penzance, Cornwall",true,0
14218,AYY,,seaplane_base,Arugam Bay SPB,6.86,81.8239,0,AS,Sri Lanka,,Pottuvil,true,0
22959,HPR,,heliport,Pretoria Central Heliport,-25.6557,28.2206,4087,AF,South Africa,,Pretoria,true,0
34397,QJH,,heliport,Qassimiut Heliport,60.781,-47.1562,29,NA,Greenland,,Qassimiut,true,0
45019,YQJ,,seaplane_base,April Point Seaplane Base,50.065,-125.235,0,NA,Canada,,Quadra Island,true,0
45850,ZDM,,heliport,Ramallah Heliport,31.9112,35.2076,2858,AS,Palestinian Territory,,Ramallah,true,0
34586,QOQ,BGSO,heliport,Saarloq Heliport,60.5378,-46.0247,0,NA,Greenland,,Saarloq,true,0
36662,SAE,BGST,heliport,Saattut Heliport,70.8112,-51.6313,131,NA,Greenland,,Saattut,true,0
29531,MSB,,seaplane_base,Marigot Seaplane Base,18.0696,-63.087,0,NA,Saint Martin,,Saint Martin,true,0
44443,YAJ,,seaplane_base,Lyall Harbour Seaplane Base,48.7953,-123.1818,0,NA,Canada,,Saturna Island,true,0
37431,SVR,BGSV,heliport,Savissivik Heliport,76.0186,-65.1177,24,NA,Greenland,,Savissivik,true,0
43989,XXX,XXXX,heliport,Serik Bus Station Helipad,36.9133,31.0837,90,AS,Turkey,,Serik,true,0
36880,SGG,BGSG,heliport,Sermiligaaq Heliport,65.9059,-36.3783,33,NA,Greenland,,Sermiligaaq,true,0
37280,SRK,BGSI,heliport,Siorapaluk Heliport,77.7865,-70.6387,102,NA,Greenland,,Siorapaluk,true,0
37170,SOI,,heliport,South Molle Island Helipad,-20.2622,148.8399,15,OC,Australia,,South Molle Island Resort,true,0
18024,DWO,,seaplane_base,Diyawanna Oya Seaplane Base,6.9066,79.909,10,AS,Sri Lanka,,Sri Jayawardenepura Kotte,true,0
37347,STF,YSTI,seaplane_base,Stephens Island Seaplane Base,-9.51,143.55,0,OC,Australia,,Stephens Island,true,0
27629,LBH,,seaplane_base,Palm Beach Seaplane Base,-33.5871,151.3234,0,OC,Australia,,Sydney,true,0
13558,AGM,,heliport,Tasiilaq Heliport,65.6123,-37.6183,24,NA,Greenland,,Tasiilaq,true,0
43298,XEQ,BGTQ,heliport,Tasiusaq Heliport,60.1943,-44.8134,21,NA,Greenland,,Tasiusak,true,0
38538,TQI,BGTN,heliport,Tiniteqilaaq Heliport,65.892,-37.7834,15,NA,Greenland,,Tiniteqilaaq,true,0
38660,TTW,,seaplane_base,Tissa Tank Waterdrome,6.2876,81.2906,75,AS,Sri Lanka,,Tissamaharama,true,0
38479,TOV,,seaplane_base,Tortola West End Seaplane Base,18.45,-64.5833,0,NA,British Virgin Islands,,Tortola,true,0
35365,RAD,,seaplane_base,Road Town Seaplane Base,18.4183,-64.6174,0,NA,British Virgin Islands,,Tortola,true,0
38228,THW,,seaplane_base,Trincomalee Harbor Waterdrome,8.56,81.22,0,AS,Sri Lanka,,Trincomalee,true,0
38356,TLG,AGTI,heliport,Tulaghi Heliport,-9.108,160.1492,3,OC,Solomon Islands,,Tulaghi Island,true,0
38753,TWH,,seaplane_base,Two Harbors Amphibious Terminal,33.4322,-118.5086,0,NA,United States,,Two Harbors,true,0
25724,JUK,BGUT,heliport,Ukkusissat Heliport,71.0494,-51.89,223,NA,Greenland,,Ukkusissat,true,0
17334,DDI,,heliport,Daydream Island Helipad,-20.2603,148.8136,8,OC,Australia,,Whitsundays,true,0
27191,KZB,,seaplane_base,Zachar Bay Seaplane Base,57.553,-153.7461,0,NA,United States,,Zachar Bay,true,0
46043,ZIZ,OPZM,heliport,Zamzama Heliport,26.7109,67.6672,128,AS,Pakistan,,Zamzama Gas Field,true,0
45959,ZGN,,seaplane_base,Zhongshan Ferry Port,22.5193,113.3613,0,AS,China,,Zhongshan,true,0